id,price
0,4513.447592879647
1,11672.451277381864
2,4634.847177009871
3,60240.843793890774
4,47132.928748051985
5,58984.11524915196
6,13460.196751575117
7,64208.968090063514
8,10960.367793935542
9,6521.7469053965715
10,5849.026520849826
11,6107.3759351567205
12,5738.989119360058
13,64187.050677253
14,46323.17643989296
15,4278.738726452341
16,5517.205660926471
17,4923.630515515722
18,4436.3496887332585
19,55676.681981765454
20,5924.376950104652
21,5842.739381682205
22,52824.48220170991
23,54235.67599630627
24,5756.186004753464
25,5118.330973985227
26,5817.269889446361
27,5728.630355364538
28,5648.192984303467
29,60221.1017484969
30,7751.169663499274
31,53138.92019155547
32,4843.690310685192
33,45534.97877846162
34,4688.222555849157
35,4683.345419275718
36,5648.926661383096
37,4709.975567454962
38,4189.579405459209
39,10968.689153726527
40,5538.882417024938
41,3193.9219650085342
42,49325.66403458758
43,5024.375940191893
44,4745.550942890733
45,6393.194690579243
46,50512.59790729381
47,59950.44074932067
48,5013.752784638115
49,5695.818511084596
50,5052.05929995685
51,54260.05126662548
52,5770.703103549508
53,6831.492107964397
54,5252.892862695386
55,4848.039899566807
56,6073.937587355642
57,14073.85296287177
58,6141.585536297409
59,4522.010935859576
60,7939.69156654996
61,4950.6544734523095
62,3862.7682264065274
63,44792.31017946013
64,5013.11957574585
65,5852.614548498584
66,62234.19072283824
67,3843.2084620236596
68,69046.20238725039
69,64918.08555048632
70,1445.6986656735144
71,2242.6908567207747
72,57425.52698667776
73,7294.305606023196
74,6590.873700938444
75,6209.654330222667
76,4654.587711819437
77,5748.288836119918
78,8837.214398538394
79,6303.748783103734
80,8121.515586849019
81,7986.561697360679
82,45006.1421781033
83,6643.019713276922
84,1779.8209639436686
85,6608.724594034531
86,43333.67346261964
87,6360.165660167393
88,2975.215769397043
89,7708.799397008802
90,5899.447103237145
91,4573.801305987977
92,50787.22149321318
93,50741.99342016333
94,5340.173364135508
95,5454.747366867858
96,6321.927231630497
97,7792.034588137184
98,12627.897125019463
99,32506.193339777925
100,56299.464855470804
101,59493.41003133108
102,3772.5066510041543
103,2761.046279432121
104,6088.713541143708
105,52129.4764046352
106,14826.809195856678
107,9283.205247674276
108,7711.4067370115245
109,11555.423836247523
110,4624.861280120936
111,6340.164958169041
112,26560.641949714045
113,5569.331484942079
114,5209.493920556415
115,49283.63384285095
116,8742.494133242111
117,6481.256524966091
118,60987.640568674855
119,50509.71672302759
120,4397.9178719839365
121,2669.296731738619
122,4041.2924816134328
123,72886.19144648795
124,56143.823750825984
125,4852.849161138116
126,4391.578703901565
127,9534.58997741454
128,3685.1329021335696
129,34414.313783801284
130,9501.715354670729
131,52485.11192081876
132,6101.7153483447455
133,4944.000389894762
134,24848.921711530013
135,59003.313110303316
136,5839.356578552046
137,7163.639979229975
138,2482.0215873757234
139,6130.218416244608
140,4576.649800241094
141,4498.587684346514
142,52962.60719394537
143,5504.906511598418
144,12378.231198541282
145,59184.406462114355
146,10604.355585485819
147,3877.4950333356924
148,4157.34376851237
149,6764.995786004311
150,4575.927978216659
151,55221.00422525953
152,5303.121247146671
153,60080.82921531641
154,7510.739236695686
155,60347.64888033125
156,9103.307004523904
157,4183.687137936474
158,4559.676108723048
159,5963.106272917192
160,5138.891217973116
161,16151.086097451636
162,5777.581874755459
163,6256.097837435958
164,4365.382197828478
165,3302.6668462318135
166,62016.03541825393
167,6648.169789418729
168,4261.260068526128
169,6388.062767778119
170,4283.253876738721
171,5942.401210202417
172,5230.528639138063
173,61692.27373725925
174,3358.0738853859207
175,77100.40640137062
176,6714.399163767457
177,6424.235915569922
178,12879.30353343549
179,6486.598061225712
180,64497.73374512515
181,38343.27217358178
182,5921.515076030548
183,5248.404425878126
184,11087.077958636208
185,11311.800339464195
186,6491.4461402468705
187,6304.523599307683
188,57387.0102894136
189,6008.484241358868
190,4982.1891689395325
191,52476.89767639841
192,11721.338852513207
193,5177.584693397151
194,14240.292175346473
195,5764.00854960556
196,10772.16293602964
197,15774.882859530007
198,9888.723166892414
199,5251.846774940732
200,3211.3685412234486
201,5530.777801703411
202,56153.3191711321
203,61224.08272045952
204,3120.6077599414484
205,5649.1995261277925
206,5694.332663406337
207,49079.77267520444
208,4506.981316917563
209,41786.667780766446
210,52775.68538365133
211,1724.0064093477176
212,7923.911949749282
213,5013.010163889001
214,45955.365959359995
215,6934.439529335273
216,5526.037678947074
217,6300.482155076662
218,2551.672950660917
219,67213.68236283681
220,54576.80066549023
221,4038.1231552629924
222,25074.188274688517
223,4441.477220070543
224,8684.788748073093
225,8032.035718050591
226,49737.711030632454
227,55907.27655159236
228,7397.19270822014
229,65239.276116007844
230,5117.588023524902
231,4297.2339590334
232,14225.752051019943
233,8790.076603039433
234,6855.118272653885
235,10414.840906744294
236,54275.4733032356
237,47372.966628114125
238,4004.820065498096
239,4485.2666218812465
240,49681.2624394207
241,4626.857416184902
242,53454.10348438337
243,8023.405074483293
244,8137.317839660725
245,42708.63627096273
246,5663.305124621729
247,46786.78188877491
248,10185.61820366287
249,11322.938108029764
250,4089.256855881536
251,2547.7820243123165
252,3724.9373101814126
253,54887.99023354566
254,56399.16889937865
255,6820.984728206854
256,6187.428758905722
257,56604.57660900177
258,52896.07133405165
259,8417.196753873872
260,6977.9403496853565
261,4055.488310373903
262,2705.765761566085
263,49562.84972135884
264,59673.12478291088
265,13293.798111109443
266,10155.890823910355
267,2211.4668616903054
268,10578.106866327445
269,3249.1733973993055
270,48612.11526687785
271,11326.945522292493
272,4869.47890150674
273,6241.5947446249775
274,6020.766408147681
275,2125.7190507315363
276,57643.4689076673
277,4355.404013203394
278,46391.179755414356
279,57217.51678392628
280,11461.42387879403
281,7737.843850443919
282,46467.29783960059
283,5615.469558536556
284,6378.960108749217
285,26660.78102280165
286,4812.018689865909
287,5979.625474076316
288,10602.29583713329
289,62985.487300800654
290,2447.0071074429416
291,28684.037568620868
292,63529.28402376073
293,51944.55837655475
294,2916.867285471062
295,7138.763170152614
296,75993.02337444146
297,4163.709072492324
298,16891.460272189433
299,7591.098804978611
300,4431.862899663491
301,6031.604355508784
302,54314.022491087635
303,3195.9058884248234
304,5860.3497632116305
305,6664.332812438566
306,67021.35316058228
307,6333.320966848205
308,4937.9175501567115
309,9628.686045374838
310,13733.833140100658
311,45555.53879670501
312,5394.792523895173
313,49532.362272377744
314,4445.282946779254
315,3925.2508172805883
316,11300.122875646795
317,5342.764644619354
318,2981.3736147866025
319,48698.03150510606
320,52291.21463297005
321,49723.97773585224
322,4678.553672463513
323,4242.993713437839
324,24373.50300232606
325,5481.70137590493
326,2609.2791697825387
327,5242.6512303475665
328,59123.097674200006
329,1999.5811160796268
330,6053.908052227691
331,5303.595756555266
332,5704.655757392039
333,5005.808545793461
334,58753.05655446883
335,5654.445225676369
336,4672.467991662277
337,3564.9870302414897
338,8611.919879954472
339,10060.844740372615
340,5400.044546426911
341,12110.900518594019
342,7731.956760535253
343,4808.808752986924
344,9693.131011172036
345,5654.579622193978
346,47976.33442393092
347,4314.043483806103
348,5138.40317149419
349,6807.34197311256
350,29555.090147254712
351,53114.21857213033
352,6894.026825513017
353,8451.545350981987
354,5725.204936978616
355,4258.856993079215
356,54687.33166059956
357,11413.878790412882
358,3343.1790515357384
359,55310.167092521566
360,2634.5331051473913
361,60979.1732450497
362,5778.1452412073595
363,58163.265995651505
364,55977.414871659144
365,18597.127145948358
366,50667.058999995825
367,62777.10304941558
368,4787.712768390305
369,7002.0790773108565
370,7351.6104810307215
371,44659.37180624487
372,4753.590451728444
373,6506.518894372415
374,8098.227548426354
375,5273.906038047913
376,28792.21256706877
377,15790.334465192087
378,6684.080816581892
379,8373.784247828391
380,5660.315199700349
381,6431.295075921206
382,4161.192420862637
383,10595.887093696092
384,5733.6837319773085
385,7131.551208372862
386,4535.457366142776
387,3352.5307153157255
388,11070.734441844674
389,5371.215773903727
390,6059.528059187835
391,66262.3309829615
392,4763.186609622894
393,6117.621075873132
394,46273.80074709425
395,11834.023035754573
396,5636.77048911844
397,10347.419953796749
398,57354.81553392788
399,6475.032759501326
400,48548.70664860216
401,7341.900432677319
402,1859.0629872498412
403,3045.828669932011
404,14835.103617744564
405,8014.876225735885
406,3258.153385737783
407,5367.02113016851
408,2953.139047717414
409,62430.61121077997
410,60730.8486150666
411,6232.705973635424
412,5747.183117128363
413,4635.0749038149
414,1903.1758023324835
415,9106.198620056406
416,2989.5648410119557
417,51614.60963860569
418,9632.933558931432
419,5882.945246201656
420,5637.9192874007795
421,6505.813039082543
422,46555.18089954307
423,6352.229807706147
424,45850.88902359248
425,52169.629467763385
426,3494.286964127172
427,3384.595324759955
428,44359.55684690272
429,5510.179243597401
430,2662.2421700045948
431,4590.358607717103
432,63911.09065173983
433,4406.065774407261
434,2811.30119426726
435,18047.825535313634
436,6334.261787540294
437,69828.70468499382
438,6504.990219881752
439,53899.728675320875
440,6393.3780531297625
441,6490.109621755668
442,3542.5431054081982
443,41224.0173932229
444,3084.3880128567052
445,11562.867088027851
446,5469.740473977319
447,13028.044407785397
448,50935.424370113906
449,45712.91576921471
450,61675.37966294055
451,2612.637431508928
452,9033.391462916177
453,73983.40831639466
454,6230.495206119159
455,47109.227755515996
456,40021.16497194395
457,3090.7997692106555
458,47950.126733533194
459,4348.583099572083
460,49421.23459720387
461,57511.70020536669
462,61649.085192467894
463,7472.120559309883
464,5819.331901584053
465,5290.558797276275
466,5555.222457492629
467,4927.24299174622
468,8370.208812397173
469,11571.641423694466
470,5047.554783553616
471,10605.40791180766
472,5356.70490566203
473,69297.04373857206
474,5584.784684030037
475,29247.51210051302
476,33172.36041817103
477,4636.5293778416235
478,6324.298617309236
479,67307.94952900417
480,6959.8541880842
481,4572.518272643691
482,49579.64448062803
483,5507.157262666207
484,27966.595252865758
485,13272.27755296472
486,10363.634863556314
487,42677.84326047741
488,4503.62307031153
489,5157.022146475654
490,7302.730244428464
491,6232.251564970424
492,60966.63905312797
493,53242.79579378389
494,58158.13760944722
495,62341.69942586177
496,13077.43168651434
497,58360.01842638171
498,3569.401915711894
499,1850.1490473911942
500,51306.5911357991
501,45199.47485092364
502,2592.456730060396
503,42657.46688954943
504,4182.2741255336905
505,50854.69619188986
506,11053.283138797418
507,6648.707013420934
508,9450.188891225147
509,4879.530455601143
510,59025.381517047324
511,4929.14505416949
512,66254.0757537899
513,4759.685724117634
514,11696.009398735023
515,6846.358459822282
516,5510.985806767231
517,48435.28175953523
518,57054.62877391369
519,12365.042864839372
520,18739.86927449071
521,5406.220912456138
522,60910.63313906229
523,50325.67434787461
524,16100.140198651476
525,3142.7967344004783
526,3724.5347044601003
527,9004.256326552782
528,2710.8071946884525
529,5884.06973800806
530,18310.119870120823
531,2622.204794858964
532,62531.870793326074
533,7756.403925260774
534,7419.09283205518
535,65178.47218804996
536,10882.737305643099
537,5755.603040779468
538,10877.743776315325
539,76091.8350756959
540,6016.550398301051
541,9699.813110005562
542,6333.353235651628
543,67238.94643660005
544,9270.814204884695
545,7951.641652404461
546,10796.043364188865
547,49481.96580425411
548,2079.8212172164326
549,4157.335607852131
550,4749.2554166463215
551,11864.547707962014
552,4894.2524230520485
553,50760.599994055985
554,3673.9244766081056
555,4252.713646638855
556,33940.73343950243
557,55379.32949840951
558,4099.711087573461
559,52658.860998862554
560,57333.66802380404
561,60503.033634645435
562,3489.9936871372465
563,21519.229418976156
564,9724.667192793395
565,61287.04054969438
566,11984.512801782697
567,67224.83736456855
568,11692.37297954899
569,2160.7158048961373
570,3005.609633029493
571,45959.97438308891
572,4923.393820767292
573,4266.383324763116
574,22167.518706166884
575,61342.19925635483
576,29270.676447051996
577,3283.3868266255713
578,67598.56089425624
579,3132.876954275327
580,3104.370661753286
581,7161.045015585599
582,7073.764195725966
583,51047.11773748658
584,11397.084713509541
585,5351.794370531825
586,4448.038762306993
587,4648.4921087722705
588,5516.422733407349
589,49686.806686520875
590,2910.6211047202805
591,11488.296146719833
592,1600.6592540610764
593,3236.0240481838005
594,5307.035787336808
595,47757.45556534444
596,11221.75513453784
597,2252.0187488155193
598,49257.194726045986
599,7650.488865662683
600,5046.643827011374
601,60757.721186167524
602,5319.742840946314
603,56105.93973527524
604,63237.025064090136
605,5286.8035374297
606,56335.0068123183
607,65276.816554089135
608,15726.12289809269
609,6414.657257359466
610,5363.065629523293
611,63331.04020538366
612,6285.65078334805
613,77278.7642623
614,3026.6188927694448
615,60785.12078247718
616,5119.660568753721
617,53889.34872732782
618,69502.04261625082
619,5468.304700643232
620,8186.610739232688
621,6878.72770956762
622,6905.883358404801
623,7433.0330687627065
624,61744.271467876686
625,10396.735816237451
626,57286.354408411644
627,10498.692067063814
628,11724.61039659489
629,49752.041494692254
630,5834.632452676358
631,46549.889359055785
632,70319.15255293286
633,3455.879486929288
634,4737.331881272938
635,5789.2211979974345
636,2440.9422614279374
637,6721.394545856706
638,8491.288539265195
639,1828.206212716339
640,57191.20039654239
641,12000.272103465413
642,41481.96476940077
643,47300.83238537472
644,5724.513154602841
645,58630.68920945578
646,5695.024451118078
647,65629.88282478173
648,5913.489213562948
649,5820.779707194472
650,3791.054986462881
651,62897.53510641986
652,46997.66399458991
653,5987.485464713025
654,4739.0745506602025
655,5008.7608002626275
656,45713.967648657956
657,5170.906911045183
658,6110.820511673923
659,5988.6164381362205
660,39952.243758741446
661,7505.174096115415
662,63367.48193040864
663,4811.763073001103
664,2366.5989540157316
665,10144.418657331085
666,4846.329273689687
667,7870.1925984611335
668,29887.284037361977
669,1676.0673304011623
670,6754.29527981657
671,13742.054082135981
672,51836.66486382279
673,4178.926632389819
674,56674.63610190406
675,57045.643263276266
676,43704.07736636482
677,2634.2157498413053
678,5301.080682416394
679,3956.043689910193
680,5080.033821072423
681,3671.817633305378
682,48855.62084134458
683,7506.578275011079
684,4817.312615177764
685,3522.0186028807098
686,52174.755493751
687,4396.197120771714
688,12287.31871491274
689,50153.00772088193
690,5981.019862079585
691,4902.0686086472115
692,54132.24045964359
693,59019.26156140528
694,6020.10726641519
695,57038.71563604031
696,2610.9061754639188
697,7456.389301892334
698,5515.530466917828
699,49385.22862496589
700,14513.328457772279
701,6830.026944819184
702,22371.727021084822
703,46728.34386391958
704,14219.441065034835
705,50963.92186217641
706,6466.016371338681
707,5023.444782692135
708,4472.775251144383
709,6883.30998454015
710,12244.522953918422
711,50697.14041427791
712,4199.452462683492
713,50515.6406032472
714,5631.552959968187
715,5269.468969015816
716,3233.7695078028087
717,11491.159128037594
718,2333.636462109803
719,62804.97870571853
720,45575.2222225267
721,52589.05371884414
722,53365.782431864296
723,5780.951773689796
724,1910.3333846644887
725,4091.1303350814032
726,4320.342904220837
727,29867.880393192634
728,4650.894985882991
729,5912.667724095854
730,62825.04995559716
731,2421.995328796492
732,2803.8159835914603
733,2124.699462607733
734,66066.25749159798
735,73580.76170252656
736,5027.315144689319
737,45918.61595434102
738,20846.155516281924
739,4135.771459727584
740,6548.027626075647
741,13371.60861096019
742,8340.154314102365
743,5443.449656232001
744,61902.92454601492
745,63565.00887515933
746,8906.403583563311
747,6324.369929074293
748,6445.215001059736
749,9638.540406605665
750,79007.55975776556
751,5772.306336257901
752,6942.89263867527
753,6091.647194609651
754,5710.424528911118
755,57625.76093648317
756,5745.238526390455
757,7135.567882917801
758,2927.7774690180113
759,55588.53412834096
760,7301.4132710908
761,5989.4021869866865
762,50956.83620590927
763,5117.772261362811
764,57230.183803249805
765,3019.082809225668
766,5073.487042188977
767,4332.763670201688
768,3805.873108753587
769,56113.542047299736
770,3731.334127570406
771,49072.05291633557
772,6986.188293219371
773,7329.531536332999
774,56354.07077188901
775,20846.587326584464
776,64546.75223394574
777,63448.31155244241
778,6768.274155241945
779,48373.16337472379
780,6579.52031281968
781,6809.256647202345
782,7020.027348641407
783,5474.136597684648
784,8008.318784875977
785,2699.191650196801
786,2158.9532347952236
787,6019.886095529699
788,7683.818360842933
789,8504.24046232525
790,6149.221808255012
791,36373.028956044065
792,62806.679484150074
793,4723.983269643674
794,10109.833046780257
795,6018.036136287193
796,9433.19139862628
797,7497.171169763651
798,4802.880567758351
799,4894.8846478877795
800,5433.110756262263
801,11252.074175676831
802,2249.711845604689
803,71859.97727387531
804,5611.650698291958
805,64388.35131635176
806,4363.397970155066
807,4856.671262364074
808,5797.912493077738
809,6376.021053785868
810,32061.93447022873
811,7531.0205001376735
812,13170.077599147298
813,27616.132022802987
814,9345.227687511102
815,2475.8961624988387
816,9918.61143580799
817,6054.70629046696
818,5896.028245966343
819,5582.646371706054
820,55601.965583049474
821,38601.2594747907
822,3653.9518442644853
823,4157.454589991995
824,48261.10799771016
825,14240.059320951266
826,7412.575737534546
827,5939.849065737951
828,4549.964179332555
829,8150.780796959268
830,17298.994291427873
831,2535.727414604177
832,5314.893548240207
833,7895.332884967938
834,47896.45362650724
835,4426.439985576064
836,45675.70957640254
837,5044.81977132892
838,4786.880645347281
839,7331.73577416346
840,3282.0591320722665
841,7090.329027463576
842,6125.05582989712
843,5765.340776657126
844,5132.963794504656
845,2821.9873116488384
846,9746.000066816134
847,6337.870900893337
848,6406.765079680308
849,7247.838943901439
850,50331.65476933035
851,6077.070548689972
852,3910.0055928011307
853,64900.15594350776
854,5512.176494640908
855,7122.481437468996
856,4513.081313916566
857,9890.046634544671
858,73165.0193005801
859,4798.7277627571875
860,7635.653154072252
861,4744.634014494394
862,5161.663326113559
863,6054.781259505584
864,6329.253725216692
865,45001.62951051641
866,6485.921580037528
867,73328.72909046324
868,5039.532009548829
869,6031.827284891251
870,55338.068913368494
871,3658.0781032505083
872,3591.485609633603
873,14432.974483477909
874,4284.670918314626
875,57383.44832597118
876,3396.1662642684414
877,13847.104192750268
878,53659.76623662436
879,13303.464432003533
880,63344.34687930061
881,2600.864451108146
882,65299.470333702884
883,6651.005088722313
884,20663.434138591114
885,46399.41992090754
886,4482.645248146142
887,10974.093701988397
888,5615.5496286247335
889,56338.763639902376
890,4265.971062558348
891,48148.61747976638
892,4749.661986325358
893,5848.00421920592
894,6455.572468741762
895,54111.4080531717
896,4779.864485422123
897,12256.229812590005
898,46258.81838756369
899,6049.6979445736015
900,2963.121837548696
901,61265.076405305095
902,8965.97307895168
903,13832.575976249585
904,52876.19761247345
905,58852.51529703595
906,6674.8876059161585
907,56713.575002203586
908,8091.763276840072
909,7733.494993227906
910,52658.58138870002
911,5885.593348954703
912,52592.30959049753
913,2947.9286862811755
914,3628.973488677809
915,4503.841029045343
916,52287.31453644135
917,50043.68196862633
918,13176.929401321468
919,1321.4824874592261
920,49676.69977268407
921,56086.145383707226
922,4325.33645756274
923,6161.225923568765
924,6338.471963136946
925,6462.192732231417
926,40199.8568643957
927,4582.9309277023285
928,55853.01613236295
929,50508.91953771058
930,16150.302931317197
931,3502.861818468744
932,5395.423430104116
933,10229.338201923209
934,52973.973983712924
935,61006.768099153654
936,7240.911951301192
937,7027.001877254423
938,4544.001317750243
939,5459.5072099183835
940,47397.54763853252
941,50264.00367342968
942,54481.22321369839
943,46284.5062390576
944,9063.733959885663
945,11350.428515421623
946,4774.939011478067
947,53142.46491995805
948,1877.0210912327573
949,4860.195455526489
950,5481.925681564948
951,5488.9028729312495
952,56295.48759394026
953,5027.466837139097
954,2619.070104272786
955,54777.56317004761
956,6742.722550719948
957,5299.578835802279
958,55156.702210264055
959,5426.30310719318
960,8920.52585478761
961,12942.674558235705
962,4200.197981927564
963,9413.430299201784
964,27972.87719876083
965,2570.01844967377
966,61170.73363265065
967,71116.06484410663
968,4276.722099941565
969,46440.18996442753
970,6755.614224251589
971,4903.8493321736705
972,6794.037073966622
973,7289.163981353421
974,4132.331902521235
975,6901.2617974950335
976,43426.19283179522
977,4657.050293100028
978,3277.3301770024623
979,10752.25136332149
980,10974.51031417802
981,7902.2635553293385
982,5815.401926991235
983,4785.218244058
984,7201.789624965853
985,7037.473656615575
986,10640.068901196804
987,5680.363551480425
988,7460.467535525652
989,65335.68834229535
990,5408.624224609541
991,2470.3980307386805
992,56137.959050948564
993,6777.092360315829
994,8300.60025848736
995,8160.950786754476
996,4528.506197318606
997,52178.12043400435
998,8516.5301238159
999,5117.641807768883
1000,11734.73103903139
1001,1543.2032107462705
1002,52266.34795786567
1003,5368.153062601011
1004,12326.607655466798
1005,62530.94165877383
1006,8174.786481666001
1007,58267.960924539395
1008,8658.760856608596
1009,6214.283981865095
1010,8036.305386050637
1011,58615.30122836941
1012,10970.456143597708
1013,3805.6706658691455
1014,45016.218184942765
1015,2532.718017722192
1016,4256.439234174392
1017,5299.816446358724
1018,6248.245592096576
1019,5327.466080164618
1020,5039.88952972688
1021,5792.017608573822
1022,6324.119136080212
1023,7411.021143606627
1024,3546.6515464232375
1025,60943.61771043891
1026,3641.1815821162945
1027,7065.68479449
1028,6930.996954268005
1029,8438.09763429659
1030,39074.932089861104
1031,2695.8238334105854
1032,6202.025314729931
1033,66132.50315439126
1034,4830.745471178061
1035,4642.81413585814
1036,9476.629800253766
1037,5760.466601592952
1038,2391.382177998329
1039,5090.047558731889
1040,55215.895449434945
1041,6490.7101771345715
1042,4813.491846014158
1043,11214.171462462205
1044,4330.679776525887
1045,49758.95833277101
1046,31979.002130790504
1047,5893.532025449691
1048,64181.59022282955
1049,5759.505177912414
1050,51272.13232936288
1051,6004.821020081875
1052,55764.41566948068
1053,38038.348247315866
1054,5427.487931710071
1055,56295.821434792604
1056,6295.021476751839
1057,11991.961862156902
1058,55922.97216862591
1059,4626.944872084134
1060,4445.583295331587
1061,68947.32004007332
1062,53383.586012295054
1063,6514.300249245989
1064,46021.524800889514
1065,5989.670825211045
1066,4054.3807890291455
1067,4308.384777983031
1068,2773.0520627047013
1069,55589.40731694009
1070,4212.150312621603
1071,53705.30630801394
1072,60430.30880351234
1073,70584.71073977072
1074,44616.81927023326
1075,56497.21178511002
1076,4487.263315632057
1077,6006.587476495652
1078,64001.087589006245
1079,6665.452559748132
1080,6786.105716516892
1081,3068.9861517090867
1082,7708.866659887005
1083,4505.948413510239
1084,38089.75460968774
1085,6003.528636859813
1086,15893.501773709455
1087,6265.118083347319
1088,32367.614307837513
1089,5338.138120419144
1090,3609.550312049415
1091,2152.4956575583365
1092,6882.503268010384
1093,4185.682112294421
1094,6505.618803715792
1095,5327.504887711121
1096,5515.05140727493
1097,2440.4713667485194
1098,7263.056327411151
1099,9402.006814754068
1100,7363.470858501915
1101,5448.3332360002205
1102,52196.26652295239
1103,51492.8700019946
1104,6251.091585621472
1105,66755.25167313061
1106,5869.490679355501
1107,4937.328501018931
1108,43328.578316318235
1109,4010.9993059626745
1110,6973.105449252693
1111,5562.60099964149
1112,7554.289597961722
1113,6372.908338445168
1114,5919.825674850443
1115,49582.20137041077
1116,56050.79441069017
1117,5268.565567486343
1118,57356.28564329012
1119,7768.090970529674
1120,55662.16183725133
1121,4532.014296111142
1122,45169.97815933425
1123,10331.125567184115
1124,23910.175082882397
1125,2726.837006710867
1126,53393.248761953175
1127,8120.491549586463
1128,1786.9328983797764
1129,45635.13754669401
1130,54933.37720221041
1131,10299.371155503368
1132,7338.314222322087
1133,53785.72956810249
1134,50269.714290755255
1135,4909.224866506195
1136,5849.531223717767
1137,41979.17913781908
1138,11549.626730995038
1139,11073.12252061244
1140,5512.095134403553
1141,7259.170031210239
1142,35778.524339050986
1143,10287.15612958029
1144,6227.285968307247
1145,5924.082784006867
1146,3376.76909215153
1147,7669.145531494451
1148,2059.0925998820762
1149,4349.664675111194
1150,3530.9750147523796
1151,2537.2884025018725
1152,2705.537441259525
1153,6225.989815327797
1154,24077.977576166668
1155,61728.134753371196
1156,13264.914091968345
1157,4060.953504706238
1158,5890.658903584809
1159,52827.333373654685
1160,11697.16049942019
1161,4193.829531632402
1162,68478.71554032191
1163,11500.382036523231
1164,5402.13196805161
1165,6707.441493665265
1166,51910.59655369849
1167,51370.2924978457
1168,1972.0309030737146
1169,55594.95821480521
1170,74316.17364438603
1171,2019.248374137613
1172,4984.7412233282175
1173,46518.69843888838
1174,5072.066808183865
1175,2177.3579003619498
1176,7459.540222860241
1177,6773.043812195272
1178,5265.5587011884745
1179,8708.934322068557
1180,77420.81746812198
1181,5305.5208895245105
1182,4931.445031637466
1183,7984.968294817114
1184,7040.153505459203
1185,5527.66394261694
1186,12995.748240728231
1187,11052.665907812745
1188,16722.531730482588
1189,2425.5986355750847
1190,51715.71747970482
1191,3559.4584421835907
1192,11983.938030200407
1193,55813.82245170158
1194,57054.66631405667
1195,53310.925262399825
1196,11179.909370273639
1197,5239.575799416986
1198,44278.03243185878
1199,11816.842726333984
1200,2669.177455889191
1201,2780.151642652848
1202,4696.965890417151
1203,4235.318229627463
1204,14257.813908365277
1205,5702.037139133121
1206,2770.3641772367255
1207,4977.545234668595
1208,10891.565053939514
1209,4785.657647727073
1210,2509.738895636598
1211,7389.398038562071
1212,5467.544519183469
1213,7288.731964352519
1214,5743.398303942247
1215,3127.5513416076865
1216,9699.731416559656
1217,5582.947895852632
1218,2845.781485971973
1219,6473.164821286027
1220,5647.476116894258
1221,5163.388561035107
1222,4886.886947890099
1223,3491.116500729576
1224,5411.107873102522
1225,3113.7472571270227
1226,12394.090090748587
1227,5761.107477618305
1228,4870.456115214769
1229,5625.806031315238
1230,3456.5566577199047
1231,6076.456876372453
1232,61527.96360289856
1233,11835.809983537272
1234,33117.64618866567
1235,6886.368058093007
1236,4544.815745047183
1237,58042.313229889376
1238,7996.036354559979
1239,3584.643791497786
1240,40754.233225722295
1241,5899.06197539094
1242,5474.050631453101
1243,4874.754382059574
1244,8379.241879464891
1245,58609.124365628806
1246,11640.336125931684
1247,2408.805850239021
1248,55021.38450149433
1249,13802.510615843987
1250,2503.429689958473
1251,10453.18226019695
1252,53084.44687713032
1253,11593.385852167728
1254,25967.345247306785
1255,7013.148319540902
1256,5984.840432585992
1257,41957.780239922446
1258,47755.87478835058
1259,4155.524516353022
1260,4211.336518865912
1261,4775.162116032944
1262,5199.481828897724
1263,2780.340419023203
1264,4946.779615724459
1265,4683.272441569474
1266,6516.063367429136
1267,3677.9780265739046
1268,6045.637044877509
1269,12616.341101644943
1270,7148.918159224046
1271,4456.265602608253
1272,4960.12959632494
1273,52870.594882521924
1274,24637.258486553
1275,52805.762762471844
1276,7255.502169196963
1277,7209.275375164831
1278,34365.849503315796
1279,4297.957502886549
1280,2680.8953323356786
1281,50878.27292580811
1282,5356.118815083797
1283,75142.65029987565
1284,11376.673467837938
1285,6113.971358036391
1286,4651.520423187291
1287,6850.404917725787
1288,5846.897262799739
1289,52385.35512779881
1290,6066.372017279491
1291,4820.024403061053
1292,1753.510140641683
1293,2806.9513024838416
1294,71896.934336531
1295,2750.678829437817
1296,5295.540136649525
1297,44491.165469426334
1298,56489.26527645957
1299,67371.6499100341
1300,3978.0132316244753
1301,5353.319257754847
1302,5008.378495344172
1303,9409.352405318377
1304,4079.0064379076957
1305,58722.78195213369
1306,8704.21620069589
1307,3670.173954331839
1308,45593.57796977021
1309,5096.078675645382
1310,4689.396794837139
1311,6489.793283214242
1312,10254.48339906078
1313,3922.3400064753077
1314,8173.755270819978
1315,11799.576380347324
1316,11788.26278439823
1317,5033.061111008464
1318,3692.9509484890186
1319,5516.376519288598
1320,2740.0366683832663
1321,53966.22466599813
1322,24077.977576166668
1323,58790.676045049564
1324,50821.80358114542
1325,51782.598435149244
1326,3100.5569391267945
1327,14432.409242457114
1328,7673.490432426119
1329,12219.519590149046
1330,2757.0443182969207
1331,5091.874853598557
1332,9729.450948648315
1333,11784.287762512395
1334,4629.372665929787
1335,11908.925860103704
1336,15727.691217616173
1337,5972.61776044356
1338,12070.634842073005
1339,72167.14509058956
1340,5773.843776645198
1341,59009.44395942048
1342,2450.604192171126
1343,3496.920740628603
1344,56511.346861727616
1345,11953.962269436255
1346,5588.1167863328155
1347,13060.23126421111
1348,3713.778595714524
1349,6829.3151495876355
1350,48239.04287920789
1351,40780.43594893713
1352,2545.2196417624277
1353,2145.631836853212
1354,4550.516700327449
1355,4342.165953741713
1356,8893.13585502389
1357,8457.62613845268
1358,5684.138647000052
1359,2883.2310750398656
1360,2523.038069012744
1361,6096.329834926995
1362,52161.18602805924
1363,7877.2519586199805
1364,2970.3956539489436
1365,43230.36431777524
1366,4782.727562997835
1367,51913.00050996625
1368,6498.64374729591
1369,25692.403776285893
1370,2161.791950106426
1371,3847.7994855456404
1372,5783.539584589305
1373,71848.08070418959
1374,8448.552937965127
1375,6005.012125587633
1376,4038.712206146915
1377,6496.555525984831
1378,7935.617570368552
1379,5903.632395989011
1380,8414.049887704263
1381,2515.777780150761
1382,63566.171383792425
1383,56766.27531281371
1384,6867.461976180678
1385,3162.7679451459117
1386,63741.57346236708
1387,5091.963460313065
1388,49587.32656845389
1389,11905.766987143508
1390,5393.508727314941
1391,5290.298977560276
1392,7415.524450738742
1393,5914.97183466742
1394,3069.4157648099354
1395,47218.0474523445
1396,46910.047159869864
1397,22691.690163348278
1398,59220.01085461583
1399,4350.562188541281
1400,34693.21938915413
1401,4161.003639874038
1402,51651.19202194993
1403,59816.54379212397
1404,50114.74331219198
1405,3351.6120341977507
1406,5120.877051246334
1407,5502.166028314495
1408,6715.638114752326
1409,60273.76746381478
1410,8049.871000859797
1411,5252.840966540462
1412,48408.09142167203
1413,2084.7928251303697
1414,45594.775390065326
1415,5350.649381965815
1416,12437.74521483134
1417,9856.493677517095
1418,1641.8514181258668
1419,24513.423212832702
1420,5087.243488690454
1421,8630.122215438347
1422,5069.400749774242
1423,10938.602396690792
1424,4767.0200189199995
1425,4527.454746147033
1426,7229.481546851878
1427,11558.24421094654
1428,4926.584755036842
1429,63861.29522390555
1430,14622.780300649692
1431,4169.955391997599
1432,5598.07979200646
1433,55692.148689052236
1434,3784.0482318115764
1435,63403.727610513444
1436,42022.08574579535
1437,7843.783989490946
1438,11874.26235800473
1439,3166.2403891693903
1440,10741.113485316553
1441,51173.47331975995
1442,3126.2241282400955
1443,5336.010604068466
1444,2249.182310763647
1445,5172.193897468277
1446,5877.4567382617
1447,7516.627707238906
1448,5790.388646096266
1449,68568.94989432824
1450,6562.972505159889
1451,2304.8049535688674
1452,7311.903292362057
1453,69045.55487112039
1454,3964.099937170656
1455,5827.085195666288
1456,5709.923630724538
1457,57404.89166757338
1458,11619.576403993344
1459,3661.5098560040524
1460,45571.073214241245
1461,60186.36489796701
1462,11743.562323270313
1463,4247.950530675568
1464,6202.609900497445
1465,7298.8929975193605
1466,41112.3064546295
1467,4930.391546703109
1468,73425.47077769108
1469,76154.63480489985
1470,10415.943856582206
1471,11868.682428251235
1472,6782.374135540224
1473,5068.560057588636
1474,4124.346144355885
1475,5088.63327816136
1476,2330.43609199716
1477,51108.12293675434
1478,5249.394281760487
1479,5735.674314935796
1480,6570.670714571651
1481,8100.652450553823
1482,14346.226835127909
1483,2062.4209998749116
1484,2207.437412403305
1485,4983.611787345606
1486,5847.787968848144
1487,14544.013436915882
1488,6031.5270924310325
1489,11119.138807571742
1490,1849.121501873507
1491,5413.075938287855
1492,6535.470981246974
1493,6040.478294311563
1494,8194.683855609022
1495,3441.704404639624
1496,46947.99303998076
1497,56698.21766483657
1498,3562.6043744979297
1499,5623.6224465292835
1500,59341.478623139934
1501,11783.401222024942
1502,7282.989388477521
1503,4553.126062307282
1504,5659.510904211043
1505,6007.307065530504
1506,56747.23788637509
1507,56652.285297647526
1508,6128.894062356789
1509,6179.11969066721
1510,60237.16910516627
1511,6813.909133018472
1512,17186.6044079584
1513,5136.100927574843
1514,4116.683136757557
1515,4446.465600764881
1516,5027.894342913026
1517,62522.064028159955
1518,56651.66342771222
1519,1629.9993967506946
1520,10103.890650624206
1521,5447.162863384116
1522,2697.8641309807417
1523,4307.089163437243
1524,76568.36899997984
1525,57261.015279123625
1526,3084.728051054748
1527,3623.1307281152644
1528,13410.740127539433
1529,4171.346229119719
1530,74140.62748903398
1531,44370.76304396057
1532,5162.944697820938
1533,2337.302470290042
1534,24371.06222873874
1535,53771.18902624051
1536,6431.100388620185
1537,9556.7310452211
1538,44549.41808021431
1539,9279.291365377208
1540,5363.180932636004
1541,50312.757115300315
1542,5502.467357485728
1543,2356.9741299006146
1544,2650.5609265907724
1545,12211.150155679545
1546,42551.22213257641
1547,40015.472507677485
1548,6081.0181120526795
1549,57651.11166895463
1550,1782.9623678296334
1551,3161.210501951751
1552,6022.5695609512395
1553,6032.780093355643
1554,5945.495646387102
1555,54658.70410337703
1556,6076.026304414723
1557,49810.00037161088
1558,23977.228339708097
1559,4654.253883215052
1560,4507.689831952735
1561,8217.482140321
1562,58028.42873077417
1563,4074.0522762843107
1564,12159.867331750078
1565,3807.989294103832
1566,7567.304918361421
1567,6330.439761619079
1568,6973.511679921263
1569,5701.0892930624095
1570,54294.5462587848
1571,6272.719542160001
1572,6852.366516495903
1573,53759.39820867179
1574,59164.035497897734
1575,6228.461452747968
1576,50943.20169749095
1577,6207.214974107897
1578,7682.43929061116
1579,5015.678240016439
1580,53862.103119673484
1581,42691.582183434635
1582,8161.195789194975
1583,2128.6814054842916
1584,4888.598566318741
1585,54606.0128203174
1586,4473.499624216209
1587,50043.15950129459
1588,64305.2636922105
1589,60766.973146426884
1590,5896.7729035975935
1591,5972.9684476101565
1592,44404.06154417657
1593,4108.446114450922
1594,14191.305780867518
1595,6467.648329377788
1596,5452.744036580076
1597,6336.203101395013
1598,2618.823325705812
1599,6172.42528638455
1600,5251.212459861209
1601,8255.231921305656
1602,6690.955716706868
1603,5423.576654097086
1604,4872.250601305393
1605,4567.939585512032
1606,6012.191134436964
1607,6883.107750907595
1608,9034.274151725287
1609,4308.081590016568
1610,57429.91479729237
1611,6574.965579735956
1612,7817.279674528775
1613,6130.742250311622
1614,9209.389790371995
1615,8998.383319882987
1616,11229.607114240851
1617,7712.05411492563
1618,13947.147099658752
1619,4965.216125947147
1620,45934.588795195654
1621,6551.147218112896
1622,64332.628230714996
1623,55830.80391096483
1624,9698.428491474864
1625,2564.2224222632444
1626,44950.18423647859
1627,3831.963421314315
1628,18012.971277777713
1629,42404.81936185457
1630,71905.08393527774
1631,77927.54321125195
1632,1970.1959804666424
1633,4478.993021889054
1634,38091.472265569275
1635,6261.167738539904
1636,7661.997906152553
1637,6059.189847498633
1638,47943.922325320236
1639,49960.96306851036
1640,6406.1984606884835
1641,4964.721598569027
1642,6630.2660660231695
1643,4794.679664325995
1644,3133.7226484693965
1645,61509.62356086235
1646,5959.863796209753
1647,1629.2427879267716
1648,7794.156198586775
1649,46585.833467949225
1650,48792.43335750433
1651,4494.900740889364
1652,56132.429936614724
1653,57634.13225272792
1654,5959.447919826124
1655,68911.36247610855
1656,4947.197720635911
1657,13743.766761814852
1658,8210.771956544791
1659,3451.485080539249
1660,8600.736209028837
1661,5882.914360526669
1662,54004.215214358
1663,70320.79674681081
1664,4943.470369364802
1665,69039.00986898282
1666,21689.5046283589
1667,4073.410296292715
1668,2651.9565345521296
1669,60340.13809738693
1670,12385.905064155811
1671,9845.412604754645
1672,4806.110028104325
1673,53852.93538022514
1674,42634.131405736756
1675,51317.468628598624
1676,6822.971260151415
1677,5071.728031441465
1678,5383.79176893606
1679,5576.722174586269
1680,56257.07519235104
1681,49419.462399693235
1682,15662.96654956318
1683,7877.92386977131
1684,5547.390655375684
1685,46547.802053653766
1686,4812.185379236485
1687,41998.62572469915
1688,43311.44713589556
1689,2334.8693198827464
1690,4092.8265796482438
1691,4178.3567233667945
1692,10669.601737745352
1693,38643.750560640554
1694,6977.963646638875
1695,7756.000693429685
1696,11125.661393011647
1697,52919.473196943174
1698,12045.634770112105
1699,41672.30845496634
1700,4031.3350362193996
1701,49719.89518714075
1702,10002.405358212536
1703,8189.800926212846
1704,5261.683315828208
1705,5093.388284840877
1706,6013.889899887436
1707,63024.75786210939
1708,4952.863119628369
1709,8179.363688703391
1710,7382.502718760135
1711,2908.5930529584134
1712,11833.645729926899
1713,5569.4252881974135
1714,5989.250522310487
1715,7015.1290895048205
1716,4780.546230751155
1717,6114.220142085505
1718,4775.71563910032
1719,10788.46149829122
1720,6371.824830463927
1721,6184.558603333004
1722,59906.67062367022
1723,48651.0903820687
1724,9778.708143247715
1725,4150.102397503941
1726,22133.320127681687
1727,12405.694256350831
1728,4569.857731893913
1729,6840.14490665375
1730,45012.116289060985
1731,8146.425919416425
1732,3146.8401227465206
1733,57902.622482637504
1734,49953.441287748676
1735,2178.6934087646378
1736,2502.9404538162767
1737,5481.655400990389
1738,12738.858237172222
1739,55730.366264367345
1740,45445.76300392394
1741,49610.334353202044
1742,14590.471263898637
1743,55566.206656322676
1744,7387.1011363918215
1745,4746.50662145844
1746,53572.23440635231
1747,55205.47567454991
1748,5827.854332567535
1749,51338.27772593398
1750,8518.400157432076
1751,4240.684826825917
1752,11267.818811481944
1753,39861.07264316719
1754,62585.42844767002
1755,11087.293962338574
1756,3409.733461955253
1757,5991.041796294254
1758,50333.46987515829
1759,9885.117258816166
1760,5297.370104493419
1761,3515.4961417482946
1762,1730.5803381772757
1763,12806.259206057737
1764,4017.705425275978
1765,57507.69697717314
1766,63917.641002715776
1767,2877.3700805534786
1768,2988.382737101653
1769,5296.944239573988
1770,5503.8722081145825
1771,4021.511982685216
1772,53304.210725459634
1773,4415.377252060773
1774,53537.7409426201
1775,4729.815321884455
1776,5433.956346764754
1777,4605.971458996354
1778,37291.95831870635
1779,6512.258832641883
1780,44495.31430033768
1781,5248.09283547365
1782,2767.4884623318085
1783,48926.8085585511
1784,5349.065865628072
1785,46007.88244168509
1786,50209.785891827785
1787,47196.25144162025
1788,4034.009200688212
1789,7809.002720711753
1790,10820.499380301184
1791,58757.23479117899
1792,4176.610476366381
1793,4599.107978112881
1794,10380.723699158423
1795,49096.07010652251
1796,7339.636181266053
1797,60372.645113583654
1798,10532.04296853677
1799,6910.153994547375
1800,53110.6513167886
1801,6672.017778860629
1802,7854.335662492125
1803,4390.059584262038
1804,5423.289968555997
1805,54296.00486804603
1806,49408.25241789613
1807,9854.948365701119
1808,5154.913746321787
1809,45038.21387036846
1810,60004.31916913151
1811,50463.95075492606
1812,5429.5765814620445
1813,5394.150431376371
1814,4097.18128237986
1815,62120.22472087769
1816,43443.98499323669
1817,7611.062542645435
1818,9643.732904920762
1819,58523.52923960847
1820,3449.7368976391135
1821,2304.5644300900963
1822,68899.2272774779
1823,57690.69772952121
1824,50336.65112638857
1825,50964.94631418122
1826,6129.81787760326
1827,26109.98919258776
1828,1602.0703940793273
1829,6899.758963646708
1830,5758.835836285355
1831,4853.198004919312
1832,62591.432770444895
1833,5782.966958232298
1834,66111.28799202069
1835,4800.8357081956265
1836,6277.613861348935
1837,5967.1926609994935
1838,3722.2849489349323
1839,44946.655896117
1840,5133.652535364862
1841,5571.568146564774
1842,7977.560899998412
1843,6186.065513583953
1844,5813.948342314007
1845,5404.586902797961
1846,4940.822474159016
1847,2203.006863977627
1848,52969.91333188047
1849,5994.505567447428
1850,8263.575761127344
1851,58916.392163240664
1852,3547.099218452042
1853,4630.957726816718
1854,5305.808934254945
1855,4674.737109681617
1856,10298.76800172469
1857,61851.322246950665
1858,1873.7146222390863
1859,5012.367412632783
1860,6224.919920350978
1861,6063.790603397922
1862,69340.88129576237
1863,46299.58353494028
1864,20746.8043322838
1865,45482.058473152305
1866,5238.768944277608
1867,54299.28291246564
1868,57001.85180794329
1869,59517.111455720515
1870,6108.528218220837
1871,4648.381191509276
1872,5279.485986481524
1873,24180.119565653436
1874,11554.434860708614
1875,22256.462775015723
1876,53897.54189803982
1877,12443.846293308827
1878,7746.906967902206
1879,5937.62609732519
1880,8675.341940953818
1881,5944.414635878713
1882,4898.410680213435
1883,5641.4573348925305
1884,7571.546846137614
1885,3196.443988520594
1886,66782.75137700874
1887,46577.60380132917
1888,7261.3313502137335
1889,2399.4722380581484
1890,56101.93954607085
1891,5825.999940238715
1892,6347.301736464977
1893,5094.473624305227
1894,47230.98037985451
1895,11366.025193725955
1896,5783.159806508992
1897,5788.107190408851
1898,2982.5513349367993
1899,57781.9962892071
1900,4764.334482987944
1901,24193.78433203897
1902,5618.662211094601
1903,6329.591635401917
1904,5580.542570613548
1905,4529.6135781893645
1906,58340.63263122288
1907,34969.827039119074
1908,7278.857437504745
1909,7037.106969350209
1910,22492.84653252245
1911,4013.441702640875
1912,5247.117785384409
1913,5846.374848251728
1914,4194.618054378277
1915,45766.8669192306
1916,3886.25433850368
1917,4526.752015917381
1918,7233.060708052475
1919,5887.742279266955
1920,41379.79918889798
1921,5705.324765336738
1922,3802.393070632898
1923,10418.854151490352
1924,61481.55191220025
1925,7090.230906926352
1926,5681.738222698865
1927,6096.781672698615
1928,44201.389835642774
1929,4638.797606724034
1930,9944.22800695512
1931,7070.754855909558
1932,51223.16656730216
1933,43027.290091369694
1934,4983.7546426870795
1935,52748.17310974446
1936,6808.109017553765
1937,2661.4612806439773
1938,45757.54922315833
1939,3218.7937784653855
1940,6850.591504416068
1941,44848.848088499595
1942,8088.219565150651
1943,12978.324463282363
1944,60106.764802905105
1945,1639.9488020754748
1946,5955.122821827234
1947,52324.3805962663
1948,4070.8255407080555
1949,13902.770852641708
1950,51073.885475396026
1951,3257.9828139061046
1952,50294.17160770207
1953,2297.4868129921506
1954,59452.421894262916
1955,3108.8599159040245
1956,6517.652872832246
1957,56413.2844348187
1958,6796.430990730863
1959,20907.62742468009
1960,5368.598426668594
1961,11470.319931761831
1962,11758.196950672404
1963,2369.0696689644647
1964,3810.6295341622163
1965,50711.769860664324
1966,59691.53420702624
1967,6234.909171331912
1968,11331.29396956033
1969,5718.123556110415
1970,4180.159329773721
1971,6240.444524125243
1972,4505.045637251041
1973,5880.3032518280825
1974,4355.920305624838
1975,5349.2784183062895
1976,27985.86032922516
1977,24259.540837337354
1978,5140.741946401423
1979,3196.5504325787333
1980,6101.98680111541
1981,4621.436762286266
1982,63045.62184157931
1983,45338.784429615655
1984,6485.13942031372
1985,57020.01023973232
1986,3167.669103833802
1987,4600.348509397934
1988,6997.495108105848
1989,4069.990910445636
1990,61775.07774198239
1991,51714.73920541511
1992,2810.1518771920037
1993,7097.854855150741
1994,5411.1566855493
1995,56728.6106143484
1996,11441.224399233677
1997,72663.06947648147
1998,3994.995670286014
1999,40771.269129753826
2000,4555.09647231202
2001,55607.2907972917
2002,5348.580597567828
2003,8671.319793963268
2004,63211.19025942318
2005,10428.577301261143
2006,7317.083234181626
2007,6222.2350062014775
2008,1843.0223129816775
2009,44946.34499680953
2010,2679.6806121840727
2011,55237.982388685734
2012,5083.281493552723
2013,5819.214869603027
2014,10710.967367317398
2015,53376.483237233195
2016,3587.336438352375
2017,2728.726571888724
2018,4847.621759681976
2019,6275.293158674735
2020,4015.200731811411
2021,5043.317985112162
2022,58036.75494479206
2023,11432.380418121546
2024,50221.35002172977
2025,2946.730221979229
2026,6857.7410285439555
2027,2194.671502146924
2028,55581.56392359789
2029,7554.6796904731455
2030,4787.212658216294
2031,6031.9705672071195
2032,28034.76522687288
2033,2503.0864759590595
2034,64001.030758599736
2035,12705.319201635695
2036,3291.054191699381
2037,7480.038589027422
2038,6209.845392552309
2039,67521.20975977989
2040,53700.71184019998
2041,6215.247534575832
2042,5855.270722344829
2043,5570.715378113178
2044,5726.12153625543
2045,3921.087209792261
2046,4021.379187054251
2047,11379.026144029205
2048,4461.357390027191
2049,6116.639305185387
2050,16307.294586437274
2051,48929.68577132979
2052,11877.368715949095
2053,52712.544292966006
2054,10599.87889450826
2055,3172.583208542608
2056,51559.63469865658
2057,58579.41625028927
2058,5959.390355801263
2059,47936.198670342754
2060,9899.535796946391
2061,7086.183797783345
2062,5253.7074711218565
2063,11190.763453533631
2064,6525.9063748277695
2065,72365.53535834834
2066,13574.8782967082
2067,5098.917332563127
2068,3661.3361623623955
2069,5832.880887639126
2070,2403.0383855327564
2071,41839.275365737725
2072,17413.823550098383
2073,6253.228738321337
2074,8866.59666767402
2075,2611.4425143151057
2076,7811.2415126906535
2077,6692.420854875387
2078,5722.353983185192
2079,44646.06150217242
2080,5616.606329985878
2081,6239.134781703553
2082,60053.84168985198
2083,74108.95806032183
2084,5834.587515153826
2085,50361.89107788726
2086,6076.491761695631
2087,19399.497893658892
2088,4813.78771377993
2089,6955.579462255175
2090,52727.89875102516
2091,8395.232693426986
2092,4104.213378152184
2093,4084.208979304266
2094,71163.56594058023
2095,3028.1550172616016
2096,5876.267701344185
2097,7567.520163118785
2098,7658.037903502712
2099,6355.039915574706
2100,4459.406415253985
2101,6358.757471014693
2102,53967.956888532965
2103,6078.880499213037
2104,54407.21305568745
2105,4984.413793588792
2106,3400.3750799961117
2107,3976.3359520038193
2108,3446.242746706463
2109,3016.1081683875036
2110,50062.826923347944
2111,27770.545689831997
2112,5573.453813893853
2113,2667.483218208159
2114,4173.84734453693
2115,56193.12867922641
2116,2971.1346277993534
2117,7851.710673492307
2118,7567.553180985953
2119,69954.50190376508
2120,11226.503368292953
2121,5747.054110180592
2122,7860.631412157467
2123,61084.81869092837
2124,7593.8721114684195
2125,6871.657905021466
2126,48464.062547327776
2127,4656.303528258109
2128,5447.497844373651
2129,4479.320618159731
2130,4670.743054989756
2131,5611.05085103676
2132,3960.5254179650333
2133,55948.47808390718
2134,6377.293762928829
2135,8861.681312557439
2136,8787.924657264817
2137,5492.9744959838845
2138,78672.21458892923
2139,4732.2823719617045
2140,57744.13614356959
2141,13245.657918075574
2142,14173.021843123042
2143,51806.65984779539
2144,51114.03491674818
2145,9809.498654474231
2146,50049.82708059244
2147,4895.946516726696
2148,20692.408146466274
2149,13953.617749208868
2150,6972.879661006897
2151,6997.7179451143475
2152,62946.109689007375
2153,4143.399018235893
2154,61920.93175252433
2155,5856.922202739181
2156,11092.33821559805
2157,54042.12016056774
2158,10135.297547468499
2159,54711.09821403768
2160,5127.911547525238
2161,6509.163636811951
2162,4531.786204739055
2163,4833.510984992306
2164,49545.41854370627
2165,13584.16238198796
2166,45543.933939275696
2167,2168.755851279957
2168,39520.91713943654
2169,3943.761376515552
2170,64244.69357288096
2171,3720.4097726999335
2172,3279.5357251689366
2173,4161.451645729148
2174,3492.1826427721503
2175,8390.69963295572
2176,3889.3739966990966
2177,4192.895725396668
2178,3478.6243354120775
2179,7596.379090429049
2180,66943.81524313093
2181,22335.226757615324
2182,10108.120723507822
2183,44226.41985141678
2184,50474.27552278107
2185,11283.668927852432
2186,6662.39151661129
2187,10838.60265502804
2188,3539.801753910428
2189,57895.532194763924
2190,7456.074933091779
2191,79374.93910670969
2192,68077.11650284543
2193,5584.9890904158665
2194,11715.065344937273
2195,5584.905111500576
2196,2862.8997508652924
2197,12926.610839236313
2198,11320.965284350643
2199,8653.102071472078
2200,7372.874980720652
2201,47379.36388696385
2202,4478.4909147000535
2203,5936.987921242285
2204,40604.87367169705
2205,15102.73484351345
2206,8213.271299310536
2207,1719.4299256684885
2208,7459.83884996572
2209,3988.5645603753533
2210,6957.5668728547935
2211,66007.80917608654
2212,5650.98868052111
2213,5716.715576677896
2214,65086.368998900725
2215,3295.4430949629536
2216,6353.579989871974
2217,2691.192577845927
2218,8720.659353623185
2219,11872.325160587789
2220,6921.854845503585
2221,37495.776517119215
2222,5038.019290960294
2223,4262.5491463083745
2224,7464.342619831542
2225,4868.198252457191
2226,5154.718132705395
2227,5272.260324556622
2228,5634.701259511587
2229,55563.1331487597
2230,11640.910960032932
2231,8731.911647391673
2232,3918.872612810694
2233,4589.37075576485
2234,6368.420461225511
2235,6288.314272515353
2236,6649.202673975987
2237,5313.313720747952
2238,13167.43575620703
2239,6238.299782966283
2240,3112.112316105223
2241,2427.1460798934345
2242,50127.18160529084
2243,52707.62926077472
2244,5791.3827474291875
2245,4255.55579003325
2246,22476.78474093825
2247,12168.868306395196
2248,65533.360335438076
2249,34255.28366925756
2250,6129.569608398415
2251,50452.07124368548
2252,8650.272161035067
2253,2077.422124996152
2254,3705.9073492402345
2255,2624.2013226887975
2256,5984.310382742642
2257,3829.9957743328728
2258,4226.541985567741
2259,3914.156838322331
2260,6744.599602131259
2261,59571.521863867
2262,5989.902182173111
2263,49715.333886516615
2264,57521.386984662044
2265,6715.664573874084
2266,5160.276765486942
2267,13914.437891473419
2268,5896.271899782094
2269,54020.722369814444
2270,67031.71536350975
2271,54067.97298239787
2272,4791.816363113768
2273,3019.540202024269
2274,6354.177933434384
2275,6672.909398038638
2276,3236.105512307287
2277,51533.723456079446
2278,4976.70012624472
2279,4843.495607160205
2280,61567.95299662283
2281,57920.10107778282
2282,4528.30850242149
2283,3978.382266937589
2284,5781.666736785246
2285,4130.888172653404
2286,2467.1367760793273
2287,14208.552016363605
2288,4772.0896431428255
2289,4898.463519159628
2290,11395.725356173774
2291,57277.87754570036
2292,6110.430293988124
2293,60633.74714350641
2294,32179.807694770654
2295,9102.763665881048
2296,39961.12456149255
2297,71254.89276735968
2298,3320.728652442343
2299,43788.3161482062
2300,22179.995474527655
2301,6793.404785012075
2302,5336.215319640745
2303,1783.5207946715714
2304,2312.409151312239
2305,5972.504433858592
2306,2864.902057502974
2307,4782.4899155736275
2308,49750.4027057028
2309,46761.670086719096
2310,6999.269478808982
2311,1776.9535407831036
2312,6496.287865561378
2313,5005.480686208871
2314,4201.731089995144
2315,3030.003822429982
2316,10078.149956142319
2317,5647.81185910903
2318,3998.4359633426884
2319,50338.59644436321
2320,52296.55159992407
2321,43207.23588064982
2322,4702.313477915016
2323,5370.48224984547
2324,49717.43970992022
2325,7594.880457608416
2326,24829.545559976108
2327,62329.60546759116
2328,4763.443560452426
2329,6007.299765369261
2330,7778.331461282889
2331,5940.551218478615
2332,55080.2313584545
2333,5615.45531255481
2334,6349.076260181889
2335,11588.07427654268
2336,3877.9757921727273
2337,2821.220481596971
2338,17307.722704155247
2339,4291.139733773257
2340,6057.076650124382
2341,5107.739166324041
2342,3480.3283344578504
2343,55997.48325999607
2344,5207.918484049684
2345,46105.434679023936
2346,5620.512516597967
2347,5631.914307896201
2348,14340.829879121795
2349,5417.517746869875
2350,5057.383765353075
2351,6692.929035517361
2352,49453.14077020662
2353,8009.97148788187
2354,56075.272003992024
2355,6728.777223815003
2356,6378.720955290686
2357,58284.204618060816
2358,59714.09298066647
2359,5714.954474071249
2360,6215.9957393695
2361,9603.767743069024
2362,2890.2620442111884
2363,1739.6264092851422
2364,56029.13290880709
2365,51244.832747395776
2366,49053.362344243826
2367,54377.07274707766
2368,6121.449427163505
2369,4098.421856747672
2370,5280.05575124696
2371,60771.07992074365
2372,5723.468807750361
2373,31999.6767871407
2374,9505.48413914373
2375,3220.7123297783182
2376,5905.088747907896
2377,60406.34506977885
2378,6146.717055576215
2379,6005.257793357685
2380,49210.10637553195
2381,2827.9505627363164
2382,3949.811942154455
2383,2545.901878886647
2384,4090.751469722971
2385,52843.692849575586
2386,6659.182324355152
2387,5072.082247454709
2388,28520.751305009522
2389,5653.361983144378
2390,5740.988754009304
2391,5669.604208009227
2392,65321.252651093506
2393,55737.05109482803
2394,4627.271585476705
2395,41423.0635702426
2396,2431.07386743241
2397,55603.76660318095
2398,60528.6648163839
2399,54360.07866492355
2400,3148.1226022654487
2401,11968.723937545394
2402,5553.728653015938
2403,63346.17555600494
2404,4925.121319431255
2405,3842.5915220068864
2406,8144.507603895033
2407,6577.460991891894
2408,4479.149713141617
2409,2326.684359467175
2410,15132.735144172775
2411,42012.81923449067
2412,6798.21877219704
2413,6692.566142453987
2414,4093.2796374967947
2415,50037.702707745426
2416,6324.667489357819
2417,9173.576229019756
2418,52088.2574724544
2419,7145.967866073424
2420,6209.688577928867
2421,4519.934959643782
2422,15880.402460681118
2423,5375.479444208959
2424,62576.85451066876
2425,56572.18576595617
2426,42916.79081285131
2427,5859.017187176447
2428,6155.974543137808
2429,4884.019727843687
2430,6701.064717377711
2431,42963.495184853935
2432,11558.698955479591
2433,6241.430318007199
2434,55695.05891146386
2435,4737.108256535699
2436,4809.775693296652
2437,2708.2577600561976
2438,6738.598455358064
2439,4551.253287245491
2440,4509.026254360118
2441,3813.5274545544316
2442,2290.423220915232
2443,60285.865442955226
2444,9537.26214683646
2445,62893.128852071655
2446,50047.774944036166
2447,2984.727841587811
2448,4488.66377717693
2449,5866.453421518318
2450,6797.888056106445
2451,4310.923856742523
2452,5290.5856150090995
2453,5076.039122328228
2454,55963.25982616219
2455,5345.336854278818
2456,12701.805756351428
2457,4040.329488899976
2458,5054.844496737268
2459,64843.97749990123
2460,5324.703679392576
2461,53167.81075355679
2462,4643.9591161777835
2463,5616.748587461836
2464,1938.267337101201
2465,4429.3785871198
2466,9748.805342167187
2467,4962.568432808194
2468,7246.40107628789
2469,46244.63364598726
2470,49617.040506000136
2471,6576.606526402285
2472,56715.51354854183
2473,6210.805212461472
2474,13308.527574837632
2475,6878.912277741139
2476,7754.188387351265
2477,1938.1774908911286
2478,2662.58991134813
2479,6224.2125718290035
2480,9684.642507330727
2481,8260.285285580454
2482,48059.45286003498
2483,5904.324718850936
2484,4070.583146608443
2485,4042.859025142874
2486,5790.5462244782075
2487,6799.4939906346945
2488,4423.2716914823795
2489,67771.27090276775
2490,6627.260684745144
2491,5712.219495402078
2492,4923.354994920453
2493,4961.791228763997
2494,59816.54379212397
2495,4671.786157483949
2496,12034.110191956064
2497,2894.7997639112873
2498,3035.584632598434
2499,4581.7907995067835
2500,7701.711124888885
2501,59302.73459848344
2502,4618.682848690348
2503,5838.837380180008
2504,5923.4421731468365
2505,6783.144599667283
2506,3312.8245001249015
2507,4542.771920741812
2508,12186.531724562192
2509,46427.68036007906
2510,67095.34765291728
2511,59843.5741019774
2512,3419.539280336472
2513,5376.459378011251
2514,7173.581157087312
2515,61767.87660138537
2516,7615.094142976024
2517,5116.412248442517
2518,6728.862385056771
2519,9625.832843963479
2520,3381.1607825208416
2521,50981.66178532626
2522,6570.201514256651
2523,2883.474148124667
2524,61703.66227204812
2525,52256.36349077093
2526,4174.858991735894
2527,52967.053533855425
2528,4874.890071801374
2529,6725.444673032632
2530,20759.873101308876
2531,6514.345266193937
2532,67299.462757166
2533,6203.431689849798
2534,10778.906099015543
2535,10836.001119013488
2536,6189.776224622492
2537,2690.41881608557
2538,8089.7132663117845
2539,9733.4265400805
2540,51282.604007730275
2541,2605.1319575228417
2542,54138.80806306714
2543,60806.91764620209
2544,6312.674539831529
2545,7335.053226765767
2546,53672.30545997073
2547,2535.3759578656327
2548,56556.40135624359
2549,6129.997699929743
2550,4381.254581836652
2551,51013.759104473706
2552,3156.3955671119224
2553,6589.612295587419
2554,2478.5979545055866
2555,3498.844970325149
2556,7578.192029258804
2557,46276.226776282136
2558,6757.617615815104
2559,1975.8833223823096
2560,67140.01938139266
2561,5949.763826317801
2562,4101.3391343471
2563,48833.75487486027
2564,11762.310809353921
2565,5451.989549302477
2566,26509.708066976964
2567,49676.91528147464
2568,4437.114447276861
2569,41052.962345621374
2570,4078.629896660182
2571,4087.2971010702104
2572,50683.84200856819
2573,64025.218725493425
2574,7483.75732723618
2575,14155.846813532125
2576,73451.30932073266
2577,3479.521166776383
2578,6237.347742485541
2579,6219.337308233022
2580,3196.758708429319
2581,2299.223636491428
2582,4045.278911968963
2583,5918.478954365439
2584,4575.337931599594
2585,9106.253779334693
2586,5268.345163493088
2587,6650.465970506955
2588,7474.044363453355
2589,59000.35851317369
2590,14319.30590150133
2591,6050.4145150149525
2592,3284.8411646969153
2593,49910.427608134676
2594,5994.185008563803
2595,12272.739346324244
2596,69386.15556412503
2597,11678.478216668953
2598,54536.587749315324
2599,2342.9028482645595
2600,10213.628564603887
2601,4093.323005262638
2602,11004.39220377222
2603,69399.47651867094
2604,60184.01948804023
2605,4411.319841509078
2606,59876.80092923187
2607,4482.924795865139
2608,5763.616102126025
2609,5585.490853187646
2610,50911.91131559821
2611,56055.064375060094
2612,7591.965088972921
2613,5015.259927980278
2614,61473.837140433374
2615,10776.080933430272
2616,5895.116360594282
2617,12494.94217562633
2618,49080.541929376304
2619,10710.289034109213
2620,65935.7149093124
2621,58545.31245510759
2622,56823.62256106916
2623,46511.69955316464
2624,17257.766192098617
2625,56848.852019824684
2626,49857.589651799564
2627,52922.733918819285
2628,48169.961278973096
2629,2952.9335492816967
2630,5654.361622728611
2631,2657.0593658341068
2632,2913.428191721863
2633,4507.682039339761
2634,77086.01909186663
2635,5868.59130813444
2636,43850.461845554106
2637,6309.449506297293
2638,59662.58142720141
2639,58744.476487564345
2640,4531.805374401599
2641,4630.781472807759
2642,4645.4394099802
2643,7854.1446058815745
2644,43294.29207933224
2645,1876.537280196735
2646,10506.8793372515
2647,9143.21846581739
2648,10440.282028112111
2649,24444.932972773986
2650,78175.64643617951
2651,2732.2598346425966
2652,53816.93220624416
2653,5732.031279596761
2654,4896.725069734147
2655,2710.265123889062
2656,38020.61392980207
2657,8901.054328484752
2658,5047.595255345431
2659,7981.987577128156
2660,11935.326732620148
2661,7836.947065293578
2662,13690.042055055554
2663,49741.41029679128
2664,59541.4821000975
2665,51212.57318952697
2666,10278.990370438467
2667,3058.7263270803405
2668,5827.4938804363155
2669,2079.170340606499
2670,55824.52937314377
2671,5172.098208388373
2672,4938.38081604043
2673,50168.39438097152
2674,49748.73252300563
2675,51317.86556318174
2676,6007.315890144502
2677,2297.182647063524
2678,8509.046183551065
2679,8822.13692600451
2680,11186.511130085768
2681,43051.40227281631
2682,55855.67571965335
2683,5539.249756328646
2684,73652.91820532229
2685,4483.3254902726685
2686,5889.293111608718
2687,50586.436699925915
2688,45878.10545899498
2689,2987.9542022165087
2690,51040.97254749185
2691,4655.627897648143
2692,41859.31645322153
2693,51885.87837308527
2694,5374.691453525287
2695,67465.84915394359
2696,1922.6777463146163
2697,27926.687162695696
2698,74626.62672942455
2699,6078.395150053504
2700,3916.530419547049
2701,46640.99796510328
2702,6107.344602605219
2703,4403.15554727184
2704,6123.4738174555505
2705,2627.0286113145467
2706,2516.8049851561177
2707,6718.7577858411205
2708,6456.699842837114
2709,4570.593570671324
2710,62062.9451219927
2711,3820.3534650421448
2712,50629.97690746009
2713,59944.844147906726
2714,66069.93816502465
2715,44109.23719437371
2716,3270.115479048699
2717,4561.526797208404
2718,6103.337008768001
2719,7782.940227014698
2720,5126.015201451172
2721,8194.139093199836
2722,9661.953210853113
2723,53221.30307951895
2724,2728.152866506006
2725,8328.853499582478
2726,5693.758833332668
2727,5562.039308409939
2728,62959.26008924474
2729,7256.368379243588
2730,55624.12092777522
2731,6978.7789384567695
2732,6453.82306199555
2733,6157.745965168821
2734,10724.088196351484
2735,6478.759078148769
2736,5670.833771309783
2737,8243.222632756597
2738,30966.874543789927
2739,11018.788896530963
2740,4926.751692092858
2741,59009.83977818765
2742,42199.78541376385
2743,12359.231816512425
2744,5790.148668386453
2745,6621.110507724205
2746,3985.3351539506766
2747,6079.491849867265
2748,53550.155062261765
2749,8746.813522683267
2750,6189.127631684091
2751,6827.009989731955
2752,6140.1934216077625
2753,69073.04747821602
2754,3203.859025397198
2755,51560.58820934594
2756,2445.315798691701
2757,47643.5535129449
2758,4323.457835953121
2759,65389.785337887675
2760,5826.478191869514
2761,11315.602647532105
2762,4821.24458965465
2763,35796.20203844094
2764,49679.5183855058
2765,5885.975945418927
2766,57234.507674614215
2767,5828.770763569177
2768,4281.029290288613
2769,4403.705001546237
2770,6503.4759727610235
2771,3535.812153913067
2772,10922.200296712897
2773,5004.290775505756
2774,5247.376072785394
2775,4901.130044396119
2776,5078.992210995137
2777,6586.719273350534
2778,58023.47778239256
2779,5667.057818369831
2780,2980.177245595344
2781,5641.68954651318
2782,58987.896189832594
2783,3626.848101934056
2784,5390.949946707392
2785,3807.6381596388314
2786,11937.090693341997
2787,8533.580277965691
2788,8487.903086531795
2789,4306.83029302263
2790,49706.81104576944
2791,35244.41097177146
2792,46199.71578161953
2793,7452.9357277663285
2794,6984.023840174598
2795,70817.06121795638
2796,20880.59397786277
2797,6167.711131991254
2798,57843.5094360681
2799,4416.349817818008
2800,55686.68773573614
2801,73941.3025035281
2802,72972.16229412987
2803,5427.157673995008
2804,11653.396158568841
2805,63649.13560810739
2806,2101.363724834217
2807,6234.725770898343
2808,5153.473392517018
2809,2461.948430183771
2810,60479.02108546104
2811,4034.906250823757
2812,5300.990568092424
2813,52260.54032454926
2814,2413.5254171580605
2815,50777.232621906915
2816,4557.2322069703805
2817,41791.39468190478
2818,13713.518081106002
2819,1654.1393306579425
2820,59034.73202346576
2821,5600.088321842041
2822,10597.249031094685
2823,7218.263927669705
2824,10015.040738454747
2825,6981.665470716471
2826,45040.61130265627
2827,9531.025498380392
2828,16840.223681638032
2829,3144.764894313701
2830,65153.583680825635
2831,43904.820036491095
2832,34179.71650096359
2833,8847.405277077149
2834,23943.78186935884
2835,3896.5428368393746
2836,3087.0509782337754
2837,5469.20057045013
2838,52617.81543713536
2839,6209.3072096882715
2840,30620.813436989352
2841,58367.78955831081
2842,7451.3616963302875
2843,56581.13329873209
2844,4068.0974619820654
2845,51553.116595157495
2846,4375.286074927247
2847,80581.03557546949
2848,4651.86300311619
2849,5038.173421511787
2850,6533.596788525632
2851,5047.145773201359
2852,5632.966847190983
2853,11612.411696603198
2854,2480.0199217404543
2855,4187.180636633028
2856,6068.163895371519
2857,11294.990244804114
2858,1545.7417151301229
2859,5744.520997622476
2860,4056.7689788164002
2861,7758.74700050162
2862,2732.986853153408
2863,20698.818434943132
2864,4368.445739782128
2865,7982.577163851296
2866,4702.279183838979
2867,5165.17406735365
2868,4440.305528066331
2869,10348.160117090945
2870,3223.5217107377916
2871,10341.338187799907
2872,4231.318686444222
2873,39451.32032473195
2874,63380.410673241066
2875,9040.246091515539
2876,2611.076695260158
2877,4187.248145392742
2878,3276.908893972284
2879,23976.22799914344
2880,2123.6369695684857
2881,50754.296549184226
2882,8503.620978689829
2883,4387.321563208839
2884,53729.74944926728
2885,10072.393850487111
2886,59990.70581252694
2887,3915.7083923114037
2888,3986.301781326613
2889,3504.2115751072893
2890,6056.8794497662675
2891,5813.759755661038
2892,54970.1470118985
2893,4980.299306476766
2894,50087.4571325457
2895,14760.628939239017
2896,5257.1195868382965
2897,47348.06310411308
2898,60196.25218388137
2899,4005.1759937627535
2900,5493.286533235785
2901,3894.419309114726
2902,8541.989679535533
2903,5572.500427857081
2904,57838.177200268416
2905,8221.000449098297
2906,5649.78018513584
2907,5156.285010550992
2908,6392.1093681239745
2909,57642.57858348191
2910,8638.245398189869
2911,5433.581848767627
2912,50000.78702511561
2913,46424.491882628296
2914,13548.999612556943
2915,56524.51813280723
2916,2026.0640299551799
2917,35738.333524721354
2918,3730.0348693553246
2919,10459.095855803738
2920,5557.502558907632
2921,2941.948960262734
2922,5699.21472304044
2923,14183.88376050661
2924,52439.81834605244
2925,11354.259654814614
2926,3914.4317577377033
2927,2325.253504891865
2928,5427.267067824068
2929,5983.548802480496
2930,4439.6795692436035
2931,5585.32186407117
2932,5628.464545695357
2933,2142.422666685589
2934,75143.70708334477
2935,2079.653127289501
2936,6839.554979681242
2937,5416.899001180793
2938,52999.80439363826
2939,14294.784377994594
2940,4751.279546357094
2941,6908.16819806781
2942,12170.262405961763
2943,63736.92886113656
2944,23976.22799914344
2945,5518.267360147836
2946,7359.3629821742015
2947,7937.661687911516
2948,4428.038314407709
2949,6279.639359263116
2950,38265.48944423446
2951,45077.639559798736
2952,7708.230284569295
2953,44046.73767018669
2954,3070.472856120226
2955,11904.549302868883
2956,30628.62254900832
2957,5504.091055868027
2958,5718.819611432391
2959,9141.74602712729
2960,1958.4733886422532
2961,58215.63351908539
2962,55654.567331757666
2963,8220.320279020923
2964,5396.72468458612
2965,3891.288604076169
2966,1955.7302133539981
2967,44351.70579877301
2968,4560.211909554752
2969,11593.7269668693
2970,4106.750114441065
2971,11285.91749943067
2972,58217.614160649995
2973,57737.243872106475
2974,2820.040824509305
2975,58202.028821335996
2976,6128.675088978808
2977,5055.618214092207
2978,32694.58576853697
2979,59331.55216677601
2980,6245.355591532827
2981,3901.4734941001157
2982,27699.129651296393
2983,8147.345109861283
2984,49846.8906687678
2985,5748.888221693619
2986,4353.292094146012
2987,53418.137721026775
2988,9375.58406207541
2989,5452.189311928771
2990,4443.8490914591675
2991,49834.84403774457
2992,49761.56712644546
2993,57830.84331424248
2994,9756.341318044866
2995,5076.875942923743
2996,62405.42893169382
2997,10770.35106053235
2998,3114.6273719112746
2999,47214.198401183545
3000,34057.921619193905
3001,5135.808966461192
3002,4859.300054674205
3003,5907.7486884609325
3004,50366.25973494327
3005,4258.621074442987
3006,4122.708461435373
3007,43719.11373415582
3008,4427.207980333378
3009,4121.854058922213
3010,2194.126711170735
3011,33097.71137948389
3012,4431.455292169133
3013,6183.874861408426
3014,7223.995826698763
3015,50938.48279710235
3016,53617.20507887289
3017,12209.540871328376
3018,54455.20794346082
3019,66753.40285595211
3020,5383.150026678849
3021,9949.10735459033
3022,5677.163421570573
3023,4262.798000492852
3024,51218.12093622842
3025,2162.5703318715655
3026,5438.8464579929405
3027,56867.32121931622
3028,6199.912832581734
3029,11611.265844128284
3030,3528.9156475332784
3031,6281.901927010406
3032,3202.9767651273496
3033,5199.975397484726
3034,58502.88115273117
3035,4477.9240948314755
3036,3632.9393448784876
3037,10853.178325308676
3038,20692.408146466274
3039,11443.120467886794
3040,3862.2771644091845
3041,25135.85775088521
3042,13560.610965758005
3043,6502.387525018845
3044,46830.41391225715
3045,6211.6526951329315
3046,6057.629334790075
3047,6022.369631090334
3048,7011.678151829997
3049,14918.98931363359
3050,7704.500295346333
3051,2990.9540304489115
3052,23943.16163870718
3053,7175.138793069178
3054,65378.76852347454
3055,4442.023444608201
3056,56985.249068881596
3057,4829.003230721729
3058,52299.62759920752
3059,2644.825274375467
3060,63780.73671862751
3061,2722.071389615518
3062,54143.940007800324
3063,61114.264075796345
3064,4273.098845953144
3065,4647.300954796284
3066,6654.455082426463
3067,58030.148547631885
3068,8582.743103644323
3069,6029.603222957562
3070,5979.242993017648
3071,43931.2875387192
3072,5641.824919845588
3073,6124.267864702169
3074,5528.632942092977
3075,56094.91115184819
3076,5208.298417398844
3077,40892.500597486964
3078,4585.121748622683
3079,5832.932291107689
3080,1616.934278554626
3081,44003.02947603005
3082,6114.620268557723
3083,49692.10066998421
3084,5468.226456412713
3085,18121.946805313866
3086,60651.53255714696
3087,2630.5589911076636
3088,6033.8246777939
3089,54962.3816057244
3090,6195.951193881966
3091,52620.00402324849
3092,5472.580507588331
3093,44872.015072124675
3094,4255.204377408247
3095,66992.61586162304
3096,5746.437175400265
3097,7198.504142126116
3098,5252.778120226721
3099,55695.50099104013
3100,5636.355266024063
3101,6057.1243319771165
3102,48952.56937654821
3103,5326.551505925356
3104,49981.33287376788
3105,3469.006475262541
3106,13331.154102123739
3107,3519.9331102446367
3108,9476.17004290032
3109,62403.04802676555
3110,3928.3193889010377
3111,4314.2016565443055
3112,52244.95806162074
3113,4412.858173485957
3114,7201.029680150592
3115,49764.48289961804
3116,10450.719951355337
3117,2774.2483103684763
3118,22217.744840355317
3119,65640.29300884306
3120,2914.3900728092885
3121,40939.453329112934
3122,6067.914269013071
3123,5874.180980989009
3124,8859.020545274569
3125,8114.750931062938
3126,10155.107591712895
3127,5158.495131662813
3128,33174.00544831258
3129,44736.52050944294
3130,5639.817053540003
3131,5603.131519307328
3132,55962.600474727355
3133,7467.477437904901
3134,4416.464170619924
3135,49404.49560773508
3136,59556.16757220192
3137,4530.138197209228
3138,48712.06671469813
3139,54759.23036262645
3140,2914.9904029244253
3141,2597.8364015788848
3142,5685.285929063181
3143,11171.074560702022
3144,5202.906452219506
3145,7452.880737360317
3146,8559.329133331601
3147,50001.394094910356
3148,7223.672756715146
3149,12813.527045125567
3150,6084.4258378976665
3151,57406.005980665694
3152,8852.91297441275
3153,5558.11859667778
3154,5764.5073292855795
3155,50879.53632538786
3156,2822.4194234646734
3157,57153.24542647987
3158,6144.30199197716
3159,6660.837257171737
3160,4380.083306938757
3161,8349.045812097516
3162,5075.944671592311
3163,4755.8303887220245
3164,42376.37198468471
3165,48977.02390577822
3166,5080.568357592681
3167,7973.182503896812
3168,6123.671387281007
3169,58886.6763159541
3170,5393.562401388656
3171,4190.121328910514
3172,49226.22924393321
3173,5477.118735849714
3174,5756.594646559766
3175,3332.7471529189065
3176,13795.11343190245
3177,37999.78402672327
3178,7081.547214441675
3179,54713.92201869177
3180,45178.21924424493
3181,7430.823854829531
3182,60553.431107913566
3183,58598.395091526465
3184,3817.1851578024716
3185,6865.661485641943
3186,2382.473845430517
3187,55807.401279070764
3188,6679.039285123803
3189,8445.329385976273
3190,24056.854171864034
3191,4990.85600408409
3192,47379.5355244733
3193,56078.13567336486
3194,45378.386319554964
3195,20993.77076621423
3196,7615.451022127391
3197,50839.00418996138
3198,4799.889604003649
3199,7586.420172455968
3200,4271.822946272264
3201,52954.953401550214
3202,43587.72930686838
3203,5289.508856802281
3204,62146.02090622965
3205,24960.47744844466
3206,12930.084572564312
3207,22495.632429202094
3208,4761.051299844875
3209,6856.93957397924
3210,56766.29684618187
3211,6560.939307121
3212,23899.619635987216
3213,54077.63523958717
3214,4888.376912498997
3215,10532.213188461139
3216,52524.58401564085
3217,6740.04776247293
3218,56955.12400580358
3219,57265.825870168876
3220,59586.8838243994
3221,5948.020562760712
3222,4792.134326894999
3223,6966.2213125739245
3224,6579.147134537469
3225,3763.4156717828455
3226,2123.7073519118717
3227,2708.4304286085035
3228,5025.641519076967
3229,2748.732334588034
3230,5075.287210951054
3231,4708.8471232393695
3232,5841.6490480761795
3233,5305.915232941255
3234,55630.02524731606
3235,6818.116641339465
3236,15391.925187220908
3237,49433.56027566279
3238,5777.157329566616
3239,4488.712065097386
3240,2530.3080703838687
3241,8982.817251474384
3242,6625.992621181319
3243,5787.426267422179
3244,6264.509997338649
3245,62181.71810595525
3246,8417.629746934337
3247,53211.3893735912
3248,53262.647859665376
3249,51751.10192421407
3250,5829.022836414639
3251,68222.66904039565
3252,5274.006268346429
3253,5038.156720307424
3254,5375.324486099384
3255,4034.442695328595
3256,5863.346910761755
3257,11087.383907370215
3258,5786.1872355707055
3259,9686.137116064167
3260,4332.639892154048
3261,6603.155798461885
3262,53452.248260516324
3263,15326.589534196166
3264,44507.1155891029
3265,6417.927056354454
3266,12333.977936521653
3267,52799.83109060071
3268,5895.407134824395
3269,49573.39509783879
3270,61625.91255786122
3271,9583.592337169364
3272,5665.564873601579
3273,5011.327036963426
3274,41769.085845965696
3275,54457.61493354323
3276,49959.853706354734
3277,3698.5048055146644
3278,2183.898348514412
3279,7095.789719314208
3280,4975.527573023841
3281,4895.959971598291
3282,5998.64459492739
3283,5184.411625563649
3284,7251.661044306375
3285,6679.693914636862
3286,54852.54084759526
3287,49335.04723282407
3288,61333.14182206927
3289,14699.523952228301
3290,10869.47643781659
3291,5536.557086958439
3292,4388.748071547446
3293,3196.251303749136
3294,5995.815178979094
3295,4751.411136141856
3296,7532.610082947454
3297,66590.29161289633
3298,7762.418196382849
3299,6183.59558963085
3300,6426.59682506561
3301,21207.30556843798
3302,33276.87394769757
3303,7781.927189422478
3304,4490.624514064165
3305,6538.645703483203
3306,49359.51963441074
3307,4384.749844428445
3308,6800.282630118516
3309,9763.384732375558
3310,4938.991952288177
3311,4490.392966078958
3312,5957.744383708248
3313,54609.89673664918
3314,4593.246444220686
3315,8091.859260317191
3316,13358.181069015438
3317,2569.125917704438
3318,7901.577306193203
3319,3023.4251774961876
3320,33305.03415212012
3321,2590.754315116941
3322,4505.106859957134
3323,72310.21867806278
3324,6428.608504132011
3325,51531.083703650984
3326,4530.472212281898
3327,6423.092956798058
3328,56158.59722627622
3329,18077.945220090205
3330,3899.1688440742355
3331,4789.234265650206
3332,5368.712465251873
3333,51464.4097781491
3334,51530.39192656931
3335,64283.639920606765
3336,47963.62738712205
3337,53353.8856275467
3338,64805.36715417444
3339,38482.80655907585
3340,57663.55121212559
3341,2796.802142403226
3342,10903.435107566991
3343,44881.33635855834
3344,6229.21019714214
3345,37398.277474721435
3346,7009.595542177828
3347,5572.295044636205
3348,7324.263287823993
3349,42790.124090997946
3350,53154.949846228534
3351,2882.6624052860407
3352,3162.8496503068422
3353,5435.399049659949
3354,33480.46451695686
3355,3992.648763620563
3356,16284.871686662818
3357,5161.666897547653
3358,55661.495732476375
3359,2639.165584474058
3360,5410.5587014103
3361,46292.66734547503
3362,4480.584779700256
3363,75707.3972316358
3364,5735.270210612083
3365,24026.454930260472
3366,6149.36226028945
3367,4111.434530354606
3368,6078.129458853151
3369,44051.5370645493
3370,43080.57568057525
3371,2783.4847593166696
3372,4524.717677768563
3373,5480.193595779141
3374,11190.638496971404
3375,6049.847096122005
3376,4744.228055470355
3377,46728.73944174828
3378,6215.643657275418
3379,10482.01675667294
3380,5450.791915301352
3381,48553.57024778455
3382,30027.71551593823
3383,6458.550535812843
3384,9668.681296073742
3385,6660.572584167772
3386,28462.461648834087
3387,45959.04166807545
3388,2731.606913558422
3389,5423.898838420227
3390,15756.520926995261
3391,48495.238434579136
3392,7574.604037723315
3393,38623.808254126016
3394,2585.0778677264952
3395,5873.320946747272
3396,59081.96385717061
3397,1654.6138313383358
3398,52783.23620168348
3399,4229.606196494068
3400,5663.293944510438
3401,4983.813272813477
3402,59494.666133322404
3403,4905.2000044908455
3404,6573.789093297729
3405,7856.672356247291
3406,7982.935778325908
3407,42104.49179867201
3408,2906.6045704587286
3409,7563.2877591650085
3410,7632.313501065784
3411,5495.1112536219625
3412,13280.836322527353
3413,4697.901577800538
3414,4988.270565631352
3415,3990.2827662191885
3416,4682.813798690849
3417,4175.489115146169
3418,11039.711709937072
3419,4687.371553108107
3420,2184.0643320523486
3421,3609.300463182544
3422,5337.433476391934
3423,7423.202262292042
3424,54529.405333279174
3425,5097.554029734724
3426,5059.4491999088905
3427,11861.444209233177
3428,8308.410632374273
3429,4010.095445678391
3430,6092.508845678414
3431,6123.992683952463
3432,5011.93679199641
3433,36525.5135357139
3434,5048.065007673881
3435,3759.4070885159963
3436,3472.0927721013722
3437,45549.759530072595
3438,51501.45082401798
3439,4910.896753846448
3440,4546.47286950153
3441,2522.3067328151656
3442,4415.851152259954
3443,8761.26036746104
3444,8535.30746600841
3445,6072.337549584257
3446,7256.6908933029035
3447,53615.68116161069
3448,3964.70393790297
3449,13171.778977023823
3450,4788.375809693991
3451,3590.313183249981
3452,5169.769200398023
3453,5554.54464411872
3454,2857.215898902935
3455,6786.105716516892
3456,7195.761326895995
3457,6258.222149106293
3458,4401.424636988203
3459,2480.0499445154
3460,5115.8894775683475
3461,10966.224005684033
3462,59492.25347817514
3463,11486.337405806122
3464,6832.18305653216
3465,4147.022649901982
3466,3854.565576477921
3467,54371.80224768659
3468,3508.1881652305137
3469,2451.81188021372
3470,9483.743134350585
3471,58976.32049027921
3472,4640.508235024995
3473,53631.21926310937
3474,4058.4082785201017
3475,11352.049281752363
3476,4159.123585550953
3477,67993.91568640263
3478,7782.272704255669
3479,12506.185120346105
3480,6340.071093888923
3481,55895.634922814985
3482,5963.511939885333
3483,3797.734461356611
3484,7221.399145873964
3485,45937.25647841255
3486,45394.099599877474
3487,12513.353125304751
3488,47414.693281555155
3489,4294.7168579612835
3490,6402.090153304605
3491,5188.405745439726
3492,38835.77686997275
3493,2315.695651476816
3494,56808.047736098946
3495,6605.594949646318
3496,1770.2958361705714
3497,6171.283490667117
3498,32276.029219241816
3499,12494.617254271883
3500,3908.8854085626363
3501,7356.256786842342
3502,8512.339020739915
3503,8620.852594579714
3504,60074.141916352004
3505,9251.462813867682
3506,6312.953113742231
3507,6219.901529602114
3508,4564.148650468328
3509,6303.8570667016465
3510,7465.362285114171
3511,11934.404349497992
3512,4646.730033366067
3513,56431.801611705974
3514,54506.779101918786
3515,4201.18861819526
3516,3697.9458358525126
3517,6602.892107633291
3518,7049.266300609159
3519,57170.24245668327
3520,5707.929938296019
3521,28820.45496105365
3522,3777.7168393281213
3523,57849.85307170337
3524,43642.15244134929
3525,54915.61968220618
3526,5320.462593566992
3527,5075.915967182014
3528,56721.69745161256
3529,13086.406570181702
3530,8365.516559767093
3531,4118.351296714271
3532,56614.64534582634
3533,55720.17254981075
3534,15750.989775384929
3535,2628.034720249812
3536,5171.725449961133
3537,4163.015202562322
3538,64520.88088227596
3539,59437.58590617984
3540,57086.41951817912
3541,5481.901390065439
3542,6880.928284202503
3543,44609.77173704518
3544,4196.636368994741
3545,51374.306210722876
3546,66949.94412386922
3547,6302.343045327494
3548,5652.233266620608
3549,6970.239477489245
3550,56860.695046112334
3551,49013.7449798152
3552,4358.380655708654
3553,6313.297604818622
3554,6959.22951650413
3555,5547.097266694967
3556,52579.65750723159
3557,7472.466661106552
3558,61512.1831862466
3559,5644.982702793202
3560,7128.833144671575
3561,4589.770465251269
3562,6830.257356138826
3563,54796.93047709174
3564,13395.788469603202
3565,45901.180768300124
3566,5054.387571137045
3567,4566.735031574983
3568,11322.4032892506
3569,11808.541732690008
3570,58541.86555582157
3571,4767.645084870542
3572,1776.3617758577182
3573,5108.910760965601
3574,4936.492371807459
3575,10464.951878158652
3576,45767.48243855257
3577,11287.35036176692
3578,13223.096160225596
3579,3369.5082076964954
3580,6146.2797764402
3581,4192.347242220775
3582,50727.778786087525
3583,51638.99047553135
3584,5790.628787615601
3585,2109.7526054093605
3586,53878.606529564786
3587,8114.4056618953955
3588,80044.28258170791
3589,4265.958409819226
3590,33259.172233845406
3591,4675.98083190162
3592,6140.2050387252075
3593,13367.012336358934
3594,5834.376698094207
3595,2010.151190293769
3596,5659.868323387069
3597,3895.1374914003586
3598,5743.972574517784
3599,8998.383319882987
3600,6774.064656427003
3601,6738.850451275968
3602,60159.00940893162
3603,4826.437934687706
3604,6049.271748581725
3605,43153.56026389433
3606,25522.995171665123
3607,6055.576580624093
3608,53600.32308081776
3609,6680.6825906625645
3610,54476.183034384536
3611,10018.577007927466
3612,52457.462114470174
3613,4343.539223104216
3614,53137.529761647456
3615,49590.73483575485
3616,57426.53187271359
3617,5728.402292482121
3618,5152.672435723759
3619,7963.591525335429
3620,6310.440521548863
3621,5139.013186882955
3622,62610.32619939326
3623,56173.98216982547
3624,58026.70342343281
3625,6551.535305339286
3626,59846.97318399158
3627,55838.664457890765
3628,8188.125877709434
3629,62533.10002970004
3630,68033.65003338801
3631,4004.2889853091256
3632,5431.012017624674
3633,59072.755429774305
3634,5037.015028560777
3635,11075.959236009458
3636,21448.0950848222
3637,6341.1193612748475
3638,38227.08823541882
3639,5587.114146241583
3640,7694.773223296135
3641,59856.9112235864
3642,6884.793297385308
3643,42928.60474255486
3644,44672.44071700251
3645,11929.568551478045
3646,7656.207144241492
3647,57774.62969027577
3648,3048.451281621499
3649,2434.2119105822076
3650,61363.369417270645
3651,10018.626701100718
3652,7620.735887892971
3653,11290.9501444113
3654,52031.02423976651
3655,61176.96802959867
3656,44712.96573162703
3657,24327.728117027134
3658,3844.859098640877
3659,5625.765527789371
3660,9431.392927967632
3661,4479.495170239234
3662,27913.870187122327
3663,6532.6825972109855
3664,35107.50925131645
3665,6179.439955288561
3666,42564.33597846246
3667,53171.95410153487
3668,5862.117087169856
3669,64335.67136377394
3670,5808.622681702596
3671,55861.524556899814
3672,5384.85523547226
3673,3351.328914577575
3674,60632.61707748772
3675,7723.182217925469
3676,5906.866512708719
3677,8030.027176210551
3678,50280.442671579076
3679,5042.4988487558085
3680,7398.668816297449
3681,7465.854412808221
3682,4375.078427159471
3683,5855.599648407622
3684,5059.902594637821
3685,3124.280101591171
3686,5810.0092149512875
3687,10699.246225417612
3688,61113.86351542684
3689,11379.10991151308
3690,5475.205879399743
3691,4789.548522781585
3692,52968.520066922036
3693,5999.620191636072
3694,2497.1117710772887
3695,6915.603830860286
3696,64138.645417593434
3697,4264.518941295079
3698,7442.386093115468
3699,51240.905720514755
3700,8672.47257676674
3701,6067.873405566779
3702,4713.0028776873805
3703,4699.079965338236
3704,5443.78129517382
3705,5604.78451409688
3706,1813.5311598275086
3707,12640.043069648316
3708,3572.5558284304957
3709,4812.693841493416
3710,6793.905544223815
3711,6137.9234723612
3712,8675.596359077976
3713,51545.48707863419
3714,3120.8730916006098
3715,5214.4864907439405
3716,49340.6427385838
3717,32270.81552143609
3718,4583.952789895324
3719,9597.249805708414
3720,37309.22403397366
3721,4625.950456960765
3722,6873.091122515014
3723,3755.3782377144526
3724,6154.72945992784
3725,5894.3734719012355
3726,42355.832825303005
3727,13905.563144085296
3728,3503.2064256926483
3729,47261.097224994395
3730,4620.530652760168
3731,45900.066596234275
3732,5768.442631936836
3733,3391.47802291475
3734,6710.606034032101
3735,5039.701755268374
3736,53214.69562223718
3737,11824.02776022915
3738,59795.79319164456
3739,51700.55436791358
3740,5786.575933153899
3741,12335.179960339417
3742,8346.170192280268
3743,8410.389811428955
3744,4545.894757643153
3745,50978.77654976192
3746,6694.068728345237
3747,4838.380450720816
3748,10799.12381048683
3749,8555.84866830416
3750,6981.889718161279
3751,6793.061002941993
3752,41406.250468090395
3753,5428.142767309736
3754,64988.84299723225
3755,67469.60053728712
3756,54992.02845938833
3757,5495.040418782678
3758,11774.682704409322
3759,6662.075737644648
3760,46864.37472078692
3761,2620.3159773873967
3762,5390.054090781212
3763,6462.743366976886
3764,30664.835107108483
3765,5228.755754596565
3766,6872.840770460907
3767,3936.631191372669
3768,3426.670452821858
3769,31940.2727489476
3770,50280.10354647087
3771,7209.298605788822
3772,9059.44054707068
3773,5468.129777331686
3774,6512.251677468731
3775,12484.430760560099
3776,3743.8231362781366
3777,55793.28583562191
3778,8346.405857401463
3779,58745.49460962776
3780,6601.182915933101
3781,51096.80526531252
3782,2957.333305122881
3783,7797.991079564224
3784,65208.48134312381
3785,3041.0160653071653
3786,5848.851995034471
3787,4712.703956515217
3788,61775.08364029328
3789,5048.047852577782
3790,6016.657166585468
3791,56860.695046112334
3792,4394.573571406329
3793,7336.333935158344
3794,6118.310733368905
3795,2686.3823178604903
3796,5613.51420221029
3797,10302.228772282675
3798,54122.51208256619
3799,59769.5171222435
3800,5586.806404936839
3801,6761.011036362428
3802,53454.39200418805
3803,4461.57237254092
3804,4430.593816365461
3805,4553.445537311869
3806,2093.232490996067
3807,10680.055702288708
3808,4056.6909887106904
3809,5059.817770446026
3810,7532.510280892335
3811,10535.527719236377
3812,5906.981623275189
3813,4054.218500255211
3814,4948.674930179638
3815,4720.907433122482
3816,5374.719370174924
3817,12466.841750051077
3818,5276.116842225478
3819,4872.649376085436
3820,55929.669658517225
3821,65398.26217477117
3822,16442.155682062526
3823,18127.048339369216
3824,12063.226194537667
3825,4255.566527045818
3826,10543.350453921707
3827,2623.0459817911797
3828,61034.449929262286
3829,7743.6025041363455
3830,53946.19757650129
3831,70660.75875101566
3832,52352.578086596346
3833,5621.71212491188
3834,4638.0330398402675
3835,59123.80525672061
3836,34763.82482693333
3837,63566.83328655461
3838,48833.144147807776
3839,4111.355086853419
3840,2292.9305331775918
3841,4511.938083010988
3842,33038.71080378694
3843,9002.29093845074
3844,55203.476208518056
3845,53031.13999374493
3846,3870.1403199447564
3847,5455.298148723623
3848,55003.35289277689
3849,4226.800977073044
3850,4435.249024664642
3851,3659.738064069343
3852,2567.0603885836426
3853,61771.57161211765
3854,2261.260270117971
3855,3768.525878027586
3856,41710.7998784929
3857,43695.97486277537
3858,27879.537964820956
3859,8738.276863565203
3860,50257.997090365265
3861,4461.67267916561
3862,14833.861561133255
3863,60553.07116165367
3864,4753.831821808177
3865,7309.372344138401
3866,4784.109574792536
3867,31187.846968571543
3868,46985.3371491055
3869,5046.832180642439
3870,4003.667325410663
3871,5792.43434352648
3872,2398.335357301842
3873,54596.69524814339
3874,3512.0406748655414
3875,11393.715187775928
3876,6657.480873395571
3877,45441.13140318578
3878,6813.737837398012
3879,7019.149913376011
3880,4441.652868042016
3881,2655.1731192115167
3882,57994.17443051511
3883,4492.73536789919
3884,11396.812284189009
3885,63381.07476391762
3886,3491.5172702759373
3887,6188.2508507280245
3888,71049.59856386928
3889,37474.04253701198
3890,7230.8195147174965
3891,62277.28674471982
3892,55192.52030140211
3893,4164.622052472376
3894,67734.11237636184
3895,2937.6861215499043
3896,11491.97250939291
3897,6483.732001459684
3898,61205.25306668019
3899,6287.394040922045
3900,7389.40452293787
3901,5186.698627235903
3902,25365.164781777654
3903,4418.86927155218
3904,6531.074102154717
3905,73200.82142468594
3906,3398.9757828425045
3907,68352.87001926509
3908,55195.401162964576
3909,16620.034991791308
3910,41778.3976096252
3911,8842.269350801727
3912,56204.63143712873
3913,49708.18115278836
3914,10035.46159383598
3915,22187.602309354905
3916,4570.990308955536
3917,3450.0559301867133
3918,12822.065778250988
3919,4503.77341564079
3920,3706.0279271015715
3921,3331.8969952884386
3922,10060.864516726551
3923,6764.199593730599
3924,54179.68622383721
3925,5350.649381965815
3926,59791.516505872074
3927,4349.684220781924
3928,5032.60148928926
3929,44026.449190643194
3930,5057.359954127883
3931,3074.661851618167
3932,3661.469715360334
3933,59188.70022121913
3934,57092.148158105425
3935,2479.6679550927265
3936,80790.2779248942
3937,10878.338020122947
3938,3165.7834315101363
3939,53167.65650229456
3940,13040.621629915126
3941,6710.919956476904
3942,62622.3470756651
3943,7499.630644890177
3944,5957.653266689918
3945,5731.940555800364
3946,53190.46871723162
3947,49074.16294546758
3948,53589.97196824664
3949,11947.187016324508
3950,5789.463770648392
3951,10641.20629778579
3952,56259.061449730274
3953,4402.001213317731
3954,38812.098083386394
3955,4501.947579421092
3956,32949.960765202566
3957,61167.58753084401
3958,62090.602257115344
3959,7353.248786768391
3960,3693.45424355712
3961,2721.5742306251836
3962,7580.845648424667
3963,5170.194565254212
3964,48417.2994571849
3965,60903.394556024185
3966,3990.0337261821014
3967,52202.52584271547
3968,35859.21770575203
3969,5413.339838634967
3970,4102.726148775421
3971,4234.662107216958
3972,6732.940571778234
3973,7094.4003467669045
3974,44544.35218721778
3975,6413.736205216923
3976,11933.325518022282
3977,6417.575709948955
3978,4327.216232891444
3979,4525.001079826029
3980,61316.3793541788
3981,3192.821871423267
3982,5808.856716100817
3983,6175.582426841692
3984,46914.25731803694
3985,64002.69505531863
3986,62474.81202092505
3987,58469.9504086155
3988,4250.44876052273
3989,3147.413402408373
3990,75212.5680685039
3991,5317.543022483514
3992,4775.683006662376
3993,59700.784680939076
3994,5768.813832826214
3995,11189.255794886692
3996,7002.091908284758
3997,4709.108700264044
3998,67745.09574656366
3999,5007.071517006828
4000,12098.087570286618
4001,6003.1110137502665
4002,62433.17563626398
4003,5390.059591364519
4004,12320.322446716014
4005,3301.310662928817
4006,8035.873746926124
4007,51981.34784640002
4008,6631.298850347008
4009,53227.92104574716
4010,53721.812453767314
4011,59799.29951140077
4012,55133.76494425308
4013,9443.800685809269
4014,57489.233239542176
4015,5344.938782854022
4016,3371.159322471309
4017,5645.6219123135215
4018,6334.700050703797
4019,6250.719286665622
4020,60740.748991436725
4021,30043.166892477293
4022,10729.498526042295
4023,5633.978435525762
4024,11587.433714465074
4025,56406.74558436228
4026,14182.983155167383
4027,42252.72655514053
4028,41985.75708287554
4029,3134.479215177591
4030,7600.57984443679
4031,67344.35800028988
4032,53593.29119013405
4033,50902.89196946693
4034,1848.9584779153965
4035,2399.7837103195093
4036,60023.5849952776
4037,53553.740302378756
4038,3916.653872122358
4039,6332.000558591173
4040,8108.962026386583
4041,4706.942865588201
4042,9482.803489055614
4043,5532.965828488343
4044,7024.385595920214
4045,7891.280204715939
4046,6651.126889763802
4047,56445.53229257148
4048,5600.418148347888
4049,7789.605179781956
4050,59654.471508577575
4051,59601.57298313478
4052,10873.94476064311
4053,51177.67204650391
4054,51116.18313021178
4055,57119.48794187936
4056,5189.263546502332
4057,1992.54349310585
4058,6545.864332317512
4059,3920.2997256612803
4060,7391.3852578398655
4061,32613.52651825509
4062,2408.5911607567364
4063,60978.49459033408
4064,8390.494912708546
4065,7277.889085706292
4066,51221.84772679074
4067,5564.993818539875
4068,11490.12351318112
4069,5363.669535832811
4070,38089.956741325856
4071,2850.5591595216583
4072,54991.39066053679
4073,53177.420825544425
4074,13033.778841103815
4075,4153.6430952337105
4076,8047.066559136584
4077,64383.5489780399
4078,49495.077819635146
4079,6197.126244620716
4080,64728.12921339282
4081,4457.274484769873
4082,31730.46403503964
4083,6017.076681887807
4084,56612.86300215646
4085,61266.0435889943
4086,5334.106910982824
4087,4456.371293328424
4088,42776.267752949345
4089,2558.1254630232506
4090,52247.69240386056
4091,3388.5665356452173
4092,6397.357908297568
4093,53102.97376599118
4094,52502.56046267429
4095,46519.22323539735
4096,10366.843144496332
4097,6224.863630297437
4098,9469.960428987652
4099,38705.27392794004
4100,7714.695565238292
4101,45270.21383944532
4102,5596.439735435188
4103,5670.3732204490325
4104,4690.763331741443
4105,5372.353242673786
4106,52711.87751105058
4107,15904.226368377786
4108,4634.442170306608
4109,5573.435362840209
4110,5939.8408259002945
4111,11631.991362839533
4112,2077.029345427451
4113,12911.173218404907
4114,4054.5131466779826
4115,2391.7694841598704
4116,4685.049980871526
4117,5151.715222355899
4118,5959.887819690485
4119,4671.263060136568
4120,51924.65625480104
4121,7166.515209075991
4122,12144.262606630185
4123,12425.646090691598
4124,4607.77461610522
4125,5863.502031325419
4126,8827.393353046788
4127,4713.513224739981
4128,5695.362060614803
4129,4829.799453379099
4130,15532.232181969843
4131,74895.93672090348
4132,44636.33413368001
4133,8000.599281546917
4134,2977.46504489599
4135,5039.542878376229
4136,3903.936591406393
4137,8574.400689125025
4138,4993.816571877484
4139,2081.083130042496
4140,4395.329225775965
4141,60095.20628095652
4142,6172.419134746691
4143,4682.972964817474
4144,6627.442738289739
4145,6599.806448187961
4146,5620.5881255798495
4147,5301.022323909959
4148,52497.41757014736
4149,52442.224127932575
4150,12228.770993691409
4151,22217.30874221062
4152,70942.44837295731
4153,14182.933588307404
4154,51953.39169429577
4155,53599.54495472258
4156,46594.172854064775
4157,2508.5373925321746
4158,42065.327298133365
4159,4184.454871228562
4160,8749.74816000906
4161,66525.55237750772
4162,4010.793094597162
4163,14220.277395747868
4164,32113.404416245667
4165,5780.611486036138
4166,5652.325652499448
4167,5747.104818655808
4168,7487.043514747597
4169,6998.652447999694
4170,33996.535040398754
4171,5324.080747929418
4172,3855.902813577094
4173,5243.801512743546
4174,6132.509797112958
4175,53218.76865989906
4176,39147.22132638322
4177,7096.327699045267
4178,4175.997698036361
4179,51596.18638394628
4180,68738.32517688714
4181,41820.51545214474
4182,51711.973745609066
4183,7637.9686350424645
4184,55374.63077279408
4185,4174.112420660048
4186,5315.320489202669
4187,11359.902010074142
4188,45627.79306649824
4189,4593.530092420264
4190,54907.45334473124
4191,50110.171149179034
4192,5147.020154666595
4193,5654.980078557292
4194,1818.5162527787625
4195,9828.869152966343
4196,59989.33958450888
4197,5555.521772824923
4198,11720.991682751244
4199,6324.981983073454
4200,6349.808241098767
4201,60075.67702878993
4202,1878.46293174362
4203,50118.09548645095
4204,2564.6863338774924
4205,6330.484572321593
4206,56007.487846868615
4207,46584.96903332797
4208,61821.79679279253
4209,4640.360793546096
4210,6116.874225700718
4211,4476.215161070646
4212,9171.022754005171
4213,50323.028877239674
4214,51684.34504011585
4215,6440.0797492291495
4216,7426.143054216569
4217,4816.488566296486
4218,4833.427500690727
4219,3191.9010023655355
4220,2745.348918704192
4221,1757.782319765027
4222,50260.159653077004
4223,6673.952314823535
4224,6351.639305534111
4225,56269.36955398443
4226,59990.13056661154
4227,61567.764748176894
4228,8950.894741111339
4229,6887.591036496613
4230,5761.610324691297
4231,30756.76563761397
4232,3986.1217868059557
4233,6303.108419935675
4234,56547.03773880308
4235,4221.930116144888
4236,48933.04176233362
4237,5976.552795665954
4238,43124.932579620254
4239,4518.7441284844945
4240,51908.27359477592
4241,48315.0915526593
4242,3038.8351578643733
4243,55816.98351881812
4244,55854.26689274638
4245,4512.945469035874
4246,56323.115851234616
4247,57495.08314106247
4248,5965.628072215075
4249,6114.251381677124
4250,8246.742715396462
4251,12749.171137921225
4252,5208.52112229002
4253,5123.056697440932
4254,64378.18221916337
4255,3360.190317992213
4256,44633.53816509639
4257,50573.35074212921
4258,4609.444211493529
4259,5074.697199312157
4260,6518.110389200554
4261,2980.956469677305
4262,22173.0386355468
4263,2533.648902547123
4264,5325.104711447795
4265,5620.5881255798495
4266,7459.77394214294
4267,48896.386050338726
4268,4137.910026329446
4269,6028.702487512872
4270,5610.563404310675
4271,24055.981795837455
4272,11030.192449995566
4273,3308.6816153748896
4274,51359.487847022596
4275,4570.276754993967
4276,56158.25112287183
4277,56371.48705516194
4278,11747.007638639607
4279,55329.32754197946
4280,54774.10887808996
4281,8002.2335493107375
4282,63552.92297370777
4283,3248.4441992974607
4284,6556.052280123529
4285,2427.161479155311
4286,54744.509311164526
4287,58938.41669786559
4288,6737.24493744725
4289,2426.2662887303936
4290,9798.94552147664
4291,49084.3545289906
4292,5715.9033499171255
4293,11827.444225564883
4294,7814.230155630304
4295,42110.58244519153
4296,58279.1179176563
4297,6474.65866912086
4298,4175.143708945699
4299,29939.972169327037
4300,3647.9354964314916
4301,70050.45700253188
4302,5128.084147433968
4303,4699.405487938971
4304,62588.615694600085
4305,6611.464113838301
4306,55559.34111054964
4307,3919.6126982857477
4308,57005.34999929441
4309,5969.128367670455
4310,4542.65046125098
4311,6019.757942300268
4312,3062.3028531103187
4313,3653.7663014125355
4314,2941.2014049970767
4315,3970.7484886704556
4316,1804.0761712228032
4317,6079.206026706041
4318,11104.773128815248
4319,8477.627774478242
4320,63463.946612548905
4321,6429.401465165908
4322,5021.3861514675555
4323,45600.96355004498
4324,55712.077190358745
4325,5821.847743470851
4326,7209.910507680119
4327,4515.980128121768
4328,6583.822543260823
4329,57757.66765610596
4330,7827.973083976756
4331,58442.4909433182
4332,3866.3504806743385
4333,5416.114007783108
4334,57171.31974853619
4335,53526.30677331665
4336,7640.873693986331
4337,3095.782594199147
4338,3873.012392563206
4339,3507.564327154514
4340,47207.311626020666
4341,65103.087994236506
4342,6998.505589455425
4343,50226.2944473574
4344,4416.876707804497
4345,3491.5588129780635
4346,4821.048111688171
4347,5756.368235833135
4348,4891.707471999565
4349,5095.036929549749
4350,9888.873196100332
4351,7240.280863272322
4352,6658.329122787509
4353,2562.6211146533387
4354,47373.0658785891
4355,3325.5272601878687
4356,6947.290908056106
4357,9448.169247536927
4358,4757.672483244044
4359,1737.5675460672567
4360,63943.61844477402
4361,2197.7314386822686
4362,2270.910809915436
4363,12805.06505196859
4364,6545.035648289568
4365,7633.702273800513
4366,5680.360685657686
4367,55593.07530470743
4368,2887.0405223060147
4369,3586.204343155174
4370,4175.802381957852
4371,4840.037587756435
4372,17458.271293809954
4373,6187.058815482675
4374,4061.814659055383
4375,64640.399597674936
4376,45930.75188099995
4377,5108.386635813959
4378,46007.22654850544
4379,6108.628621694368
4380,40423.42908259378
4381,53165.85483149224
4382,5506.52331973122
4383,6533.003428225079
4384,6584.715465705909
4385,23641.17845059906
4386,11017.884299162155
4387,46619.14455462269
4388,5941.55124734921
4389,6473.168593527648
4390,4434.322418028403
4391,9298.451253551557
4392,53613.619757671695
4393,42915.27273922905
4394,49625.12084721905
4395,17979.18084222248
4396,5898.8945046209155
4397,6672.2581080992395
4398,6172.958427656214
4399,6955.1858013273195
4400,32742.45203746109
4401,7161.357560830459
4402,71829.32600251478
4403,48182.4208262231
4404,8859.523684235504
4405,12970.237989036661
4406,13541.943385688304
4407,6375.027618307551
4408,7042.026137697783
4409,15105.621684426083
4410,6058.072734848234
4411,3370.8432379057326
4412,8013.880261152367
4413,2950.9941620217137
4414,71952.02036492259
4415,12621.558273733033
4416,13044.141766255929
4417,56762.817722438806
4418,6682.3255075430225
4419,6857.965470257408
4420,3816.1732111783563
4421,6163.817775534768
4422,5517.817743150975
4423,51217.34501382705
4424,6744.702615576196
4425,50915.23360831026
4426,9482.420153634033
4427,1793.2653461837579
4428,56285.14354583444
4429,4364.264784863027
4430,5602.235691056187
4431,6220.1655690525895
4432,6762.684583392041
4433,32610.174550641976
4434,6227.615366146638
4435,60209.03898905046
4436,14660.439062088983
4437,4769.468639786488
4438,5743.164023967522
4439,5358.854655017642
4440,49602.81490430178
4441,51347.023678957165
4442,4682.519786361304
4443,5583.276988072512
4444,6139.627780604486
4445,6473.854427078499
4446,7446.21006670501
4447,9970.931707211183
4448,4156.292136031252
4449,4734.777485821735
4450,8865.650923574696
4451,4512.064689676157
4452,60379.2455043459
4453,1925.896290432469
4454,10620.070220915039
4455,3073.1724512790943
4456,5579.08382688777
4457,2526.1305806729724
4458,5962.879111605889
4459,10116.792092011046
4460,7036.718282703475
4461,5911.284964967399
4462,6039.685585718058
4463,4751.981788690996
4464,10921.60552661372
4465,3372.8870692311707
4466,64059.349443008905
4467,6043.210473295133
4468,5407.211470727418
4469,13405.094903892677
4470,58684.94616622943
4471,65115.999876868875
4472,54509.581399327035
4473,55901.586306134974
4474,5837.182950380275
4475,3569.627121414415
4476,7485.077973670352
4477,5444.036163104026
4478,32803.146583813446
4479,13090.940860531035
4480,52297.628437896376
4481,3713.380645296616
4482,3541.178397562198
4483,3996.615462755767
4484,5796.970723604871
4485,22481.6447846218
4486,45436.808418951645
4487,4903.871136389486
4488,3248.197112769026
4489,2261.8225039914996
4490,4503.768666718343
4491,3697.120390616581
4492,8872.769380831178
4493,2598.045478231231
4494,4878.81055777459
4495,9435.584391939447
4496,7880.03956490205
4497,14990.713965888172
4498,7402.087778335824
4499,63965.16481418544
4500,5685.972979742351
4501,5561.457117355605
4502,6657.645442297126
4503,6245.164241779024
4504,10169.653341796591
4505,6446.693602532644
4506,50285.86330461357
4507,6078.603685488688
4508,4302.118373414661
4509,6750.23271653775
4510,4864.963274593814
4511,51241.30814613323
4512,3780.4264674415194
4513,4124.466000828914
4514,45549.09091744127
4515,5360.414514261707
4516,49750.85451660568
4517,4085.793654105305
4518,4896.123350823539
4519,4851.201632993615
4520,56078.19020715355
4521,6394.374144058251
4522,29620.91199455038
4523,5062.79274440656
4524,5804.789240883543
4525,57142.08344548074
4526,3607.813668883121
4527,45548.248203737196
4528,63481.700478086444
4529,61423.49311408629
4530,4868.238714274878
4531,53049.069795175776
4532,2500.6751707110725
4533,5653.067301454761
4534,55723.179553997936
4535,58594.991008876415
4536,6025.851246001521
4537,4215.764904004954
4538,46690.90409351436
4539,3562.6499882014787
4540,5866.166560655572
4541,44640.054249134526
4542,5991.960217461912
4543,5761.9283067978395
4544,28054.68812337464
4545,11418.699291452072
4546,57143.29810023091
4547,10375.552086153497
4548,11947.622115671367
4549,11483.971258519721
4550,2371.2042330811787
4551,5534.228687998822
4552,52584.79450863162
4553,6378.121332308488
4554,52559.366169040164
4555,7152.44345958295
4556,11000.38735812528
4557,7087.151552015677
4558,60087.53967751261
4559,10585.842042999186
4560,1751.5959112394519
4561,5121.628209497975
4562,49959.28109809002
4563,4248.0022125728765
4564,4887.912934251529
4565,54962.26909328465
4566,5183.182831919839
4567,49665.592334526016
4568,4689.214764394993
4569,15142.74741098692
4570,4461.749611096797
4571,3772.759554544633
4572,6495.6856396278035
4573,20916.579922383575
4574,4676.581388340891
4575,16468.12957184427
4576,4950.454252500251
4577,4168.8748153176775
4578,49670.30593410198
4579,6388.072648872403
4580,7434.502472953408
4581,53011.85308694352
4582,6234.520816766915
4583,4417.712451240566
4584,5509.16099058983
4585,3546.7962750680235
4586,11443.29747138857
4587,5682.922515509703
4588,5298.388789707406
4589,9835.659917902005
4590,49480.00064278614
4591,58347.44427643572
4592,2135.314205453113
4593,5215.421617265423
4594,9186.2205789046
4595,4478.726337685478
4596,2596.5591942860638
4597,4645.499212693726
4598,5919.69671719098
4599,2416.232405386824
4600,4384.999052300974
4601,4244.826850687292
4602,5993.013672373521
4603,4836.354107406699
4604,5365.048012311239
4605,5716.927382190028
4606,28113.596027355943
4607,2587.740855604661
4608,11857.88831891958
4609,4353.042392160219
4610,10210.99282471253
4611,23670.52789837933
4612,3477.308727881155
4613,5389.771533151734
4614,6845.063450492609
4615,63422.99711309318
4616,15729.906744098185
4617,44749.14657770004
4618,5372.477648068163
4619,7630.753810017111
4620,61897.249305577614
4621,1802.0738796274209
4622,12064.263382776804
4623,11089.836867062433
4624,5707.77707671659
4625,7166.259204127041
4626,6246.126730449516
4627,4170.274907006353
4628,8401.2743208796
4629,2775.7557007233
4630,6253.110737030438
4631,4578.970954457676
4632,7886.863410955313
4633,46592.51725467923
4634,66189.92624724108
4635,2272.6610758867396
4636,5681.99071227895
4637,7027.760307847567
4638,7465.203760190429
4639,2646.8945318587157
4640,3567.8308651252696
4641,20698.818434943132
4642,6490.780658577463
4643,3977.9113449167107
4644,5905.372067324254
4645,5871.774258265281
4646,60004.1755857107
4647,5471.041161773417
4648,73783.82003119319
4649,59235.247808430766
4650,8152.046147259272
4651,5400.617927568241
4652,5299.710943882927
4653,4356.3205799010275
4654,1987.1448448359245
4655,12506.173591820487
4656,2252.0610582693007
4657,56758.30732084994
4658,10072.404216393315
4659,8752.8095371022
4660,5248.214216859904
4661,44670.77366782505
4662,5501.754652874221
4663,5052.532005702464
4664,56585.14362034395
4665,55773.78648738303
4666,4221.503470346722
4667,7176.144051459807
4668,64556.64383367856
4669,3940.041754728182
4670,45727.454446021206
4671,46545.63192963095
4672,21502.489321817462
4673,2937.948483326749
4674,3585.572109319404
4675,4589.285341075076
4676,5293.771020887283
4677,5142.777822581451
4678,62303.93697482834
4679,5520.056877197456
4680,65186.80614730849
4681,65206.222775569215
4682,4140.028358972404
4683,11011.83451665901
4684,6333.317790670903
4685,12875.53174315915
4686,55558.85339856031
4687,4218.29872810985
4688,14630.461224305174
4689,4946.479712358227
4690,53236.73825856155
4691,1914.8997720495192
4692,6219.8339519585625
4693,60163.25876775718
4694,40922.649730189674
4695,5422.212635149084
4696,57894.26760670143
4697,12716.943065416255
4698,13429.845729133918
4699,5057.47174261277
4700,5175.0486932252015
4701,61467.983961299455
4702,65109.85273073503
4703,3451.6130486447114
4704,47511.64669532361
4705,4395.641046902836
4706,8972.746640693456
4707,11226.422282698231
4708,5989.583380483013
4709,49560.33336110134
4710,12779.51895749881
4711,6314.173458229124
4712,6731.751409980423
4713,4565.947849422808
4714,48772.94798757873
4715,6278.152742921228
4716,5039.123406789548
4717,11451.332456252801
4718,11556.297646985839
4719,3968.9286116394446
4720,4559.486511469459
4721,24555.356044550637
4722,5703.186775768233
4723,4767.3999172313115
4724,8015.5061388952245
4725,11810.272915061403
4726,6310.3934899851765
4727,56014.35193028384
4728,4961.490219090337
4729,59308.79695357624
4730,10921.914185407386
4731,6068.3874532982445
4732,6508.996754864655
4733,5565.415231180256
4734,2789.3116051172856
4735,5012.648158455688
4736,5517.869610431288
4737,2812.5195044801744
4738,4906.331213881557
4739,59804.22259022175
4740,5669.119728124093
4741,61687.36941569819
4742,47298.28128404622
4743,4450.561837497973
4744,56171.13628567221
4745,49068.52654095102
4746,21610.902404399927
4747,7419.045831601506
4748,48642.569863856086
4749,11788.830953186689
4750,4158.435606918158
4751,49697.733190449144
4752,6156.195043463691
4753,5929.131489451382
4754,5046.450422200931
4755,55880.24351254747
4756,6047.2457536966485
4757,7504.642797227595
4758,5413.593156158838
4759,2596.594112209074
4760,31076.718272914284
4761,12176.943446968617
4762,2812.094448845707
4763,3157.5744158174116
4764,6087.9795338143285
4765,6917.2437351180415
4766,49549.64099883023
4767,29425.124352207575
4768,4601.357731012509
4769,6169.530579220178
4770,58645.37631234041
4771,3376.910597679474
4772,8332.578509566225
4773,6129.666155434154
4774,19126.08211648007
4775,9520.261429184275
4776,4794.155891805109
4777,3070.5560621123104
4778,4460.876942319551
4779,4277.820944163645
4780,3328.889315096686
4781,5612.012977403843
4782,5774.994942472941
4783,5339.228151679841
4784,5469.29646526759
4785,9257.801410435237
4786,59685.035867522696
4787,2398.912021124786
4788,13799.484264110775
4789,5763.284155270664
4790,5363.087145799606
4791,5046.764512137631
4792,3620.562617337821
4793,4645.490476452112
4794,6002.958588704108
4795,55923.56841768197
4796,5026.715149815881
4797,46949.672414728906
4798,5759.962772093708
4799,68803.07476978003
4800,12409.432850557292
4801,2868.017434377046
4802,54563.833130418934
4803,3848.716041497347
4804,10327.504787410408
4805,5719.156425700477
4806,43736.88088245363
4807,52849.10939221958
4808,49623.25999591325
4809,2795.5172225186543
4810,75685.45700907314
4811,5316.778805899393
4812,8730.893580483722
4813,21433.357175715315
4814,11796.383869901261
4815,2598.127556708502
4816,2700.2775896361572
4817,6134.247687714082
4818,8542.611935450048
4819,14235.31408357841
4820,64576.121170307735
4821,5318.458478988149
4822,54575.707289539234
4823,12472.158720133608
4824,51451.97025597489
4825,4382.422755292885
4826,3944.9206652876173
4827,7452.94734984615
4828,2348.483466995649
4829,7456.944517997331
4830,6718.315455321667
4831,55428.174778316774
4832,4576.3110578786445
4833,49445.91764677631
4834,8737.004584974771
4835,63981.994825428104
4836,2012.6242232557358
4837,4904.570877223007
4838,6714.165268370123
4839,9623.034940790138
4840,60824.669437483695
4841,67424.23087581851
4842,8997.899066279055
4843,8773.155826594899
4844,10089.132794762418
4845,58277.32812564169
4846,5899.6950025520155
4847,5869.002498098018
4848,64074.869883533924
4849,47522.67485334822
4850,63697.36922316869
4851,57198.03070668681
4852,48208.05634847941
4853,5351.328597335413
4854,8868.855178023983
4855,54342.798607109704
4856,4856.6755773388695
4857,31341.311103917466
4858,5340.885835913014
4859,2708.1474494572776
4860,4001.38601567617
4861,5544.4314875030905
4862,44859.62517732195
4863,4937.0975489099965
4864,3476.5857208154966
4865,11337.271916633974
4866,7680.151857752862
4867,5041.2735241002465
4868,6447.708174714093
4869,61744.48221688466
4870,56982.34732632994
4871,54665.22192892863
4872,11806.364090551448
4873,3953.0590794320333
4874,10159.980046194474
4875,4734.550622972777
4876,3412.503777596432
4877,5833.281813182142
4878,4804.42730476543
4879,4448.889854582066
4880,5628.812312714758
4881,4892.775133296413
4882,8427.722722954011
4883,7180.28442749091
4884,5536.578761940611
4885,3676.378357861217
4886,4119.797686784641
4887,6071.017194382542
4888,2945.5649055564068
4889,5391.1576279363435
4890,7167.014078249121
4891,8219.55527280005
4892,5241.1574851003315
4893,14899.379006977271
4894,10121.823992562411
4895,6937.881661023421
4896,10075.606778064735
4897,32638.627016615566
4898,2905.1639251948222
4899,25019.337384342678
4900,45646.79703680532
4901,45667.16987305114
4902,34458.908570554006
4903,6001.3380278990335
4904,56480.42856925208
4905,43266.24540398411
4906,5995.580324300301
4907,54364.90869819478
4908,2286.296901517804
4909,8229.336561388493
4910,6444.022308050546
4911,3322.886308846208
4912,5720.760346778929
4913,5439.974864044872
4914,4166.59712683131
4915,10649.661899582206
4916,3391.3176587856574
4917,4137.241982267512
4918,4643.784646378888
4919,2708.5675720959644
4920,42703.49768741342
4921,56377.389307090874
4922,2705.7716837633766
4923,4461.375795446377
4924,15970.493633970753
4925,4521.07314335444
4926,3878.512670240897
4927,62066.08273464157
4928,39557.09742428332
4929,78685.7575920904
4930,4996.655004454678
4931,5755.6111835055035
4932,5475.8174766690045
4933,8196.140307424865
4934,49720.960529220654
4935,3422.3750961423766
4936,56925.580857228386
4937,4027.2122368614478
4938,7409.0500738010105
4939,5140.641003279363
4940,59985.67997155909
4941,2647.953956703106
4942,5523.734986034251
4943,6182.320482755594
4944,5066.086486582246
4945,5710.5362846086555
4946,8747.234883698966
4947,5162.563399057381
4948,3181.893737153396
4949,61941.25315861
4950,3548.7127028711525
4951,5974.0615494830545
4952,62069.537560027566
4953,12338.764655544508
4954,6239.138369671656
4955,28947.907052173665
4956,4031.821593645094
4957,39598.188123648186
4958,3553.6520559279743
4959,4246.060651960145
4960,11953.654242666964
4961,5396.075992828833
4962,9355.833219822563
4963,4424.651101568017
4964,24146.361100311886
4965,41300.90958850082
4966,4359.789105384669
4967,9781.335836946913
4968,57791.415671387294
4969,8419.642291526892
4970,2688.6673267584283
4971,6182.05941858309
4972,5829.209125171104
4973,1951.3973372523365
4974,7064.7736780598925
4975,3208.5435955977296
4976,10329.20579831217
4977,2364.2322351620514
4978,52739.298732462725
4979,6141.1927588218605
4980,6010.834435329427
4981,12523.266267414594
4982,4430.134578032181
4983,3712.9467765154127
4984,1656.3436090079026
4985,6893.046524948726
4986,6323.645001454062
4987,7401.033453934406
4988,5954.061891849053
4989,5029.228303355568
4990,13685.007186320221
4991,15442.2013862247
4992,63469.67316934875
4993,45329.215821834776
4994,11071.722014443152
4995,8289.33417749804
4996,24372.23047302395
4997,5617.5690363921885
4998,60388.0702532116
4999,56025.86067781963
5000,11705.5684011451
5001,4739.338979404101
5002,5219.178893822483
5003,5072.145834714996
5004,4709.869725279807
5005,6227.893254435018
5006,4998.411236578631
5007,6219.621224312687
5008,4265.987236660456
5009,4882.147426340677
5010,11309.3471278741
5011,3970.1816000116737
5012,4616.978873517971
5013,10752.68357617881
5014,11345.147267867142
5015,5379.962307250305
5016,6472.580259021347
5017,3678.215920211138
5018,71401.73149553637
5019,6099.750905812786
5020,3850.2235906709593
5021,7392.69859651346
5022,7019.009916804602
5023,54665.70298036461
5024,7264.542796460953
5025,57128.75931708267
5026,3941.377184132246
5027,4954.827097707053
5028,59434.87999483485
5029,2738.7613364902063
5030,4658.487654144489
5031,4777.463095969806
5032,9158.882299380926
5033,21475.771914272176
5034,3634.9271015871145
5035,4758.802392860899
5036,37869.647017797965
5037,8008.753168372812
5038,41010.38816800201
5039,2251.68695062095
5040,56558.103479744925
5041,5612.914886998966
5042,4821.849373526619
5043,12465.602098005336
5044,5121.229879924911
5045,60031.09685371812
5046,61745.6930776093
5047,5929.236448997548
5048,52937.22648511822
5049,49772.89891642179
5050,66237.13792750667
5051,13530.872273779762
5052,11601.345203666973
5053,18127.048339369216
5054,57689.049975155904
5055,5486.688711785673
5056,1744.1267744570584
5057,59730.3621187649
5058,4259.54343605786
5059,3103.908597261547
5060,6902.588966966064
5061,56774.16265939042
5062,4656.930126248048
5063,58246.08941543313
5064,3433.4309534083227
5065,59369.72190198893
5066,27958.851029706162
5067,4843.344384831368
5068,49708.45742797936
5069,14660.650849800137
5070,4201.860704098778
5071,5930.325502212738
5072,47271.57133912022
5073,53254.478635475316
5074,4830.920181063825
5075,5750.6087693930285
5076,4815.425504688991
5077,46777.30244439588
5078,5462.996691507795
5079,54852.91259582925
5080,3661.4390211337213
5081,8794.331933273665
5082,2583.768437219508
5083,50177.65703385907
5084,56522.056281791825
5085,4875.689232958424
5086,5941.216528365427
5087,8844.074803464644
5088,7655.339322717276
5089,5580.292696341293
5090,53215.83199199142
5091,3576.281898765773
5092,59582.02620434861
5093,5977.559676249955
5094,32780.44275932635
5095,4848.430206957603
5096,5653.901695287432
5097,2039.6403746416054
5098,52550.0703103658
5099,40073.39185553229
5100,43391.91943588314
5101,5137.699788821539
5102,40152.49751058351
5103,5457.138660044723
5104,5731.116006280935
5105,12911.01758633547
5106,5627.499943152107
5107,4142.106323381353
5108,13875.485925850022
5109,5791.834806488531
5110,3960.250242441245
5111,59230.80795498076
5112,56057.70976784887
5113,59054.07539922188
5114,60748.85580233285
5115,53222.49936832352
5116,7107.51816989678
5117,5226.7163612713375
5118,12615.994743464866
5119,7707.544025375315
5120,42220.75136184368
5121,4968.60955926637
5122,71542.35992471421
5123,45075.20156543129
5124,4811.849058656659
5125,42321.69985599092
5126,8335.929019352947
5127,7906.778060897603
5128,22151.95998919841
5129,4566.565705137616
5130,54979.12638309151
5131,41980.03384130508
5132,5087.7227240700995
5133,56081.65897617982
5134,7683.034516720209
5135,46867.03647334872
5136,3118.9855175672724
5137,55843.12404180718
5138,5204.777699314474
5139,10819.205223199398
5140,6640.703827531857
5141,4759.258679767282
5142,67097.98429254079
5143,9703.990241413034
5144,8278.189452824723
5145,45127.49221821687
5146,46769.425031128114
5147,55943.05529714376
5148,49392.94376056023
5149,44695.26452813314
5150,61989.928865246104
5151,8086.786160414699
5152,5959.796177475012
5153,53500.657129252904
5154,6727.459018987525
5155,6686.215999189858
5156,44499.76062248808
5157,2970.2954611043033
5158,6165.204612446799
5159,5768.295814088277
5160,59904.061728838686
5161,2795.110535628626
5162,5449.734703023039
5163,5499.110209848899
5164,5174.324119041763
5165,5507.903519623142
5166,4483.411437167957
5167,55107.41321154264
5168,68359.96798357324
5169,5821.426259583511
5170,2617.1305021196663
5171,5943.3024659401935
5172,50857.66094511741
5173,4504.804188911306
5174,53759.62852932322
5175,6382.524876545935
5176,55291.529902011214
5177,16605.668618921947
5178,2509.9488626010975
5179,6694.884564657254
5180,6773.719130535688
5181,60905.88202848627
5182,5102.713496904873
5183,13017.96176297899
5184,6574.238917448349
5185,2427.1721953076863
5186,40404.86064353393
5187,5654.916536778317
5188,56692.87085922173
5189,2802.6535350298827
5190,2434.8998158137215
5191,2795.807317716115
5192,12732.150395605298
5193,5929.70868075312
5194,52614.89744791595
5195,10830.657614553342
5196,51674.45716296453
5197,7137.935677385001
5198,4802.21533928319
5199,53295.96490973298
5200,45982.286365876455
5201,5588.66593744668
5202,3891.914627053079
5203,3800.6538110312
5204,54655.52930200279
5205,1761.4653038824272
5206,5905.540384145382
5207,6875.578181089078
5208,5612.95736882947
5209,5993.699596572356
5210,2089.010211022837
5211,57864.64631289213
5212,4902.624605962639
5213,64374.851875240434
5214,18245.72304289126
5215,7343.681793187582
5216,5585.769976896666
5217,5889.188216274737
5218,2381.274141713763
5219,2710.8291473351073
5220,46823.92123035291
5221,60852.64330422383
5222,4543.718508813204
5223,5003.690272166657
5224,4969.090072783942
5225,7797.390467869542
5226,4371.820281727207
5227,3561.3572164699267
5228,66671.26669386927
5229,5631.3350927699485
5230,39968.34638959819
5231,59146.04216980049
5232,2527.4945320872152
5233,4898.396014064129
5234,5645.220915376096
5235,8254.454187841264
5236,9895.352812615773
5237,50661.98943963348
5238,9782.376174864
5239,49012.00178342161
5240,4786.6748203283305
5241,4338.075907010587
5242,11950.613769575806
5243,2421.606112296108
5244,3783.6175831273017
5245,4233.061640223343
5246,6294.176489004183
5247,7478.683144014151
5248,2259.5141705362844
5249,57533.27872200582
5250,5891.801461461638
5251,10332.215035049965
5252,11155.710578683487
5253,6749.94030548676
5254,4294.268111600994
5255,6889.044994718183
5256,5220.3185161234705
5257,46209.26187579612
5258,6192.769570507482
5259,61463.11664568821
5260,10980.37126910158
5261,52020.85900438581
5262,4687.737272557182
5263,2420.894988824483
5264,6101.302875116401
5265,56891.58920390114
5266,12674.01734085818
5267,6081.819931602035
5268,59856.77448364315
5269,5489.85480666287
5270,4028.248859466133
5271,53651.23184356888
5272,16533.82320945484
5273,5717.127049243143
5274,6438.907473987685
5275,44062.65178063323
5276,4431.736933861155
5277,4700.223272048525
5278,7435.049083074477
5279,59144.284260461296
5280,6393.196737922269
5281,33152.51729890759
5282,6090.388030764271
5283,3071.6260787932615
5284,4347.340741738767
5285,5224.979035181658
5286,5556.952384009915
5287,7089.030465893129
5288,4026.7234037519493
5289,12026.328197864364
5290,23675.96909416156
5291,5642.252966692999
5292,47009.99989837491
5293,5270.059212147088
5294,2618.078505520618
5295,5404.301594173695
5296,6398.776949414657
5297,52607.75199091677
5298,2599.5482119186076
5299,9897.884058655634
5300,69893.59804523813
5301,30174.276212433106
5302,4588.215314445029
5303,28210.544825430792
5304,50166.51366731151
5305,1952.1085889488565
5306,4396.578586405161
5307,43877.09436192852
5308,7742.013995246085
5309,5291.12023917877
5310,30374.006960666182
5311,54572.5783586085
5312,4876.0952962219335
5313,34972.21780586684
5314,7338.16667558981
5315,4810.7587601514115
5316,15803.444760567572
5317,51876.80982476087
5318,50787.187060215954
5319,4087.310719590202
5320,8694.418867476363
5321,3685.4549060928894
5322,3406.816113177829
5323,11064.382407133115
5324,6246.113115518752
5325,2654.8395438384932
5326,46545.05605576405
5327,5075.180431238305
5328,4647.43269389349
5329,12285.500611064044
5330,70301.74458059813
5331,3041.4515169844667
5332,4493.161619011545
5333,3705.4797957501014
5334,6712.088253317049
5335,5017.838231268539
5336,4815.560381584525
5337,9009.697555375275
5338,4833.954449389156
5339,73127.74326230568
5340,6492.7166130447495
5341,6066.146156060098
5342,50971.113426723634
5343,13308.87437138134
5344,5567.383726691801
5345,3127.969727304353
5346,3325.187520244099
5347,6990.529690480453
5348,22309.04480218162
5349,5421.167462765697
5350,45108.88487411548
5351,11303.909577998735
5352,2709.0638021851973
5353,29213.256146194562
5354,6625.139684038198
5355,4956.856779965452
5356,10780.804500146918
5357,58813.66405130551
5358,68185.19742216288
5359,5336.191043368274
5360,13776.612806782909
5361,66649.3868583292
5362,54716.429022402306
5363,55007.77775935305
5364,8557.713444586829
5365,6355.400505003838
5366,6904.436366555617
5367,7876.571634281509
5368,2817.3677126733173
5369,4390.713710284735
5370,73274.76352931924
5371,4781.004774638327
5372,56610.79864268938
5373,2829.6592881430724
5374,60672.051187207624
5375,55260.34378862831
5376,4244.28355543849
5377,49109.64408740922
5378,5565.9435296305455
5379,6589.185762511807
5380,7654.774749274696
5381,55718.13737724919
5382,59507.72475675867
5383,48660.81394583967
5384,7526.7478645068295
5385,53690.13363841493
5386,6894.44371828284
5387,10199.4635802286
5388,3730.3827927632155
5389,57658.59392946523
5390,7208.760326447336
5391,2364.2839559665977
5392,10551.968275255025
5393,34776.9266511086
5394,13348.504065223242
5395,78694.62827653358
5396,54596.69524814339
5397,55534.81011058489
5398,8016.061169919697
5399,2270.7528889639934
5400,2061.8352208241045
5401,6550.701805101434
5402,10721.1042770799
5403,2666.581900249633
5404,56440.19730926155
5405,49697.684446067855
5406,49661.6988092624
5407,14276.703559454521
5408,5670.4073450045
5409,2918.174483644209
5410,4306.37081793267
5411,5927.853213515431
5412,7245.634551031924
5413,6578.212229504865
5414,5549.680954385653
5415,54118.61577121434
5416,7385.360195105261
5417,6465.939625376957
5418,4895.827197238013
5419,24399.87241371246
5420,9943.666151165386
5421,6872.029932336707
5422,5214.37826991579
5423,5302.592742796373
5424,62733.4676415074
5425,27896.36416270328
5426,10267.122338481342
5427,53356.03013657736
5428,51151.990062256125
5429,45872.133709019865
5430,48982.55070024471
5431,4889.726923386674
5432,48101.651025378684
5433,5382.823295667626
5434,5195.127279868192
5435,8866.908665346738
5436,2132.8796034564243
5437,45023.17781475685
5438,54194.73332151845
5439,50295.49888410498
5440,5032.940348647594
5441,3708.867599522269
5442,4177.485957771945
5443,7052.5030362837615
5444,11843.159074533962
5445,17290.349512075813
5446,6942.470569509416
5447,7115.9733260765715
5448,11373.612673639582
5449,4468.732703923207
5450,4425.58196835749
5451,4829.6787721742485
5452,4215.321484503546
5453,59532.555711305235
5454,8621.962329131644
5455,2063.0493046361753
5456,3820.106233146691
5457,6856.028972071741
5458,7949.00331273165
5459,9153.314250654606
5460,4949.0174669872595
5461,7599.108396710951
5462,5978.153049273917
5463,65919.35012438432
5464,6244.442756853041
5465,53878.8696338154
5466,3318.7590611235864
5467,54641.32898610544
5468,3023.1495659264674
5469,5776.092601868241
5470,4841.826924516492
5471,59786.40054269305
5472,48693.49087585973
5473,4376.207284857429
5474,5068.608733358607
5475,12097.292632455723
5476,6306.432483386966
5477,4632.93097759867
5478,54478.28435026898
5479,5472.903554649255
5480,55614.152009897814
5481,35582.801037354206
5482,9784.804146501663
5483,5211.304562942611
5484,10112.308255220247
5485,5015.690824884454
5486,68532.47206355802
5487,5448.986385416351
5488,7405.099155122993
5489,6998.505589455425
5490,10505.91531549666
5491,56337.19679724724
5492,63233.81019269522
5493,46864.07899675802
5494,82265.97982343644
5495,9930.681957238747
5496,62372.42067995868
5497,6150.117175522431
5498,59841.102015585515
5499,6623.7805713118905
5500,59236.10553199646
5501,4857.28691314721
5502,28888.781190736467
5503,7430.528571288383
5504,55373.2923109204
5505,7665.099303656156
5506,62949.2741339652
5507,2015.3462570668787
5508,55809.020279041426
5509,60550.86075573917
5510,57101.43708532744
5511,8579.003803654723
5512,6718.481714767007
5513,3181.9533074254546
5514,4823.23614227672
5515,6449.318269921209
5516,57354.85692228551
5517,58990.99986324938
5518,4424.524705435059
5519,4532.508137912325
5520,47345.67077143215
5521,4236.585906937708
5522,66828.7577911678
5523,46524.6500556257
5524,50275.60388527904
5525,6683.839115529501
5526,5542.894960186393
5527,6041.40748208122
5528,6542.100325633899
5529,4592.179418262323
5530,4934.288919839008
5531,6448.396730377757
5532,6222.650614697546
5533,11169.825956442055
5534,25701.042408633948
5535,3241.0968884025074
5536,69973.65887602342
5537,5657.021964931681
5538,2491.6165901399427
5539,6449.12273495479
5540,59845.82269063026
5541,8821.480725998912
5542,26303.376489719354
5543,4995.4695048694
5544,53665.774042439254
5545,8157.57315460824
5546,11150.763137123056
5547,3105.695899601936
5548,5083.421405721696
5549,28147.108531532347
5550,2602.084665448044
5551,4100.482345619524
5552,5135.911205576111
5553,6185.843737836584
5554,5530.997257800457
5555,4569.325140574796
5556,57379.18577937619
5557,3638.706402652835
5558,5842.238582966602
5559,6263.770833813448
5560,75131.45035144345
5561,2422.7692242483104
5562,6616.980335394819
5563,11373.929332642503
5564,9556.376147407906
5565,6782.31108088618
5566,2707.6248563869253
5567,6046.526480302373
5568,3136.0148783598934
5569,2398.978075600719
5570,42471.38478202968
5571,47735.496589602626
5572,24371.06222873874
5573,64125.19469232787
5574,77344.73456360672
5575,7688.057818443985
5576,3586.9781608893745
5577,40742.77999144524
5578,69851.02233690053
5579,42437.38129592277
5580,6261.550623674487
5581,51835.00345868516
5582,58211.85786511013
5583,61561.05796043089
5584,57345.05849993925
5585,5189.263546502332
5586,5624.771884232911
5587,4511.929118285892
5588,24542.308948648253
5589,3425.0901106580563
5590,52476.41891437123
5591,5169.592911098449
5592,44200.23749355922
5593,5197.914226403578
5594,53096.60818771877
5595,57397.80236795954
5596,45518.10288341596
5597,62604.131440287456
5598,9336.717151251387
5599,40485.822923146916
5600,8939.843069221273
5601,63137.99947125569
5602,3851.311382896393
5603,3781.2306204411675
5604,5145.3781550894755
5605,5830.321467208196
5606,8064.513694375616
5607,10895.408794354891
5608,7190.41834391655
5609,4819.936679589193
5610,4794.616571037569
5611,2502.3738360436514
5612,15930.92075698801
5613,1906.1701364025898
5614,59359.167165646686
5615,8037.409684163014
5616,9026.77937909619
5617,5025.595755947704
5618,67890.11038783018
5619,58177.591945488915
5620,4460.732864651557
5621,6239.722095360911
5622,70207.74767478005
5623,30723.903638670938
5624,6782.778649284431
5625,1715.8886970002563
5626,3017.765532327734
5627,24787.61239985869
5628,43595.09354012736
5629,45895.33254421707
5630,4646.9886045427465
5631,52561.347861204835
5632,62432.127475625
5633,44167.061848769416
5634,52801.535123707275
5635,1861.1736492600246
5636,3004.0113810085604
5637,2651.053838674701
5638,58929.89139496553
5639,7397.63215417
5640,52441.37577227002
5641,3288.316381133
5642,60407.370070414276
5643,54339.99542153536
5644,4589.350161052901
5645,4848.3582108069095
5646,6225.273285263329
5647,5420.7204047576215
5648,6244.219987378612
5649,32698.592182194043
5650,11432.768388440723
5651,43448.63355721193
5652,31166.455891000754
5653,5139.537051705224
5654,4857.594780697081
5655,46902.508390496325
5656,12609.551729295872
5657,45010.867725770746
5658,3918.940818247611
5659,59721.31253495675
5660,6032.372511890317
5661,36917.844441890695
5662,48006.25773167798
5663,4205.445402204463
5664,59616.15098803555
5665,52238.747032461324
5666,65752.65220955531
5667,7326.255265777831
5668,7146.9399649370225
5669,12119.62618398259
5670,12135.105493891155
5671,9719.917303199754
5672,4377.843063800941
5673,64354.27469727876
5674,60241.10139585436
5675,61642.36798686497
5676,59924.147005558174
5677,78330.59970892806
5678,7497.944772480768
5679,7050.4752231780985
5680,42393.7601195679
5681,38365.735524682124
5682,20491.341682350885
5683,6647.044108248193
5684,51914.77808922855
5685,2833.034466186804
5686,7177.465573156684
5687,6144.782731694564
5688,6658.235057679374
5689,71539.83078705343
5690,5683.461254344782
5691,4235.680266903462
5692,2492.9679816625394
5693,4524.08094240167
5694,5844.056632070567
5695,5183.579496142032
5696,1936.6279738245012
5697,8466.234131727255
5698,2930.6885886192126
5699,5031.119666724366
5700,60860.06340724509
5701,71159.2850584979
5702,8631.75449981219
5703,6651.35226198339
5704,4007.4504354733353
5705,13402.334214526292
5706,6185.5000073233
5707,4727.919212557755
5708,61370.67562638284
5709,58551.7273459097
5710,4380.352628796529
5711,5871.009597460406
5712,11977.807876436891
5713,2398.9432117861775
5714,9253.406217001311
5715,4134.030362847297
5716,4143.54686721364
5717,6448.044149709
5718,2318.6247881134805
5719,62636.41140187193
5720,61706.42573898012
5721,8798.99053479372
5722,64253.36760497153
5723,44962.73881089057
5724,54836.831152134764
5725,64069.08005305135
5726,2621.5243810861093
5727,5010.942904098391
5728,2582.756823906
5729,51729.985916377846
5730,49410.5056150111
5731,71345.02312138025
5732,23902.56757844577
5733,50359.48566616194
5734,7789.783412979875
5735,58566.047098360745
5736,7695.969726422208
5737,6940.821392703714
5738,49687.976327147975
5739,6005.306696254755
5740,65679.8162029875
5741,34721.25870577078
5742,3863.0781904759465
5743,10252.296987108217
5744,41598.550766995904
5745,8649.616279690721
5746,2341.91538451723
5747,2412.1039903111123
5748,1679.729951860119
5749,6868.184837950109
5750,3340.80624409738
5751,61453.950396082466
5752,5508.139064583476
5753,54706.00970924663
5754,9931.046322006312
5755,4548.759173482983
5756,4588.927259548885
5757,3046.678803215788
5758,3598.23530609872
5759,6457.859904136381
5760,6363.7873310539235
5761,4289.113309352561
5762,3294.9793532407857
5763,5669.868101390657
5764,17788.16647440418
5765,5088.888086875417
5766,5549.967084358875
5767,6293.556970717202
5768,49235.7724159085
5769,45619.24551562815
5770,34780.46268368425
5771,9195.385359524153
5772,5846.007288536954
5773,52169.43596746042
5774,57477.77738090859
5775,49443.67016591725
5776,7508.4873486472425
5777,7963.498378081159
5778,6778.64678195161
5779,3116.3889599666563
5780,8523.891140250487
5781,7879.0864736850635
5782,65681.4086964863
5783,5361.438723245616
5784,5291.075084659229
5785,5425.568110737424
5786,6416.399486323765
5787,6452.910836178656
5788,23168.813234390043
5789,5796.5928844578975
5790,6159.1113759188065
5791,5520.619181005435
5792,68320.7610083962
5793,3826.0643085833285
5794,3903.0702724262687
5795,61088.92056380585
5796,86898.44897708416
5797,11877.93941890775
5798,45744.208711741296
5799,46610.539433845224
5800,6370.089088377668
5801,3160.384674457583
5802,12166.229187376084
5803,44115.73274567751
5804,5211.697527848361
5805,3241.347694918663
5806,6302.799703864065
5807,53993.62315656759
5808,2415.7609178270804
5809,2267.0455125503095
5810,54392.608708699874
5811,1586.5034544844855
5812,6118.108965719828
5813,5472.2411367887635
5814,65505.99708177329
5815,2126.0448595411076
5816,10047.361011655155
5817,11965.103912784143
5818,4797.2740894774115
5819,14781.702528304002
5820,4891.726353840315
5821,55006.7325912762
5822,5580.956693315255
5823,2465.9945296709493
5824,5009.039615612679
5825,5140.106512222703
5826,9865.218892674482
5827,12264.377736577455
5828,4666.874355616079
5829,28376.61586090806
5830,61931.26422934349
5831,3509.358193659522
5832,11697.002501323039
5833,4232.462926480073
5834,3466.6488813361534
5835,4080.2138753877575
5836,23912.840206759713
5837,7895.429018400187
5838,68594.73369807705
5839,3311.848604705363
5840,5277.806292790633
5841,53276.12156777582
5842,11609.080174641756
5843,57467.501907291866
5844,4578.647063468372
5845,4437.501313180938
5846,6059.786794245926
5847,8429.654859437034
5848,3926.5017682256866
5849,10940.535956661599
5850,14467.975340820256
5851,6353.588861053175
5852,3918.4877095927973
5853,2195.7345913331856
5854,53746.74144371787
5855,6373.6799351219215
5856,2989.76880525724
5857,4623.516391174413
5858,10585.811218987143
5859,4913.853198053806
5860,5904.561878770372
5861,5272.165080914085
5862,3518.306218231368
5863,4355.204593999028
5864,46677.288539743546
5865,6147.1020223445275
5866,13407.434708269308
5867,5901.5536564585045
5868,53126.1309409508
5869,5101.542045956556
5870,52996.5159668838
5871,61775.84600118056
5872,58660.9340233345
5873,2484.4809740924948
5874,8585.06807133984
5875,6131.285380805979
5876,6564.024753275523
5877,11377.340381780352
5878,12816.733967722947
5879,7141.297143673004
5880,5348.321664181753
5881,65427.15358215998
5882,4605.183570518494
5883,4364.051619709214
5884,6712.160540993836
5885,7219.88154911305
5886,2350.0847781723924
5887,3053.1185823700653
5888,49548.734689749755
5889,60241.84176359681
5890,4951.528982846726
5891,2854.412217638819
5892,5721.165668419482
5893,3158.913007198988
5894,7452.863782730981
5895,16970.605642918046
5896,5463.42554880813
5897,3175.422713804067
5898,28319.066942053556
5899,2360.863477546369
5900,6414.121004875233
5901,5277.361251762699
5902,24302.76578006734
5903,47005.76972230665
5904,4085.085694728991
5905,7574.469806965353
5906,50586.56759457951
5907,52548.222994195676
5908,58741.31210864408
5909,56084.07037083948
5910,58947.01485693472
5911,61875.77722716032
5912,5425.825677731889
5913,5063.351173195054
5914,5821.417719895167
5915,5464.232476812575
5916,56879.37240958745
5917,45738.418284798034
5918,2285.98997085179
5919,50151.64176326698
5920,41386.20202784993
5921,65781.67992314608
5922,4540.500391864477
5923,5876.135422408455
5924,3259.954081380088
5925,45228.24971140159
5926,4098.9421511285145
5927,64597.46607587539
5928,4516.81189503197
5929,51843.5290214537
5930,6030.357009473924
5931,65060.56478639488
5932,5778.153887480905
5933,3228.9123474788157
5934,12482.167622191668
5935,25175.017354558648
5936,5042.984183282287
5937,2363.3315509521512
5938,4480.945717159349
5939,5752.268173717548
5940,9765.685820696466
5941,10250.883989570673
5942,5884.343350412586
5943,7043.239158008977
5944,2250.3136653368547
5945,4348.083583055398
5946,1972.0830459357585
5947,13461.179911328174
5948,58292.35021350974
5949,13458.322118453994
5950,5489.558874751672
5951,13096.836725940264
5952,4905.595007064485
5953,3504.1141153218337
5954,4698.135602196275
5955,51630.90281143325
5956,12784.746738582362
5957,5724.912038230032
5958,2261.4542044499613
5959,5271.559771703702
5960,4587.364157887125
5961,7154.359625159799
5962,3727.2434094656724
5963,2363.829852791492
5964,42606.86226708675
5965,65001.94326463841
5966,7809.7852651543035
5967,7396.40088787816
5968,41854.328992681076
5969,54834.415323761525
5970,57520.06373452625
5971,7648.767060487525
5972,5678.589075655962
5973,5038.1952710222895
5974,50662.19902787807
5975,48162.4877869936
5976,4660.600375900084
5977,5398.459405039887
5978,23943.16163870718
5979,44960.97694857934
5980,55219.286650870854
5981,8378.840191266458
5982,9859.344506244222
5983,7153.990077105843
5984,46525.38495294834
5985,59514.92544861179
5986,52983.85683820135
5987,6447.950853779404
5988,5048.141101446819
5989,58845.91806524498
5990,6246.53305034115
5991,57640.78893835123
5992,5675.255154820802
5993,12228.724541044474
5994,5732.539713457305
5995,6024.742944367238
5996,48491.62996065615
5997,55213.60125767307
5998,51571.65299131101
5999,53323.32599487063
6000,42608.558085417644
6001,55256.687168912766
6002,1802.8011369269302
6003,5283.564168412772
6004,49935.75287615996
6005,4319.425095567293
6006,6053.543347068853
6007,70511.78762280784
6008,4261.5446041291925
6009,45099.64698737637
6010,33373.19724449839
6011,58749.291786638474
6012,5290.76261674721
6013,12332.831245304471
6014,4579.874757150756
6015,45020.032496200634
6016,6031.0296118046535
6017,5352.69888917174
6018,3685.6743786445327
6019,4574.159376045388
6020,4901.512886753169
6021,49799.44189782855
6022,38126.297942469384
6023,4061.629633609545
6024,55233.26436072221
6025,55390.86378703079
6026,54431.29066490033
6027,6462.73588077969
6028,6292.4367381473485
6029,6035.25821624231
6030,58302.48481519441
6031,58909.88118633987
6032,6345.571891144464
6033,4965.1320325187
6034,47543.992978176975
6035,2987.4457094581385
6036,3576.0716539009723
6037,4818.197063065152
6038,6378.32694666428
6039,4640.893748108088
6040,41262.44185293361
6041,5305.079830134313
6042,3222.2736450695616
6043,5336.527198555257
6044,56849.75001179219
6045,4265.650285935807
6046,4269.851374853558
6047,8401.870708244978
6048,10435.179348569174
6049,18116.409739444134
6050,48489.66440540651
6051,59544.828671456096
6052,6027.761901796794
6053,2552.690204373429
6054,4946.91018744303
6055,7231.504960612319
6056,12548.36461827474
6057,61007.035409758115
6058,6059.236826030593
6059,2187.9114616446846
6060,34071.95443978196
6061,58196.754902098015
6062,55058.764472379764
6063,59872.716362649386
6064,45731.2018163385
6065,4473.394732914929
6066,4010.5941053228444
6067,5582.689477037973
6068,30528.472245058074
6069,48954.15522687425
6070,44934.245906172626
6071,4627.527398149364
6072,56036.194266201295
6073,46553.87257905946
6074,3310.0662454518406
6075,57741.1035974659
6076,30549.897781357307
6077,12161.862139527864
6078,2431.3468912799763
6079,39858.088071152604
6080,4876.277772101692
6081,4757.214101191135
6082,7689.025898361697
6083,3395.083515317878
6084,54576.045537315695
6085,33200.58048494279
6086,8320.98963889433
6087,4707.563988506225
6088,5800.7286847225505
6089,14203.776890033188
6090,6018.967366193479
6091,3462.663757071521
6092,5325.381723400031
6093,11601.443744589584
6094,7318.770901102286
6095,4038.075402767084
6096,45006.48423636828
6097,60129.75381233386
6098,12080.792195186928
6099,58449.625469673345
6100,60231.55962797708
6101,5750.998266242013
6102,18297.642417381496
6103,6737.3237908231695
6104,3775.4963517195556
6105,2283.5338389957383
6106,6038.313269077738
6107,5874.86855194102
6108,5547.533441442034
6109,1782.1943373975241
6110,55825.23427343658
6111,61324.17809356249
6112,48650.060777685794
6113,51962.92496715434
6114,7246.936637346064
6115,4123.645331699636
6116,6244.138884451831
6117,6057.615231331578
6118,54971.09858739207
6119,59036.02995373615
6120,5467.4083218302685
6121,4266.6936332003115
6122,6222.105634732218
6123,5362.164082320582
6124,26532.063460594
6125,54130.55569936152
6126,5025.729614903622
6127,33039.257318009244
6128,5982.468786683779
6129,75345.05846128182
6130,15280.00556234569
6131,57913.01896636558
6132,6354.420833848772
6133,3873.4286823316484
6134,4924.34129426414
6135,5465.961378458582
6136,14295.490716922439
6137,5148.655069791781
6138,41255.45479597105
6139,53735.18672273931
6140,12077.742804816837
6141,55540.805412611204
6142,5414.408774464857
6143,29804.010662945635
6144,5847.466894405812
6145,42305.16391341451
6146,4731.9856624576605
6147,4910.868655376209
6148,66460.47263262287
6149,7152.651483367648
6150,49681.744134035514
6151,60625.99906311717
6152,43377.57254261531
6153,56844.02056431273
6154,69653.56898863985
6155,5591.110902775161
6156,43041.21986022797
6157,5319.038675533305
6158,6140.545581599284
6159,7514.334348681287
6160,57392.67258752029
6161,59653.43671215592
6162,5304.6990537743395
6163,4057.369293946899
6164,8661.956618451268
6165,5536.868234635306
6166,9941.617403311526
6167,3339.6841376662246
6168,7969.715826270431
6169,49229.64734395573
6170,51037.51680117412
6171,5051.237388602951
6172,2039.5460108148463
6173,11952.411501329756
6174,49553.58240963401
6175,3990.4159040002332
6176,6798.154306107246
6177,58751.07882305226
6178,4796.9408638394525
6179,6073.402440669781
6180,6314.234491496749
6181,4649.73501669222
6182,8152.086720978158
6183,14939.660730719312
6184,6134.935265963248
6185,7554.610024463491
6186,9556.659112236966
6187,3442.7386376640143
6188,10531.283634618365
6189,6219.853922266504
6190,49903.80657402399
6191,6523.732914818602
6192,5105.983696716128
6193,5871.844290128887
6194,28498.498995074508
6195,10657.56353515233
6196,7181.619604885796
6197,2676.199848629352
6198,4390.083794986789
6199,6421.2431894289375
6200,12293.452139213234
6201,4720.269731924947
6202,11507.72222203685
6203,50225.18946940209
6204,7366.572900793944
6205,54589.88371900035
6206,9540.554993830641
6207,13777.01711902297
6208,10864.806486994246
6209,5412.764966953194
6210,5612.736303386705
6211,62701.162165188325
6212,38029.977202459515
6213,3175.950412973279
6214,6376.683148809583
6215,5032.84128714761
6216,5637.217048153524
6217,6506.843681218909
6218,8054.333884401203
6219,4917.428981171306
6220,5672.03055237246
6221,6076.181947001742
6222,46578.528248747454
6223,62892.324676364486
6224,6343.1641297652695
6225,5547.392990861646
6226,56163.21301812078
6227,63476.090061099945
6228,38463.46469844019
6229,6643.004716939018
6230,67277.52324223533
6231,49302.49078113631
6232,69388.6027488547
6233,5267.146331861969
6234,6334.698922445423
6235,4726.349395580304
6236,9768.074517525183
6237,6523.250251379761
6238,6517.996986569931
6239,50225.9563328261
6240,2702.774562137243
6241,55283.89345070683
6242,61194.28572074857
6243,55628.56377138119
6244,14206.293476102765
6245,44744.45274985138
6246,7484.9320674581895
6247,3819.7553569056363
6248,10940.903886671778
6249,5781.9426851059925
6250,4489.769325358851
6251,60373.79753143642
6252,3489.7402900419274
6253,4083.8546531420134
6254,41907.16342156821
6255,47437.45533105281
6256,5859.275787066326
6257,8010.569465277186
6258,43659.87116511724
6259,5754.811072081236
6260,7682.461016172597
6261,2311.8992631993483
6262,6811.414783464621
6263,6043.629704543899
6264,49321.41028060862
6265,2988.6525658235123
6266,49754.102815640115
6267,8484.665474624979
6268,3883.661375684839
6269,55801.816524796406
6270,37855.29093586461
6271,22360.459093973965
6272,12960.485821250815
6273,4425.015529635794
6274,4888.199661194167
6275,4067.2629786394646
6276,62037.61270776982
6277,7701.965535278791
6278,15066.992118123724
6279,59785.3708914519
6280,1806.3468299429012
6281,24258.701468502855
6282,6296.189840364292
6283,5950.392327669702
6284,10854.473333739692
6285,4121.16328347235
6286,3769.8548091726943
6287,8119.445695547598
6288,4439.560576085149
6289,3789.615732483046
6290,54724.10496113051
6291,4341.643551402264
6292,2575.746793330842
6293,4899.30217349803
6294,5900.6781986590595
6295,4557.773501654256
6296,51503.71138784929
6297,6470.384740642754
6298,5724.205732046212
6299,2867.7625201936294
6300,5393.136895576151
6301,4519.526855880251
6302,4688.419863694755
6303,60201.92896773949
6304,3044.863783336045
6305,4557.992339797865
6306,4867.256151781542
6307,4882.936080996869
6308,5417.045419056745
6309,55955.14226385016
6310,7936.677558777639
6311,2780.0348701155654
6312,14871.880698624427
6313,8674.987624284337
6314,3371.689063006685
6315,5321.445848566786
6316,4812.05652856839
6317,4071.4962751982903
6318,6164.807131406258
6319,2232.5121616624074
6320,5304.741009492912
6321,2875.959307892845
6322,6139.744471774324
6323,42508.25658597848
6324,6009.053115051545
6325,53345.46046849868
6326,45937.8187088367
6327,39844.81187263432
6328,3569.2111715262536
6329,55592.051448012295
6330,12106.409272429977
6331,68659.46517509123
6332,5876.978744782678
6333,49545.40600212632
6334,8138.258494837911
6335,7568.69147471696
6336,5928.1522507189475
6337,13559.4345012621
6338,4718.892291684437
6339,4081.985536043349
6340,45645.49768833023
6341,4846.609503717942
6342,58448.45312892712
6343,6367.046504276988
6344,4512.301885641923
6345,4127.106561187902
6346,60377.46124674423
6347,5040.111787454053
6348,5988.102402725743
6349,6202.544223587842
6350,23911.652509465624
6351,34750.630647474885
6352,3470.6927710323803
6353,5601.796394759453
6354,5742.107053546111
6355,3074.563414811719
6356,4334.960665404442
6357,5456.41774213633
6358,64129.79039444419
6359,38233.15069383197
6360,6101.807145937221
6361,64358.25420844101
6362,13035.281868266546
6363,22951.221640486714
6364,42554.11939069084
6365,45334.55763136381
6366,11550.473236365176
6367,2571.735130212488
6368,53809.9204522283
6369,7216.104672138315
6370,3661.4692862812394
6371,63211.358532121405
6372,4505.214972093733
6373,6212.221637231103
6374,4448.887768877176
6375,4900.307164317369
6376,10994.900399558675
6377,4810.063548799744
6378,7214.690861617806
6379,64295.49553346337
6380,5222.980515541866
6381,10716.392845305756
6382,6316.447452643904
6383,49036.498913787946
6384,7740.754654001555
6385,6195.852699991478
6386,1928.124987480514
6387,4779.469828440977
6388,2221.3882773137752
6389,1449.301599044895
6390,4993.638873020621
6391,58445.8852501667
6392,7573.469066453488
6393,6425.531240013215
6394,60028.52939484742
6395,5195.189044462799
6396,4561.999974063917
6397,6045.898317986173
6398,2788.608332368249
6399,46596.06057823739
6400,5728.02038326422
6401,64120.380057386414
6402,7996.568420168724
6403,3893.9253246832027
6404,4327.700340705104
6405,14850.998549835316
6406,5536.9749563859405
6407,4972.1885518096
6408,6097.471873949651
6409,7377.32999317989
6410,2695.1302657774686
6411,51403.10613840133
6412,20460.776231416607
6413,1616.741104598268
6414,48505.05074528659
6415,53625.54140879329
6416,2488.524238883615
6417,51487.63873390015
6418,59278.73399218047
6419,11803.657429170193
6420,49438.150642747954
6421,49030.80067147535
6422,54630.84845625656
6423,5509.476729288682
6424,2963.4412078714163
6425,2607.0414031582213
6426,72337.26532312903
6427,51964.88420332805
6428,6886.822150234758
6429,7991.831639891812
6430,44727.56769742836
6431,5404.162732359093
6432,8625.647768282195
6433,4986.792255635055
6434,7188.078653786439
6435,45991.67002828247
6436,4852.481095733752
6437,38171.7147194928
6438,13085.280113315694
6439,5861.624869675513
6440,59239.99607115006
6441,49502.27781756506
6442,6951.926005625244
6443,64451.14010122912
6444,3142.478685866476
6445,11546.339570584838
6446,4874.443110136161
6447,42669.495632128586
6448,4873.907846370204
6449,10134.094796249308
6450,57503.609031680106
6451,4394.676268600693
6452,8423.283239814142
6453,13881.875539588342
6454,52990.96833432597
6455,6361.801193936889
6456,11574.399465899247
6457,2689.975815687372
6458,4000.6389781658345
6459,48042.95672568143
6460,51756.20276116117
6461,9098.698876192524
6462,5290.477186037943
6463,2815.8508063500094
6464,3551.569842843272
6465,33756.44797868909
6466,4150.73474662071
6467,13667.983514981566
6468,2517.341460534823
6469,59680.20159338642
6470,8828.815760108318
6471,76370.68378473769
6472,2905.3580658761794
6473,72670.69432065751
6474,46306.05488624676
6475,6580.84234606526
6476,52643.35368213771
6477,6272.719542160001
6478,4349.225557561574
6479,2299.648124962766
6480,4698.1994666168475
6481,14147.683520573562
6482,8431.738277414615
6483,50584.884368464904
6484,6537.880861022349
6485,38121.76375363038
6486,35565.405858304395
6487,69231.2716289712
6488,48714.948740402164
6489,59426.871937393014
6490,5019.031318738313
6491,24097.1031426216
6492,49547.51630555514
6493,57862.357134054924
6494,48717.49765446325
6495,75384.93876457291
6496,6964.701083150029
6497,8719.981629391084
6498,43047.14406173977
6499,58795.12243725702
6500,4180.944460620505
6501,5469.552591780053
6502,7209.996837596046
6503,4706.541310067895
6504,58207.921088676914
6505,63831.29572831797
6506,4396.980303095722
6507,4634.709229449399
6508,5232.622815477542
6509,6381.182057514803
6510,70092.67611660511
6511,4296.541061131716
6512,5584.772260426264
6513,4050.976249579258
6514,53355.71085708327
6515,44545.60775085463
6516,65507.55135585145
6517,55554.781144897766
6518,4278.193958434287
6519,52182.50165305167
6520,7956.884276204907
6521,4975.293992015343
6522,61373.144961292186
6523,4319.765367873472
6524,11297.07610831237
6525,10696.566114759324
6526,4618.020188006061
6527,13581.892352974477
6528,5966.6466617574715
6529,23602.16502182345
6530,2615.245927803544
6531,9327.938526264059
6532,4610.37158509625
6533,4944.846781122673
6534,12079.223136032411
6535,4593.52056120673
6536,3917.2009661992943
6537,10536.972544187769
6538,7351.1645701956795
6539,57346.08575858633
6540,24191.101243963712
6541,1917.0400815830462
6542,11725.446837050995
6543,52061.077703065675
6544,53841.937027573
6545,7234.3354455705385
6546,5355.0967406012005
6547,6891.1224903038465
6548,5159.2578200116195
6549,11149.013923689772
6550,57181.903769808196
6551,2177.6865813994827
6552,3415.0143988170685
6553,5791.280112075676
6554,4175.970143603998
6555,3784.0717760842117
6556,4968.858740251629
6557,53958.218036036604
6558,4345.283172462379
6559,5711.836295642612
6560,5788.226503182262
6561,18826.690225027975
6562,4350.2588019769855
6563,3379.571356437233
6564,5909.458713214075
6565,8633.714181631378
6566,6467.857211252685
6567,51249.966007193754
6568,4762.58679144816
6569,4842.160567144113
6570,5125.922989817887
6571,5367.31874129819
6572,5860.277477726659
6573,42272.29061525867
6574,11089.46072251935
6575,4186.710847400223
6576,6738.204287129907
6577,5447.198594208892
6578,4184.389005274354
6579,55814.402981716645
6580,5682.68328122287
6581,4718.490582206027
6582,3325.187520244099
6583,5473.707400885574
6584,3138.148823421247
6585,3099.514482747271
6586,53299.432898692234
6587,5575.59981431528
6588,11705.620104341353
6589,6166.015824173868
6590,28060.508731181828
6591,2575.7256139431756
6592,56460.182450439635
6593,11256.406989485959
6594,50816.14153159718
6595,4863.114107371413
6596,33466.38336690796
6597,6379.002934893737
6598,31270.653254161938
6599,56082.9697375644
6600,5401.739064360805
6601,9721.476364492168
6602,59447.41773979274
6603,52625.38759044718
6604,22168.855624493306
6605,4910.006834081597
6606,51387.28137651884
6607,6263.215064865613
6608,13210.679858738673
6609,13223.5672498467
6610,7849.496379884805
6611,6577.890692598165
6612,65062.973695087814
6613,4844.045012751518
6614,5794.999731998056
6615,58768.70643756673
6616,4224.111769903334
6617,64215.167463340986
6618,12858.115028506421
6619,22348.712980232463
6620,55399.49282291853
6621,13294.015548244372
6622,46070.96187070315
6623,59762.69666390266
6624,11955.395411563288
6625,5303.109824015905
6626,2760.23449241931
6627,4977.782621803773
6628,14706.779208745684
6629,7665.262499145069
6630,43795.5139221013
6631,5238.161852475434
6632,7839.471750578212
6633,5921.701045616351
6634,5585.471742396192
6635,6377.660889325603
6636,12516.095048733881
6637,7711.894175886384
6638,7041.594271886539
6639,6974.633471473995
6640,6675.330532207285
6641,32516.91106658258
6642,9915.213392949208
6643,5634.69988639689
6644,65032.3516290179
6645,5924.185390636909
6646,5723.384220331781
6647,20760.00000000003
6648,6471.26526426183
6649,46335.533130160664
6650,6117.996562772751
6651,53473.76430416025
6652,14427.136536691214
6653,10511.363840769525
6654,4965.236723687472
6655,11480.537049780914
6656,45807.48461166397
6657,58272.40611674798
6658,7986.0496275263195
6659,11148.955212387495
6660,4429.72090040359
6661,5679.627374919799
6662,5420.452991777808
6663,4998.641096400508
6664,3377.5540151231094
6665,2021.119078918715
6666,62639.086354514606
6667,17575.183763480934
6668,6131.039848477085
6669,4041.9144896895427
6670,6452.923508405431
6671,6462.521854520229
6672,6200.893166811056
6673,5838.202310840332
6674,6214.80284629597
6675,4737.174075322111
6676,12482.35932035065
6677,6341.3463031568535
6678,15812.512952202442
6679,3730.92196825762
6680,9091.330075356489
6681,6868.794328945576
6682,5678.589872565952
6683,52780.20447871447
6684,55794.27266946001
6685,63876.49482424805
6686,57342.84282471435
6687,49772.88087006262
6688,11888.415391300397
6689,2061.2865462804357
6690,6910.45469854299
6691,3781.514161166802
6692,6561.942011269781
6693,5975.784897679189
6694,51745.42261787235
6695,49989.28106053518
6696,4895.313377619497
6697,5867.195193655018
6698,13953.067094239623
6699,58185.5901049006
6700,5832.655730683389
6701,3473.220399425537
6702,5452.490453188401
6703,43105.608003829526
6704,11766.259260628203
6705,5975.240913574369
6706,50935.22223723235
6707,6047.442566890618
6708,2902.7856152024547
6709,13140.451465648095
6710,22436.32098228322
6711,44945.48484965117
6712,5137.872151303482
6713,74677.87232769199
6714,2971.4163718950003
6715,52841.894944885964
6716,11696.589364917058
6717,5239.027000148593
6718,6639.75560775012
6719,2474.5303068037138
6720,5298.938467104913
6721,52167.632606706684
6722,53086.434571552985
6723,5821.606489761344
6724,45303.5196812687
6725,49322.98565728068
6726,7546.822386239986
6727,44612.997951951285
6728,52567.70966109169
6729,11692.980561558585
6730,53363.37950865552
6731,43356.40980351299
6732,4233.936857494431
6733,4032.394097801988
6734,2064.146686265431
6735,5536.466326566929
6736,53612.69098051489
6737,15716.420611184692
6738,7507.0265891048075
6739,54643.721734002
6740,5420.357885475655
6741,22317.967577607065
6742,5402.6919699152
6743,50775.05895334662
6744,11749.035508231344
6745,5843.148998891981
6746,3320.7435286691843
6747,5233.747665346109
6748,12081.2719637534
6749,52632.284614152144
6750,4895.790170796426
6751,5960.47063359727
6752,4348.471193786775
6753,5091.165676554996
6754,67840.3678293374
6755,4523.146144228635
6756,54874.043090937404
6757,3247.4350618274107
6758,8790.672127376403
6759,6082.897702746497
6760,5358.849242710912
6761,49863.604567310394
6762,5064.404029680274
6763,52471.61392685217
6764,7372.874980720652
6765,4613.636747384515
6766,60510.88233408278
6767,3859.4296742793013
6768,11580.786088859335
6769,4617.1249571653925
6770,49738.155689965824
6771,4941.7754597181
6772,4832.818346280544
6773,3121.428738658793
6774,48681.8569327406
6775,60195.215544949795
6776,40960.921805052305
6777,49341.79679509182
6778,5998.6751143018155
6779,47619.09150629313
6780,51114.24127406244
6781,5866.154349291974
6782,3183.497896206847
6783,5255.3425754473865
6784,48935.87445954447
6785,6347.138461443768
6786,4914.770932001938
6787,5123.2668357913735
6788,5345.91069290857
6789,7877.573977222226
6790,54504.25216793845
6791,46261.92654555254
6792,63320.99106744578
6793,5944.585038784884
6794,11263.434157916752
6795,68096.63831303577
6796,46798.569465284745
6797,4052.5527088207104
6798,30121.227943766386
6799,2620.3754484081783
6800,63949.786919022874
6801,6199.5123765873805
6802,57518.41116340574
6803,3766.4572846809406
6804,64958.36255949066
6805,4575.657025941644
6806,54271.57617727574
6807,5497.117669365189
6808,47556.425338582994
6809,44416.72541856757
6810,7005.380431367158
6811,4859.935701534275
6812,7185.451271336831
6813,51850.87206225229
6814,6202.868979446455
6815,2121.74383856584
6816,4477.770165055304
6817,58860.93802626775
6818,64749.70858561847
6819,5747.761360908088
6820,6721.434641833081
6821,2942.8548177763105
6822,6034.587894084755
6823,3793.963590279509
6824,15606.431929802611
6825,5909.913882444508
6826,12212.740173753298
6827,49343.88675523242
6828,2935.614501272159
6829,5669.2055422834765
6830,22322.716686148626
6831,12903.269951700333
6832,60313.941179412956
6833,5713.392188990505
6834,62319.29598905641
6835,3669.086160908523
6836,2751.519528837648
6837,53218.159159495175
6838,10377.475231789114
6839,9663.501375890426
6840,5923.5068224316965
6841,36876.87781342427
6842,3734.401317174729
6843,4594.060215094758
6844,3643.4320356904555
6845,57550.34630189052
6846,46482.94484478722
6847,49405.0653366048
6848,5525.722939223689
6849,60786.94519053791
6850,4432.6591318437895
6851,55535.83097057479
6852,59623.881998184384
6853,5468.098810155771
6854,6446.09742226044
6855,6137.311711360309
6856,60626.89416117048
6857,6333.257931651233
6858,6827.026909049955
6859,2954.3018015124217
6860,52480.583879226804
6861,12014.330002339557
6862,12606.085701758084
6863,45218.209008510465
6864,21632.327883988564
6865,4438.251443968555
6866,5759.88342574691
6867,7073.739877140963
6868,6327.471997786697
6869,5965.2387474270545
6870,4631.752902336541
6871,5173.029058413891
6872,5031.72989931313
6873,36770.26933517141
6874,5722.776059054783
6875,84164.36246934244
6876,5456.165559271556
6877,47893.95442847321
6878,52043.96682874943
6879,4851.802512585456
6880,13113.537186399524
6881,44265.73353194826
6882,45015.78357094047
6883,4798.543094929539
6884,2226.999807628133
6885,7590.524010861499
6886,58890.36206930319
6887,4552.9680718542
6888,53823.66367984747
6889,5001.1588775815335
6890,11892.159212688797
6891,5160.48542840418
6892,5193.499977423573
6893,54781.18834241076
6894,86582.95501581443
6895,3993.0350861446586
6896,42244.5240302119
6897,3164.0463451242103
6898,4936.658146811422
6899,52238.24237469045
6900,11374.182065121586
6901,5446.169571423098
6902,74474.95360469549
6903,4341.915784087332
6904,3203.2807615727875
6905,50516.76957692015
6906,61346.347248968814
6907,49644.35895625003
6908,4418.584579558084
6909,1787.686407620639
6910,6642.544308445639
6911,6306.225702457843
6912,58202.62548104349
6913,45205.26210430779
6914,2138.8613621121517
6915,3068.392971647501
6916,6058.93330093264
6917,4087.489459289366
6918,49290.25795154117
6919,7796.7929145109365
6920,11423.31007038858
6921,7589.14789000884
6922,6194.67217492708
6923,6557.190983843439
6924,60856.5139832932
6925,31375.15679736853
6926,5857.898382569618
6927,5168.673520573412
6928,4449.48162419169
6929,6768.403444947159
6930,52498.20871082824
6931,5114.186704098785
6932,6201.75310635135
6933,60432.105062427065
6934,4886.854092141242
6935,7805.53289906489
6936,1782.036608001355
6937,4707.841160439037
6938,55978.05180379197
6939,7388.094184551604
6940,45711.59419749088
6941,4761.125979213648
6942,4373.4295145201095
6943,8444.122762900837
6944,5610.998071154253
6945,10701.351351229925
6946,45701.716135341914
6947,4505.30878986216
6948,52409.80709730086
6949,2455.227710988047
6950,4204.454844057531
6951,11974.628487746191
6952,54550.46220898358
6953,59802.79141793714
6954,9170.002637073727
6955,58232.213804032355
6956,5338.752665369443
6957,5756.751155672109
6958,63094.5649327022
6959,6084.774351522879
6960,11665.504859995966
6961,4485.47747597398
6962,53949.12379957629
6963,5503.40404915687
6964,60620.53655457697
6965,4360.986630312227
6966,3532.767372736323
6967,41040.02565477602
6968,5961.135424867511
6969,69879.63731144147
6970,11107.704578961113
6971,7227.200538463905
6972,62316.48791204681
6973,63529.72052987903
6974,53692.240779919135
6975,61110.090612588676
6976,5275.579457141951
6977,6633.492063169855
6978,27972.136530048752
6979,2952.838143146666
6980,8141.687802672058
6981,4529.8296959164
6982,6132.713232370396
6983,64274.54644215569
6984,5682.758618928256
6985,2879.487972794366
6986,4947.376536755935
6987,9825.855319775193
6988,8001.721379387528
6989,5277.124348361725
6990,7808.65712378748
6991,59104.643589972045
6992,55313.65700734138
6993,6767.094900173122
6994,14480.225587801424
6995,4716.042673098898
6996,5231.889976794715
6997,5454.975751991489
6998,5980.799003987176
6999,11634.834927056378
7000,53571.16941897479
7001,9569.047531057533
7002,72102.28044209452
7003,5652.860104714628
7004,6052.501756476346
7005,2985.4129768545486
7006,17953.958938556072
7007,6045.692522503514
7008,71194.74014383163
7009,4546.6800891580115
7010,55023.74083042318
7011,5029.69956663212
7012,41798.533975312705
7013,52899.534464160824
7014,4791.601702510911
7015,43648.5540870456
7016,5369.300636917547
7017,8266.15499713616
7018,11277.132477744326
7019,62679.59260258368
7020,4772.422866973051
7021,7454.4847749633955
7022,10800.640293460867
7023,5919.1790238525155
7024,67427.38857948035
7025,15663.240268006148
7026,5367.743309357943
7027,13363.214958273958
7028,5562.315847614801
7029,5415.170458750365
7030,73395.55674196155
7031,4297.597188247746
7032,2815.3048246105045
7033,6662.078667719674
7034,8134.294553253773
7035,6062.318971388548
7036,8546.98811269963
7037,49970.57778340689
7038,5740.9948531238115
7039,54588.505250348135
7040,35912.69202653345
7041,1795.8075384681886
7042,3088.1647176510955
7043,55925.213416987855
7044,6526.622806642656
7045,4897.359724282798
7046,26395.883795192785
7047,59364.13242584569
7048,52646.499391037454
7049,57922.53339606502
7050,19162.327444864146
7051,5458.962799501938
7052,52470.635755019204
7053,47032.76732386685
7054,7514.742540613848
7055,6187.562299744293
7056,56813.402856452434
7057,5779.059424886123
7058,2858.56824696458
7059,57905.50803201271
7060,34208.87933392848
7061,4727.80377678356
7062,2440.3230032078236
7063,6089.089894597386
7064,4588.613237605287
7065,9855.573313755183
7066,8851.582696355357
7067,3672.7997135001046
7068,57033.72052995951
7069,31679.281573924145
7070,10752.346283141711
7071,44967.10310754919
7072,60502.73301294094
7073,6377.863300533707
7074,9490.807013009106
7075,52096.834554034205
7076,56599.29023449702
7077,10628.757073287312
7078,3367.613301517413
7079,7143.063425656819
7080,5570.323977559176
7081,5685.007672045725
7082,3024.4718923430605
7083,51203.42556867134
7084,53009.50051227561
7085,5615.05936139076
7086,43899.18016873663
7087,6823.188433957423
7088,11880.056988312921
7089,60606.51934487473
7090,5434.108954246667
7091,9085.376514968637
7092,5978.71395361662
7093,4407.207635263892
7094,4583.2123533629365
7095,5664.158472428713
7096,6628.765165964487
7097,5870.399451068191
7098,6789.632078708635
7099,48638.93937509364
7100,6145.008864810545
7101,4498.742120882477
7102,6012.469894384427
7103,3214.5515022860163
7104,73778.75334227801
7105,2990.0529385677387
7106,6016.61994221616
7107,4132.871077351577
7108,3755.646597114328
7109,5178.554811140818
7110,6227.902296722877
7111,10353.870534914287
7112,2414.486696401366
7113,56929.2946676733
7114,6146.465990604672
7115,4762.25719866213
7116,5630.307958872591
7117,4889.216366642721
7118,63050.75992397187
7119,3427.600671455163
7120,4442.561711002998
7121,68201.33778681415
7122,6142.4498607405785
7123,4366.860790785642
7124,45341.88190444405
7125,8275.073722392222
7126,50214.009564684704
7127,6748.692595760083
7128,43535.90939240785
7129,55795.339891203206
7130,53601.430057219404
7131,9842.822570701619
7132,4731.713303220806
7133,8884.434209478106
7134,3201.429550041425
7135,5032.597787606863
7136,24090.514771838887
7137,50992.84972830325
7138,58751.07882305226
7139,8130.313817829608
7140,51971.70183727206
7141,6492.329011547036
7142,60208.04455292163
7143,4308.139120303666
7144,7759.404551776217
7145,2403.468228599281
7146,2418.9837963447026
7147,48869.72595373416
7148,11017.959359735325
7149,9400.863336435032
7150,5583.6639837204475
7151,8659.749556799448
7152,8043.535765036985
7153,2100.641258702473
7154,6620.34601092803
7155,3756.5393946272166
7156,5332.151241994499
7157,4969.266069576135
7158,56278.94863383162
7159,14906.808110732301
7160,9643.347274753572
7161,11875.779942722487
7162,54788.040612683195
7163,3162.79297561818
7164,7992.56186911304
7165,5267.0159719739295
7166,10224.488867013317
7167,4994.627294738559
7168,4021.0259664400337
7169,4676.9615251888235
7170,65884.21149544911
7171,14325.025573053537
7172,5375.553367511579
7173,56230.21235230563
7174,13553.360309172625
7175,2187.4309737696626
7176,5693.8777313207565
7177,4352.77228820437
7178,5053.336198333934
7179,5676.815894264352
7180,49604.97601306017
7181,63175.62698692194
7182,6693.88546297387
7183,58002.15815563614
7184,6038.634425741666
7185,7726.386121772686
7186,56615.50070409652
7187,10259.074811119828
7188,5452.241439360432
7189,45384.37367316354
7190,3790.793910311753
7191,6545.653934022158
7192,2162.2193470309257
7193,5190.205024842238
7194,2013.055157826504
7195,5073.776220786846
7196,43376.29633082263
7197,12228.618025524911
7198,2708.4304286085035
7199,63421.82114391181
7200,7236.229708628218
7201,4458.355193360754
7202,4263.896651932983
7203,4401.239091954019
7204,4946.1485986419375
7205,6926.379762489045
7206,5378.446372840033
7207,54807.719378594804
7208,5558.943854203765
7209,2888.453797148988
7210,3714.3356655815724
7211,6083.891957513537
7212,6108.416964676458
7213,6611.033958662035
7214,11228.894287098103
7215,62845.8957940015
7216,1643.1553735756538
7217,45863.49271804455
7218,5761.736351563257
7219,5165.479514430006
7220,4853.331123486227
7221,55931.58096323674
7222,6174.942600499515
7223,4519.219671204208
7224,4736.1426279797415
7225,59439.50319000028
7226,57394.1212273853
7227,4257.129344804224
7228,4048.0875726338336
7229,72067.67629892749
7230,47502.45758478608
7231,5731.888179138426
7232,2489.867076037753
7233,4339.375451394348
7234,10969.398636797261
7235,3427.4754559385815
7236,56076.15706436623
7237,49400.55613454352
7238,5612.465754668411
7239,5302.77577541036
7240,57131.56378908018
7241,3876.5648721306816
7242,59711.64787504009
7243,57264.64314264975
7244,11486.333219080698
7245,55180.66184816215
7246,6300.602047915325
7247,5764.835282855576
7248,49686.79382402092
7249,6702.299577880102
7250,52511.58250763315
7251,6963.606470396475
7252,54773.73041735507
7253,17177.29385727306
7254,58419.13584464386
7255,6479.790018094183
7256,8584.1068563621
7257,5370.502653786074
7258,4783.756195411879
7259,7300.567169721682
7260,3534.7322975288116
7261,54775.50701714876
7262,5273.509122985977
7263,75216.66782958739
7264,58621.46885023812
7265,4223.449705303314
7266,10053.098086575897
7267,4742.0964185749735
7268,1733.3002501600786
7269,42498.28053331646
7270,63758.97397827149
7271,69369.66896913132
7272,53497.99242713845
7273,7609.218591483908
7274,4393.448874151607
7275,8304.41574215912
7276,70217.65474777485
7277,5090.2079544093585
7278,3415.1082812333048
7279,45343.212554458616
7280,61300.92952109776
7281,4491.613357327681
7282,33343.444920519745
7283,4605.051392181403
7284,4551.50125167901
7285,41531.64773260178
7286,5847.423734757846
7287,8984.94291957849
7288,48441.73569067424
7289,3303.416097624503
7290,58337.11136982912
7291,8377.057957869089
7292,58892.95535684867
7293,7662.216735327691
7294,4234.645993298522
7295,7113.560861912401
7296,4477.2131422324555
7297,50360.49435255141
7298,12536.935588723903
7299,31435.622642149592
7300,9643.907797184207
7301,3509.407962805139
7302,10642.587018144597
7303,7420.036342487932
7304,11215.002866783869
7305,4857.793861418951
7306,51609.99993149838
7307,12852.005693994892
7308,2491.768659580493
7309,6878.688738966579
7310,11705.098574681946
7311,5791.594902611185
7312,6487.6913431150915
7313,5498.623778887622
7314,6314.891413441482
7315,56271.96134156731
7316,50850.08029543549
7317,56391.33186850322
7318,10123.973452184899
7319,60885.34046803593
7320,57512.08563977232
7321,6529.835629346431
7322,4308.529759609389
7323,9806.857019208619
7324,58124.150211064436
7325,51856.88877542969
7326,5646.116968663901
7327,5501.267886427074
7328,4980.919251834584
7329,7089.4858444209485
7330,48801.93771991368
7331,5031.377889155965
7332,56777.37015438537
7333,2388.438903299828
7334,4930.018323025782
7335,11436.34600722975
7336,10693.326404807684
7337,5722.184992995922
7338,6441.89720058008
7339,4550.624729326367
7340,11024.944311389901
7341,7516.809446698173
7342,4383.584051771446
7343,4881.9717355374605
7344,66386.65349590968
7345,7164.778724254567
7346,8134.470355963581
7347,43638.66201694392
7348,7029.270663613759
7349,3115.0776406794216
7350,5736.663180056095
7351,14341.963093001941
7352,49500.11142850937
7353,57372.7566711432
7354,47657.19590449959
7355,11618.155938767166
7356,4418.478446531617
7357,23878.219189576303
7358,3654.468508883852
7359,56517.38537440405
7360,13866.064098562441
7361,4780.480970457617
7362,5567.053176327441
7363,4507.3946148300965
7364,6277.995114006213
7365,6035.933307105303
7366,4754.216428214947
7367,5783.880690499011
7368,58107.9492211446
7369,10563.165861557072
7370,4352.7261338105
7371,3260.845328929561
7372,56348.54226892044
7373,41313.877590702796
7374,12707.889326269807
7375,5939.551256648681
7376,57592.68940745041
7377,6049.756332044519
7378,5034.652219878541
7379,53180.09394624426
7380,5803.70270063797
7381,64949.12876938225
7382,49777.985808833764
7383,51630.816396217604
7384,11060.842314355905
7385,7052.426904986068
7386,5261.6906133467455
7387,4994.090290268433
7388,11609.544988831272
7389,4291.994581564817
7390,5359.847909736838
7391,48445.4322026146
7392,58123.20658549628
7393,5144.707948954672
7394,6424.459562017709
7395,6576.315979880971
7396,1492.1042008636384
7397,3378.2985750158446
7398,4500.903662398481
7399,52988.45418950114
7400,4561.121267202617
7401,47828.332125901776
7402,3577.2272686189376
7403,5132.316369607765
7404,2323.6076784728148
7405,58333.54507462522
7406,3491.624223271417
7407,5548.913056355659
7408,4052.7486278754886
7409,44277.90955675584
7410,10442.250486306206
7411,63450.259144643765
7412,8970.340015482476
7413,4000.741420770094
7414,63318.74609620423
7415,4080.5299476119276
7416,17463.968391690483
7417,5701.680724392694
7418,56582.90127023234
7419,5198.893379454879
7420,6001.312503924713
7421,2626.86743341497
7422,4598.2931209094595
7423,3248.7320652203402
7424,6130.725991085052
7425,66986.52336355502
7426,11055.759317436437
7427,60446.39926432884
7428,7919.009549987149
7429,51830.82826494447
7430,2270.8513394419615
7431,5944.200256914366
7432,4918.62973713407
7433,12039.380223276774
7434,64869.45067730715
7435,4707.110906254351
7436,5125.661498882465
7437,10692.868312362209
7438,2956.1361853823873
7439,17730.40522073242
7440,6001.594828889758
7441,11983.494637405809
7442,57178.96348396118
7443,5245.4816989716355
7444,11931.60822143717
7445,6229.21019714214
7446,7704.500295346333
7447,69066.14246757704
7448,6386.3377515346765
7449,6471.836152910594
7450,6474.503298761823
7451,4929.657534052612
7452,5597.2202608402695
7453,2659.6943062770247
7454,56558.696658100846
7455,61405.903510939104
7456,6108.201092771415
7457,11978.827680533595
7458,46369.514515761985
7459,66748.17348435544
7460,2130.4887193108425
7461,7045.683310161188
7462,11017.572527949465
7463,4317.510612785029
7464,46139.546352194855
7465,4887.594200954246
7466,1778.9344799212397
7467,53275.88855185756
7468,4035.790476973407
7469,3041.9233247573975
7470,46023.74637915398
7471,1879.2218844786557
7472,57546.40604642064
7473,48794.10348731924
7474,15333.031848955037
7475,56984.601510123495
7476,6366.64028463988
7477,2403.532623350574
7478,32640.013512739464
7479,5811.988171906307
7480,3126.599567989974
7481,7555.253132531546
7482,7153.402410068547
7483,3960.298998695048
7484,6799.995926738227
7485,6328.838288924645
7486,3978.3806992299646
7487,8042.776817523949
7488,70546.11019589003
7489,5802.029596291369
7490,46214.44748726919
7491,2145.5762498166982
7492,53381.16730266597
7493,7106.363757200343
7494,6831.744045018373
7495,5335.242343120873
7496,5921.986960626329
7497,5444.327953437973
7498,4221.10847565237
7499,6323.716312321461
7500,6340.0529243887995
7501,14206.678833762178
7502,8711.725169841113
7503,46346.332810942215
7504,56178.77486345247
7505,5539.171552590686
7506,43232.20435830954
7507,5865.696062152307
7508,5937.989210641756
7509,53732.08491985619
7510,38135.068957006995
7511,40287.13428538037
7512,4488.478697236702
7513,61935.712591771626
7514,5094.400799250681
7515,57509.05937232989
7516,4500.319967456306
7517,34760.9489071883
7518,31413.46531499092
7519,2623.3375705657913
7520,10757.777770848505
7521,64940.59510788421
7522,5909.105444616473
7523,49835.59000762721
7524,25036.857519606536
7525,4705.802847792706
7526,5779.7342588115025
7527,2916.6635549784705
7528,59785.3708914519
7529,32432.845819047605
7530,7026.675383941075
7531,53142.94467606894
7532,49567.18471613787
7533,5295.43340325801
7534,5281.906770891244
7535,50372.804460049905
7536,6634.423113095137
7537,5876.278759381314
7538,5224.508523529295
7539,50761.39543668595
7540,61327.15713630051
7541,5917.705491071734
7542,5092.419216845145
7543,64893.48359657281
7544,4088.492661886014
7545,31085.45375960831
7546,59185.73593457226
7547,3121.298050701317
7548,3357.39242439461
7549,4256.480420262206
7550,5012.397135786951
7551,45582.91111766803
7552,5735.671367395057
7553,49950.28589858838
7554,4908.902586437724
7555,50093.55085755354
7556,5276.737741199205
7557,5864.325435965978
7558,4516.005690903373
7559,44855.217386738055
7560,5114.957108668091
7561,2330.338979514847
7562,2443.040076071165
7563,3420.9480212351627
7564,65244.65077664742
7565,10479.950861886033
7566,4680.061190317138
7567,7373.408531354134
7568,80199.74363258205
7569,5666.379609721597
7570,6823.715625562601
7571,5612.012977403843
7572,55950.75254067198
7573,57457.190706102934
7574,46400.46266944929
7575,10092.850402790003
7576,43922.01256316678
7577,5142.909093367084
7578,8615.849656943406
7579,4676.239885498359
7580,6784.009344483105
7581,6521.214693275002
7582,51367.60588617146
7583,55578.211664835246
7584,51799.691707024
7585,9674.81428557207
7586,5198.935912683396
7587,4413.512844225055
7588,6819.488775591907
7589,31772.800395220926
7590,42234.21844244662
7591,2994.595325642418
7592,11652.201352249078
7593,59001.385781472374
7594,4836.303276345514
7595,6036.987443480823
7596,4670.8249826541
7597,5716.48699804247
7598,7264.075181020171
7599,6743.439243397851
7600,60163.25876775718
7601,49366.08516412788
7602,71010.62269296234
7603,4899.261432745
7604,8792.248174223283
7605,42774.21816465682
7606,5530.506581989178
7607,38011.29950789535
7608,10282.195201338316
7609,2824.063502673567
7610,5565.684589115694
7611,48921.59092865131
7612,45515.23941484223
7613,74369.54409204988
7614,15749.453217477252
7615,7936.361075881612
7616,55173.207828416605
7617,3012.72867440344
7618,2510.3293938253223
7619,5754.25309030835
7620,50752.485560043206
7621,63291.721294413146
7622,74986.65783675355
7623,11934.389429998455
7624,61898.17378430326
7625,3314.5568473123203
7626,62744.7376285162
7627,4836.232753567818
7628,10204.955286009885
7629,50739.09694211521
7630,58596.6396368848
7631,5027.437839463254
7632,12760.640247344298
7633,5986.5333558544635
7634,57430.819905327735
7635,12507.475644328984
7636,5230.47287397698
7637,4157.455446949154
7638,6401.6147456414255
7639,7833.3194151287
7640,10230.553751421343
7641,5329.555651982282
7642,44080.677681240566
7643,5322.330141605296
7644,50011.84872088734
7645,44761.58197241039
7646,6824.413872734759
7647,57220.29841171751
7648,12000.2297783673
7649,4271.138528587474
7650,7965.109324752494
7651,4470.920753848741
7652,42252.895781382365
7653,3640.508777448907
7654,6916.115500155483
7655,10419.432532595836
7656,47792.368080422806
7657,3310.1616886264273
7658,8126.325538144417
7659,9184.408411340339
7660,54375.806710561206
7661,6529.083155985001
7662,8657.978569668423
7663,5412.9486592160665
7664,6231.292202924914
7665,4966.837783813347
7666,4089.4658180336864
7667,5828.15963131868
7668,8314.262632898655
7669,4506.539833051002
7670,14756.238267046485
7671,11115.497630938813
7672,7190.443690622641
7673,8351.241860068129
7674,65104.03149287463
7675,6532.313662325096
7676,4663.91619428139
7677,54649.311664590525
7678,11200.321125254417
7679,5609.250667253287
7680,45487.211292378175
7681,7430.324262971986
7682,4582.012207505224
7683,53060.50666982151
7684,7946.197382087696
7685,6754.690394392156
7686,69909.66230669343
7687,6099.736309463074
7688,4678.894079610417
7689,63558.00426503679
7690,6798.610523088844
7691,2294.289290294616
7692,6080.804707993821
7693,6973.675435082433
7694,6149.616756241512
7695,4320.497324963939
7696,6620.2493982865235
7697,4869.284468604803
7698,3563.0978532822314
7699,51209.23638523792
7700,1808.2071816634161
7701,8206.40617357069
7702,55317.213384750576
7703,2944.860346810444
7704,6926.258081062753
7705,5710.904858542586
7706,6429.367294822387
7707,63966.34071416327
7708,44307.15567932964
7709,8590.439191243688
7710,5212.252314383628
7711,2123.6785214325896
7712,6800.024741814579
7713,36254.36043376681
7714,62709.34987327138
7715,65328.00104922957
7716,7130.9185850471395
7717,2388.0853374204466
7718,3408.9109518226887
7719,5105.052280186937
7720,7032.849632307333
7721,4005.162625523677
7722,42921.04683002914
7723,5911.034377642984
7724,57271.09977711973
7725,5605.278324857372
7726,4531.184557131598
7727,9124.648465234295
7728,55727.0004353867
7729,11217.628850378844
7730,53270.293587143766
7731,7337.961338900508
7732,6130.217978508681
7733,5571.543056816972
7734,3938.223305424039
7735,4229.090461249423
7736,6076.643639604168
7737,64527.511435776825
7738,23609.228891772327
7739,53402.538583591246
7740,8496.113937484599
7741,6692.471841862486
7742,4610.132756908419
7743,57290.24889098474
7744,78147.66913995812
7745,61164.85376479613
7746,2568.7027947202087
7747,9296.796814788313
7748,2657.089432590059
7749,5561.629971778012
7750,60599.483972258626
7751,11092.171233440882
7752,40789.59553139626
7753,5552.277619155202
7754,4685.081651439672
7755,48252.59168627551
7756,7060.021766802442
7757,6694.188776593503
7758,4532.342862914986
7759,3426.995797005571
7760,6417.5774261497645
7761,2237.60389875048
7762,4022.5121057220063
7763,2750.6310233565746
7764,5624.815573466954
7765,12707.823940405913
7766,6453.022999809422
7767,7583.9722426548
7768,3472.4208729262127
7769,4369.777549572345
7770,11327.538507344072
7771,22189.714006253493
7772,57044.227103924415
7773,51569.921808261366
7774,5218.0730821089655
7775,6518.21591626416
7776,50810.42817567288
7777,6632.922034593151
7778,5365.369912171869
7779,65882.48334640957
7780,4253.614670532602
7781,60715.95838996139
7782,4068.644577134119
7783,55309.26485216466
7784,10237.89874949576
7785,5623.070238849663
7786,47102.03074097065
7787,7847.702991162017
7788,10093.078134930232
7789,58892.55702334143
7790,11403.821036784142
7791,4459.475359296539
7792,49509.16821495224
7793,58288.05015739577
7794,4876.488377077456
7795,10337.654193938937
7796,3427.8981960966635
7797,6249.607252697922
7798,4361.000525283324
7799,56458.428148356405
7800,5121.6863206203025
7801,6403.686155752362
7802,7157.588620301005
7803,63514.64766402863
7804,2366.7203545501575
7805,5997.74651427761
7806,5195.1256881742775
7807,9744.597739006102
7808,68693.62255539185
7809,77938.47201984763
7810,15335.373270026914
7811,4611.192017044051
7812,6217.60713886323
7813,14046.452132435206
7814,3115.0452903557175
7815,4283.647833255625
7816,44590.787859810574
7817,54275.17544745634
7818,54312.24034566911
7819,11949.85264634063
7820,9127.912566331968
7821,5248.474587462379
7822,4390.886285108556
7823,4283.196190683294
7824,47086.9398581752
7825,6883.125433230271
7826,6042.911219978847
7827,7247.662424443448
7828,6167.818757379939
7829,7579.660425103438
7830,5075.018320116458
7831,11128.610894582687
7832,9143.138075763576
7833,28233.380231480336
7834,65946.78698950146
7835,6548.719815517517
7836,25672.596368876482
7837,5796.509394710839
7838,5405.238710801857
7839,3905.0515389779375
7840,4943.872688152161
7841,22753.52192773775
7842,40442.13989482612
7843,3757.8029263687367
7844,9657.255379697155
7845,4721.073362202858
7846,6175.46519728507
7847,7806.265263785171
7848,52738.01443296191
7849,10938.20771146591
7850,5524.414269364694
7851,10634.326143836299
7852,49816.76795807855
7853,14758.183042852585
7854,14188.697483255683
7855,6198.375231858488
7856,4537.173348932281
7857,10565.250378754768
7858,46584.55461074681
7859,6060.260189323134
7860,5717.370873590182
7861,3155.6011581543344
7862,2232.202329837604
7863,65218.038903032284
7864,5958.947057450338
7865,6253.54585107045
7866,62265.40409467176
7867,4140.039855220566
7868,3843.282243069522
7869,6476.610325199123
7870,5045.685802753431
7871,5730.442919889799
7872,48382.03753133316
7873,6881.606418119367
7874,70762.95953701834
7875,49737.81732978382
7876,64654.71528350335
7877,2550.228194869843
7878,11167.82943628241
7879,4763.470991185204
7880,61086.82217022659
7881,55635.758811162385
7882,48132.53479153823
7883,11394.461408431205
7884,58344.94588378635
7885,7879.348164758274
7886,4086.1626721448997
7887,14774.804219901373
7888,8525.40249063717
7889,6920.614765516924
7890,58191.9493997189
7891,4966.567527000269
7892,6265.006184763944
7893,62896.50065048043
7894,58293.89416772517
7895,53137.545900442325
7896,4845.822625002657
7897,4719.466387396902
7898,6191.145085926526
7899,6237.583483805444
7900,6658.3951556744
7901,2892.0790052245025
7902,3278.4116468076827
7903,4821.59520251041
7904,4729.702208386344
7905,44812.64918836285
7906,5163.873455350396
7907,5819.86455044428
7908,7652.855740921693
7909,64946.30575635361
7910,5286.905260462681
7911,45548.30964448974
7912,11176.024628437448
7913,64022.45682353211
7914,9916.80145192939
7915,6683.1021148279015
7916,2499.2146679437787
7917,4585.161803145516
7918,36049.84530142088
7919,4756.095571765257
7920,49996.7786941054
7921,4829.347284723335
7922,40409.568821874665
7923,2795.958151341216
7924,6097.189578332069
7925,5265.927941758546
7926,4853.8175681483335
7927,5950.171988144384
7928,53646.29929618398
7929,4733.305021073757
7930,55824.257479147374
7931,3023.493943349726
7932,3414.8240601914754
7933,10725.721311595305
7934,29213.256146194562
7935,45727.53582914844
7936,6189.337834723332
7937,3539.5896427407206
7938,6031.334623661378
7939,6265.944116094332
7940,6789.851570681063
7941,6022.832912474775
7942,69892.72342636446
7943,11567.933685832484
7944,56774.72376224471
7945,9889.40202366026
7946,1881.5320437241696
7947,6411.304445017337
7948,31798.960561762324
7949,39259.186881305024
7950,2360.1945502534063
7951,4737.493432839181
7952,5190.523778453637
7953,8782.951808808199
7954,5402.056152190739
7955,43116.061059297295
7956,52222.56172868663
7957,7030.02597001883
7958,5990.482724983227
7959,4615.109212783327
7960,4679.258381973708
7961,2811.533237396202
7962,46255.22954909901
7963,40910.01224245313
7964,5853.824944515056
7965,35270.478444783876
7966,6632.509131687188
7967,5691.454660752395
7968,61378.83586704807
7969,56945.51811375062
7970,62898.4306432013
7971,7332.094555753147
7972,5476.30501000705
7973,9057.187637219726
7974,59904.527535316294
7975,42005.71625503164
7976,8173.591481522302
7977,14625.310431994858
7978,52930.88297502925
7979,3838.637280003
7980,54155.469745629234
7981,68067.13056276138
7982,5780.436020430935
7983,4215.7116810261405
7984,49699.679378176654
7985,5221.299019111285
7986,58214.362147152366
7987,21465.049732580796
7988,46267.52888241022
7989,4718.6561070187345
7990,8400.263884032742
7991,5549.579785938193
7992,57672.90111901361
7993,4472.357971689415
7994,4974.563811722888
7995,31972.079158922745
7996,6639.168514385597
7997,5282.298893621543
7998,4565.091053757076
7999,44663.18740373091
8000,6115.848384738411
8001,6015.13125749612
8002,54473.68394573289
8003,43532.368672759476
8004,4476.790304999983
8005,4235.002350003128
8006,53313.78113810516
8007,6229.189809707086
8008,5417.918257262005
8009,11294.927617969082
8010,61157.170925860635
8011,4026.688893503032
8012,5755.421527241357
8013,5395.490274684442
8014,23938.054212366704
8015,57719.70996424749
8016,53212.91661291578
8017,5493.306578672175
8018,6747.802566347352
8019,8641.95104276211
8020,41751.594867746724
8021,11102.189048550332
8022,4498.81383549155
8023,2942.926562350976
8024,6498.889596418279
8025,49711.64011844341
8026,54387.391152975564
8027,4579.872014145475
8028,47452.57844003934
8029,50731.51660671084
8030,66900.01678381978
8031,60843.175928216944
8032,4503.151876992728
8033,6169.514803430225
8034,5110.543504222835
8035,5646.903084978293
8036,7780.200149441333
8037,6192.234290208431
8038,5061.394964555844
8039,69051.8665075012
8040,4349.564596583476
8041,47548.49523286811
8042,9799.896692475124
8043,6245.517688848285
8044,52178.26138875865
8045,5909.766099499757
8046,4797.523407215135
8047,12956.321457740081
8048,56511.821817214106
8049,58635.3391441125
8050,54411.709537334966
8051,6546.592838036639
8052,44932.66082883596
8053,9404.922396573118
8054,2486.56237470245
8055,59174.47748312696
8056,5778.609859985741
8057,48103.913360026985
8058,69657.3034414663
8059,72320.29035428258
8060,2986.88931254664
8061,11038.30144838992
8062,5218.114304661718
8063,3376.8134930127826
8064,5729.009507283285
8065,50636.13530613377
8066,3578.7569072812344
8067,6721.4411344458695
8068,61705.2976570074
8069,7042.204533781484
8070,54402.377767887796
8071,6188.601965388703
8072,60619.18353766439
8073,50251.10464203024
8074,32378.826903800895
8075,10777.262788036673
8076,6023.164196448139
8077,5288.738565435418
8078,11615.332832963832
8079,7397.343728962578
8080,6344.261394749468
8081,6749.714895268862
8082,7919.30009730108
8083,9278.981166489379
8084,11865.219142372503
8085,63284.22373052841
8086,7896.5350728484655
8087,4185.623113724141
8088,5938.639720962691
8089,59554.366328081334
8090,52396.4330238081
8091,5163.651213396464
8092,15010.671323468334
8093,2345.7497522751046
8094,59337.78397354632
8095,4542.607209626865
8096,6459.9134127536145
8097,5928.463995455473
8098,4538.98745806672
8099,49696.026895324554
8100,5526.780674269714
8101,13014.79095944894
8102,5532.430836283838
8103,6584.084327571967
8104,2592.8989864611294
8105,5095.919847086052
8106,43978.52861712783
8107,4914.011624311049
8108,6055.998786408837
8109,5567.908241219178
8110,4799.482900396643
8111,4019.596863382515
8112,4804.755971030234
8113,5265.706088114548
8114,8132.357773344953
8115,43642.470735801704
8116,38336.22495683312
8117,2975.3221758151894
8118,6795.7207062718935
8119,9897.9469711827
8120,46256.62807191528
8121,12964.039185173755
8122,7796.599378648052
8123,5624.295720759663
8124,32065.95792812361
8125,49381.724363697846
8126,2651.0632518917864
8127,5261.728431102844
8128,4417.017414419077
8129,47393.57877451434
8130,4569.899183177927
8131,2604.5800912794625
8132,2124.249341511875
8133,63765.5043199498
8134,58751.07882305226
8135,51610.98719519016
8136,22154.097073056822
8137,11351.21502545755
8138,10037.979457194131
8139,14156.11898118662
8140,52958.80613681437
8141,7931.1205946690025
8142,13910.396547979493
8143,15543.737198995805
8144,47288.50211036776
8145,12559.520345255683
8146,4436.6733564063525
8147,4680.09476499181
8148,66050.76139841632
8149,5244.115541690472
8150,10763.154369666532
8151,65357.16689717229
8152,7329.099003444031
8153,58026.70342343281
8154,64936.99686952575
8155,4812.025604449372
8156,8920.1666208212
8157,3855.081379010088
8158,62345.09677321209
8159,55944.513651655034
8160,2779.3939173391104
8161,59991.05605568382
8162,6573.457542792374
8163,5676.299163393837
8164,7870.358012134449
8165,71897.35314596616
8166,22324.37596222331
8167,22471.3283749205
8168,56385.44763610185
8169,65729.67062822843
8170,6821.854588252792
8171,2446.204049619102
8172,5097.217786225925
8173,52532.3082669569
8174,4077.311402791449
8175,2803.6281094615056
8176,4906.5095705563845
8177,45472.22400093719
8178,5792.781972591543
8179,5134.198502609156
8180,28113.596027355943
8181,3365.1766169255075
8182,58704.383588696226
8183,6470.586310890969
8184,7660.648400933728
8185,5783.648351461161
8186,2801.914430542738
8187,6221.076878563203
8188,6603.385854396737
8189,54940.35181433454
8190,61595.33048985532
8191,4391.6331592869765
8192,7454.373915685769
8193,5770.677729141886
8194,3862.659662720748
8195,60148.70390975059
8196,2872.61065687811
8197,2500.901050656119
8198,7177.746309729959
8199,9954.425384377271
8200,6105.370645118666
8201,4689.188145145427
8202,4603.492000946303
8203,6187.2143760272365
8204,1619.5295149030896
8205,11168.486406044081
8206,6779.764239209086
8207,6494.87076714998
8208,4280.450686928281
8209,45190.75239252633
8210,7698.317730428115
8211,42900.07142862241
8212,2670.788150749305
8213,6193.357190803361
8214,56417.68844587545
8215,9606.73341246118
8216,2953.489780619095
8217,52380.47965851046
8218,4750.1881006511685
8219,63592.434135896954
8220,1596.345062121297
8221,12549.165857270757
8222,5479.96097726776
8223,4066.193496453732
8224,46221.96050418599
8225,6050.207514357905
8226,5726.594376777646
8227,43973.99171083426
8228,4494.330378932559
8229,4858.8355010883315
8230,56392.815987723356
8231,8610.098588144783
8232,67774.28688465721
8233,5966.448091056747
8234,6639.245575270881
8235,3843.212358879657
8236,57916.307926668465
8237,1675.194278993904
8238,2835.5136273669586
8239,2211.4297377249604
8240,6074.675111631484
8241,6361.56732805261
8242,3934.7906446589286
8243,3988.5034207424155
8244,4180.114859781417
8245,9756.940838481
8246,3231.3199140988936
8247,13681.442931193113
8248,5766.183891546938
8249,6004.7524035871775
8250,5374.991424522815
8251,6122.641907430658
8252,3884.5666636974306
8253,4556.712512219584
8254,64815.82973532398
8255,79708.82333891954
8256,57461.49851653251
8257,6807.411049869206
8258,11645.880144137058
8259,45322.81673543683
8260,50992.04238374383
8261,52918.25285052897
8262,7253.141343120004
8263,6529.554216325849
8264,47229.74524298398
8265,3119.4178025676833
8266,66304.93313354715
8267,62508.30085358004
8268,6437.102212177359
8269,32957.99894697379
8270,57229.55503256698
8271,6939.5961533442205
8272,10465.332614727127
8273,59258.00554616502
8274,7323.718645379848
8275,2693.1077414271776
8276,4927.792473197187
8277,10719.092107003962
8278,51281.79380888591
8279,4237.519736029071
8280,2960.490320137499
8281,9984.914356164696
8282,6090.484613457298
8283,4824.804748978995
8284,5181.0979658434135
8285,7964.15435239637
8286,60675.1505233026
8287,76294.90847341018
8288,8785.31139011806
8289,57613.895043739685
8290,5282.613822526721
8291,10203.119928408001
8292,5120.874259371687
8293,12413.39563003808
8294,3313.5816649031044
8295,6465.524305634257
8296,5070.5030370627555
8297,50863.97266030105
8298,5853.593682714367
8299,6193.091402107411
8300,2833.613375801824
8301,7111.320592416131
8302,2946.814923123318
8303,48975.95591742631
8304,5583.612178436746
8305,1844.3181535516617
8306,6309.586406753733
8307,58903.830150041875
8308,53835.71415585387
8309,5382.017874290035
8310,4671.461681204155
8311,42581.64390707977
8312,11842.150707557761
8313,2065.1198326901654
8314,3450.4793992128493
8315,49890.89894553522
8316,46125.94143580045
8317,9252.431276271916
8318,48911.18614242596
8319,4669.250069711297
8320,5970.400236067155
8321,4367.193716251519
8322,3901.501146704705
8323,5307.660805316557
8324,4605.582682817691
8325,5705.572320254783
8326,5594.910447069349
8327,52730.91645843626
8328,4450.250474586763
8329,5417.569926085742
8330,7032.943447400648
8331,7645.938755751362
8332,5719.886053317676
8333,52603.1743356433
8334,61591.99941345977
8335,7051.568295395436
8336,6437.104432816101
8337,63854.97238426088
8338,5350.2818457597
8339,58890.78889584802
8340,7342.842401855112
8341,5936.597792906165
8342,2646.8479033246203
8343,4726.548129603615
8344,46410.94374365681
8345,4160.614365014299
8346,52564.11449200101
8347,5238.406280029706
8348,4627.527398149364
8349,5613.006615674103
8350,12960.164757268863
8351,6204.221809198421
8352,2680.056385771488
8353,71824.39611966848
8354,50114.21555346632
8355,2502.7751981538977
8356,64422.552462628264
8357,9043.433259674397
8358,8369.069906238508
8359,51240.194929087265
8360,69361.54920738825
8361,5334.342798195139
8362,57903.11363675524
8363,5768.061131207391
8364,4273.817147585034
8365,53031.33275875751
8366,6159.649678277104
8367,9977.201197331915
8368,35544.676405110185
8369,2730.6397697176876
8370,13620.237662291704
8371,4897.8917713782985
8372,29387.34630329925
8373,5413.708602106677
8374,5120.997682908392
8375,6837.525620894589
8376,42223.26284376925
8377,6982.722805897387
8378,3552.057635085326
8379,1617.6782685930398
8380,2898.234106447201
8381,51610.36158536458
8382,5067.147700241152
8383,54044.75482031409
8384,56041.04647309956
8385,62073.4444429694
8386,59947.03932039719
8387,51529.07187549339
8388,64770.490766972216
8389,20937.78979053398
8390,52603.89106755949
8391,10189.778353963846
8392,5354.834687908604
8393,60403.77819210302
8394,7503.356051865863
8395,6245.402943009272
8396,4161.291005904766
8397,5064.930264945946
8398,46180.083276935875
8399,5189.057776257981
8400,4859.622383050584
8401,5261.439060946402
8402,3508.8168142769005
8403,59716.17940914325
8404,6023.705426474036
8405,6363.554476507006
8406,7816.096924068053
8407,13952.12242492008
8408,6256.58088050721
8409,5559.333803150685
8410,63911.64502877059
8411,2098.594580799548
8412,5856.825944080967
8413,5082.413323751383
8414,4927.188403364915
8415,70401.23852312466
8416,4227.171128143461
8417,3113.472969426818
8418,2594.4158061530497
8419,2108.860115818298
8420,10921.769799415822
8421,4174.571639932935
8422,55766.712150268584
8423,5773.165057782036
8424,60267.64446762617
8425,5242.125077651881
8426,58190.11186373988
8427,5976.798292260501
8428,7007.773032760451
8429,9750.138129666844
8430,3203.5386226837836
8431,56531.94934565782
8432,4981.926041254155
8433,9314.393771507892
8434,3331.408848781827
8435,3289.911836405542
8436,7959.695811194191
8437,52324.29689995536
8438,4918.369634104609
8439,55746.18058735618
8440,50116.3158086951
8441,5240.489174099161
8442,55864.29163268747
8443,17530.698434450635
8444,8577.22629210232
8445,2102.908394882762
8446,11125.53561039174
8447,6513.980805291554
8448,5715.873975180524
8449,5323.428094006519
8450,47253.83367746614
8451,54116.41235715755
8452,60266.69841613086
8453,2743.333147376843
8454,3210.2789012294916
8455,4392.108217098323
8456,57603.63173296055
8457,53723.270228625326
8458,9720.33117281667
8459,52400.0017839803
8460,6351.587679619496
8461,5563.005329488692
8462,58271.39491390689
8463,3949.019406975447
8464,5816.952365727843
8465,13775.193897936453
8466,8802.327174749518
8467,65526.05332844504
8468,5571.002980988026
8469,5336.523500381787
8470,49753.93308125178
8471,6479.607606793868
8472,50294.09974572404
8473,10437.886357474936
8474,12735.874166364862
8475,2252.1164410651486
8476,12182.332830431116
8477,2416.5119535545746
8478,8049.422879857441
8479,5276.674224047047
8480,5397.273979670985
8481,51144.83244668756
8482,4884.691654383291
8483,64076.061198986186
8484,7668.2190256347085
8485,60536.0511721012
8486,60664.01032851194
8487,5940.135029553732
8488,6643.894620199063
8489,6398.7161292486835
8490,4917.183608759109
8491,61874.882696145556
8492,9723.152880104846
8493,2886.648354205913
8494,3635.314203609444
8495,6404.833036194659
8496,5368.81857789016
8497,4816.897403428983
8498,4858.859837521638
8499,5801.363760667299
8500,6524.683079482597
8501,12363.439178026008
8502,2124.011651829618
8503,6029.146772651147
8504,12071.740325791932
8505,41824.244554793084
8506,49794.334949698925
8507,2840.7271008476623
8508,52719.9232296181
8509,2912.4973369833506
8510,12872.520999480117
8511,6026.981107983039
8512,4711.042199971339
8513,4800.814332419188
8514,6993.5474530995625
8515,4066.435248504723
8516,49807.39641279741
8517,3878.4662811349895
8518,5158.32584979383
8519,4962.134385188361
8520,2487.8711117376156
8521,3181.7187505774154
8522,53908.1307376148
8523,4478.562873102892
8524,12847.135135212442
8525,3825.513262578776
8526,60711.94036794633
8527,6798.053840591283
8528,10472.835612001045
8529,64000.334488272296
8530,55852.103304622426
8531,11400.08043134496
8532,3816.287747386957
8533,43123.10518350438
8534,5202.228599286576
8535,1867.9766933008527
8536,4722.857787045601
8537,51922.21795522509
8538,74191.99222602643
8539,55425.928507996694
8540,11469.499032618432
8541,32460.61428065239
8542,9181.751201791143
8543,4230.84488503676
8544,49824.51315420029
8545,2763.7429828033783
8546,11817.81250288952
8547,13639.224122459531
8548,12058.890610045732
8549,51659.999540514385
8550,4794.715257848222
8551,62142.81373416426
8552,51467.4325798315
8553,5057.319167081992
8554,3267.3685961648944
8555,5892.0623264937485
8556,6958.362093884778
8557,6200.419660671074
8558,6342.606666542786
8559,2875.503941937305
8560,8073.177036599133
8561,4915.784834802331
8562,38001.06650731257
8563,3888.280746294343
8564,6208.433419358692
8565,5857.844336568365
8566,4557.964557588461
8567,2090.7385991766805
8568,7001.732239241313
8569,5991.766310669718
8570,5657.308764846522
8571,3865.9961681482046
8572,56743.99435977549
8573,4339.821689928833
8574,4536.464732769609
8575,57206.65567980903
8576,55875.41830102414
8577,5221.750424045358
8578,38923.588054324646
8579,2705.468372726483
8580,6176.804779782395
8581,5836.9700623969175
8582,13765.917035159471
8583,8728.78643243819
8584,6580.817662827502
8585,55362.9184619811
8586,4652.858097650451
8587,6120.385204784781
8588,6143.773090132701
8589,42146.027910263765
8590,54413.5991134879
8591,8183.303635942785
8592,50640.01809618186
8593,5884.636397558621
8594,5567.860103691902
8595,6259.864905334581
8596,4531.945859546092
8597,6062.7060245203265
8598,48523.04457221926
8599,13719.54606070792
8600,6553.283588970795
8601,2923.2503698750443
8602,4838.3240020646535
8603,5560.143255200243
8604,4566.426650960799
8605,44944.51522579665
8606,50827.12649772116
8607,4218.258820713807
8608,12152.292809112407
8609,6803.982812357879
8610,57440.862290354446
8611,71399.95954478066
8612,60410.388403217374
8613,49386.04779601322
8614,57096.18432279306
8615,4808.029968648034
8616,3067.8422035226495
8617,4684.2624110699835
8618,3712.369387662214
8619,62986.88633720275
8620,61066.76668902164
8621,4467.19186537202
8622,5625.196247369813
8623,9369.731287754532
8624,4505.923473674043
8625,35164.21968506262
8626,2120.709926333767
8627,63059.45231997481
8628,46065.790528820944
8629,6388.0747405007605
8630,6235.582526189848
8631,8862.693155113
8632,48021.399479207015
8633,8043.645270255038
8634,10746.645501301567
8635,53834.538066246096
8636,53457.83348512904
8637,14859.068869453726
8638,51414.407031249204
8639,48969.351362286514
8640,63857.19002848541
8641,70693.16081363993
8642,46549.69426373552
8643,53318.72550534192
8644,6989.583536826916
8645,52126.40755780728
8646,2132.193830743342
8647,5414.032746998475
8648,44140.919792513356
8649,5372.836202379402
8650,4860.501806619946
8651,5869.578413179313
8652,3362.6401421605515
8653,4852.0435324328155
8654,55800.52582652223
8655,8160.720021119698
8656,5056.993709064209
8657,6072.623222532651
8658,6272.867604625437
8659,5247.566380440001
8660,3804.650159652637
8661,5481.177263190786
8662,48371.74717738756
8663,52101.171368714146
8664,5896.072004496735
8665,51829.01584719458
8666,5116.67141893006
8667,6284.739702771767
8668,8964.558173659449
8669,4991.827407188653
8670,4021.9421205938957
8671,10873.39280727376
8672,4475.188111793638
8673,10367.071963409822
8674,6452.786827072921
8675,66483.0836891173
8676,5325.068383377662
8677,7499.992146990977
8678,2558.768690435911
8679,49221.01001984639
8680,62982.13992733645
8681,62141.44816708781
8682,54123.01455657525
8683,6448.239748571038
8684,2665.4117324433737
8685,43338.14389721081
8686,4445.272495392406
8687,6779.634434473683
8688,64704.03363383321
8689,13049.257832709078
8690,55546.7646312861
8691,7002.144606592683
8692,6145.434856815643
8693,3850.7440240463316
8694,54634.173581862495
8695,5059.831200901985
8696,64997.14320536996
8697,55497.77594391767
8698,59154.92342009449
8699,5749.962122805831
8700,2930.1209519830004
8701,5049.1631722781485
8702,6040.070589446803
8703,5273.114920914041
8704,2288.2829057986273
8705,54980.449979994046
8706,5018.378861050566
8707,5687.141195034747
8708,5700.363417861998
8709,43603.19880921885
8710,4367.22356136955
8711,3483.4039246894545
8712,2509.1436325320465
8713,38018.63580384344
8714,5043.870667404379
8715,4216.447583364796
8716,60134.53068477105
8717,8495.62040489913
8718,4949.125849269596
8719,5852.754512608006
8720,6104.266713436304
8721,6129.073412148695
8722,6185.4094624485
8723,4408.196670559054
8724,5666.357003523415
8725,5508.159749918712
8726,8934.592392367056
8727,3614.993699290088
8728,17679.552013893466
8729,9454.843575268567
8730,6243.624201870697
8731,8184.967884764715
8732,33123.20188863474
8733,4685.77521274298
8734,4168.571175339462
8735,4915.457531486331
8736,14329.061677670896
8737,5632.52867751425
8738,14773.350082647288
8739,4197.263111633485
8740,10653.75130922173
8741,4532.14966726875
8742,2558.1112987594315
8743,7105.7046387799255
8744,4478.056541460229
8745,11333.14830411127
8746,49509.03394678769
8747,2263.8061674959317
8748,13919.627540597085
8749,52926.31734918867
8750,5594.158392872206
8751,6279.057191789948
8752,5786.359484313121
8753,3709.6550794963528
8754,10593.528379299649
8755,8252.388314538595
8756,5679.258180793295
8757,63581.25340922682
8758,3222.515741196621
8759,5852.705076822716
8760,5700.267109671178
8761,3404.7516319745546
8762,59314.048376481405
8763,9944.148133278552
8764,18047.56720874185
8765,45198.13495174179
8766,41511.73444683257
8767,4882.860124530688
8768,58630.46749890232
8769,3715.2410825864863
8770,72771.19279558484
8771,5500.801543298374
8772,18502.627953312243
8773,3031.6011030343375
8774,4359.854722567391
8775,9885.718502818421
8776,5097.928616625514
8777,2927.4387199823923
8778,2481.1758446371464
8779,2561.335683733628
8780,7124.868238476636
8781,22165.805029111983
8782,6079.389144967661
8783,7542.484811337105
8784,5771.259481196979
8785,4236.141904258812
8786,57954.14300035674
8787,4282.940222156881
8788,5908.109986294004
8789,26577.563884626128
8790,5178.248871173437
8791,2127.5186011269298
8792,11193.363191614724
8793,6258.865659969148
8794,5642.554773052434
8795,4298.268790880057
8796,5149.336890415045
8797,8873.97732108245
8798,4763.739205172781
8799,16186.753031128546
8800,8770.878139419157
8801,3330.4862177463715
8802,5367.238995033733
8803,5118.295822581082
8804,6812.431766423732
8805,6769.5909054006925
8806,6547.770974042617
8807,5780.252501591422
8808,5322.528689715199
8809,5317.752629126222
8810,57742.47655039819
8811,53955.81502051788
8812,6357.689019670478
8813,3956.632493031215
8814,3253.526979658453
8815,3222.6865892956203
8816,4687.660204292624
8817,56315.89461454616
8818,28081.14949000266
8819,8333.894436184686
8820,11982.930049269271
8821,71644.51316469724
8822,80366.13099904775
8823,7741.117477026453
8824,67718.98294482204
8825,5540.580847045851
8826,43114.73401645434
8827,39516.09862382384
8828,8412.18320051126
8829,4481.047638403293
8830,8920.05258603834
8831,3783.1805777726076
8832,5011.270318133427
8833,60092.23599939038
8834,63102.05415696374
8835,45050.225301332306
8836,5986.874707993165
8837,6598.315689776044
8838,4068.981460245092
8839,54715.19323921361
8840,22617.77868933906
8841,4698.966609446414
8842,8363.762572246702
8843,54830.13836418088
8844,3375.0893224951515
8845,6190.096423645532
8846,7609.8523273660685
8847,9094.327157355783
8848,43825.00880270637
8849,6576.990548019441
8850,53775.142883984314
8851,42304.41844885178
8852,8034.532883943817
8853,2579.530775449594
8854,55842.60502481219
8855,66999.28884317934
8856,76668.84804012772
8857,2140.138307300752
8858,6542.490588845416
8859,4221.5819899099515
8860,70541.87004310578
8861,6094.092142621601
8862,5351.367741044762
8863,54991.0016256712
8864,13951.067762110304
8865,5599.738717601467
8866,33608.362494642126
8867,5616.030336502775
8868,4620.1927884325705
8869,2188.438847991504
8870,59108.42121567231
8871,4969.206957113852
8872,42320.93333711516
8873,2422.776086011257
8874,49297.73540392278
8875,6825.090802328815
8876,54594.97868527041
8877,4778.266077701496
8878,4935.107284483852
8879,40859.16126477771
8880,6558.5427050165945
8881,3995.7637528960067
8882,11915.538977686181
8883,5954.441228766251
8884,6049.564125791789
8885,5465.215553039128
8886,6061.706403640344
8887,6267.47752248309
8888,65189.4417236501
8889,2575.3499873358983
8890,53242.70303437126
8891,5695.245096199078
8892,6480.08327251147
8893,3559.0801619004433
8894,58569.55184783188
8895,52953.33203714283
8896,51518.540468095074
8897,6485.276977813669
8898,3388.5527065736937
8899,49676.91528147464
8900,6223.321686887292
8901,5109.15051307517
8902,20698.510873652533
8903,49901.79323233266
8904,6219.348965382457
8905,5040.159661265211
8906,5600.491159716392
8907,2863.808878479166
8908,4406.498994019507
8909,4166.825212540519
8910,3421.361474827417
8911,58928.61001467654
8912,54158.773779804615
8913,5795.6892673714165
8914,5918.549904523224
8915,61741.1294004792
8916,4859.943748232533
8917,7141.2111028316
8918,45435.98406773072
8919,6174.151614978445
8920,50260.71326669907
8921,56033.79193220296
8922,4921.9925466802415
8923,60145.028578111815
8924,10626.24686369417
8925,6370.1429798682375
8926,7161.884938631588
8927,1929.8575598957405
8928,5795.133124583682
8929,51791.44410733001
8930,5046.420897996056
8931,4587.643612012419
8932,53324.01233484152
8933,2404.4377858744965
8934,53092.341751649605
8935,6167.246087233418
8936,4481.544631825184
8937,9889.36606357351
8938,54082.31390172567
8939,7476.90362984417
8940,5295.090777481664
8941,60853.437851456496
8942,2560.957910966097
8943,43489.096488588155
8944,8115.598951384697
8945,11525.373002761062
8946,5721.073949622165
8947,4923.824351303868
8948,4925.281226170893
8949,7865.085598514667
8950,60413.13872183353
8951,7197.112931105458
8952,4858.875824266846
8953,4494.041878329603
8954,54549.33079914693
8955,5762.1212021414185
8956,15277.027719749989
8957,57479.228676505845
8958,42634.08469500054
8959,4084.2976000845492
8960,30648.027763265938
8961,5636.574789306697
8962,4889.986972601273
8963,55429.174650238405
8964,59764.5529178804
8965,4374.086161364776
8966,56153.143115330764
8967,33428.9011355089
8968,49667.62006256518
8969,5565.680311238073
8970,3622.6375313149365
8971,10991.322278435804
8972,11687.226629877787
8973,4601.150955297646
8974,56030.611660628194
8975,12813.298600203549
8976,5489.345950995587
8977,11075.735863159973
8978,3390.661634939058
8979,37320.831438128254
8980,8125.790481952349
8981,51707.396341556414
8982,10514.547564595277
8983,57069.891202344814
8984,58557.54790071522
8985,44524.41950920045
8986,4642.700330951531
8987,6550.131974351007
8988,8411.3921019771
8989,56442.058712035214
8990,9416.039666607585
8991,57555.722302931674
8992,5868.766409775928
8993,65446.43397565234
8994,6260.413926369451
8995,11569.665524288748
8996,5037.217594081918
8997,48404.12531383485
8998,5585.033899165779
8999,3960.398814134581
9000,79984.24256144521
9001,5064.202033231276
9002,3232.2167309182923
9003,10138.982677907017
9004,4185.963948438871
9005,9329.181743238627
9006,10090.947994894754
9007,11264.128161861901
9008,5307.663674444046
9009,9643.930147037383
9010,3334.4925010602547
9011,8691.870207798092
9012,4698.194361269604
9013,56997.98941204347
9014,6260.386645850738
9015,2224.803826125416
9016,4808.837917868871
9017,4156.0024758757245
9018,17820.214024530935
9019,4178.456686854564
9020,7146.768937865799
9021,23854.713722956556
9022,63977.34939374168
9023,5516.385297014013
9024,2512.940992441686
9025,6846.125517469749
9026,6632.071395561063
9027,2704.274186999056
9028,2268.4880925357497
9029,9825.514860706557
9030,5193.956051636724
9031,5712.891234885697
9032,6000.789310343072
9033,73275.88167838508
9034,6445.68987801752
9035,4950.364957806637
9036,58930.93415027755
9037,2238.783778082772
9038,47458.07033515589
9039,10238.6548327901
9040,62349.08198430907
9041,1979.0166598146395
9042,4200.522005430463
9043,34199.199604491456
9044,54058.9173681354
9045,58447.180749352614
9046,5243.01533925681
9047,3277.395988254755
9048,59005.93716949319
9049,14131.71849126516
9050,3176.7697374103027
9051,11580.437189198467
9052,6709.135504390717
9053,57852.0001707546
9054,6490.40568913861
9055,10169.65592641664
9056,4031.821593645094
9057,4474.134863575442
9058,1754.0793713148805
9059,3707.830597014329
9060,5757.331537804053
9061,12368.135077067622
9062,30612.2832947383
9063,5231.571442717923
9064,56175.400849508645
9065,56529.95131821585
9066,10473.765265423832
9067,4729.004597754583
9068,7824.6311369452305
9069,7881.949267824169
9070,2369.1572328754246
9071,53876.50181787071
9072,3096.2422815721065
9073,59259.23632623242
9074,7293.024570405734
9075,10967.64636352014
9076,60530.32204522525
9077,7409.158590015187
9078,3658.79150484187
9079,2838.102255378878
9080,56280.96511619567
9081,5610.998071154253
9082,6098.615816881611
9083,5794.38297414832
9084,6874.416435664566
9085,5235.167673280121
9086,2784.809247132471
9087,6346.954355919583
9088,60322.25063565397
9089,3075.647295616878
9090,6000.619130010666
9091,4562.965495762145
9092,60498.01158179716
9093,9324.875795039296
9094,6020.49878546637
9095,4265.304141215318
9096,4505.600595927777
9097,13420.591786733934
9098,4013.3201508045404
9099,45812.47397646513
9100,2088.9459814011275
9101,59880.49864739321
9102,59631.387819290205
9103,8211.583751021888
9104,63788.93679677274
9105,6137.310871366769
9106,5779.520583976393
9107,6678.291100788897
9108,7658.321557045775
9109,25182.79554768815
9110,3841.2560159075097
9111,5527.556842470539
9112,11703.659382613518
9113,50947.55870319017
9114,4208.727250457916
9115,46188.61189418296
9116,2439.3017315903694
9117,55593.55115496923
9118,6068.89591544774
9119,3070.0441440093728
9120,5187.206827825558
9121,11241.735625876707
9122,4979.6411244502315
9123,37992.471293899594
9124,44183.55931678541
9125,57316.56182430569
9126,5012.553372540831
9127,55902.838275036214
9128,59260.63969993961
9129,4814.428356655067
9130,5471.394901669088
9131,4193.380170024835
9132,2716.3778486478814
9133,4185.261351366963
9134,5271.986282007862
9135,55691.833324242296
9136,72571.40003380828
9137,74793.32075100979
9138,39121.368585632685
9139,69548.41297926653
9140,6254.466940769704
9141,52711.57029574495
9142,51620.779048440985
9143,65032.11388673868
9144,41751.78014382505
9145,4719.299017175394
9146,4070.11025521479
9147,2459.998211299222
9148,52765.561034873645
9149,56850.462454465924
9150,7502.644647332705
9151,58648.07281326205
9152,2901.8221253003003
9153,3431.6675770079246
9154,1656.6542630921535
9155,2481.787816027596
9156,9962.28115379163
9157,13397.76445806571
9158,4084.7124914228834
9159,3599.150413057279
9160,26737.554227051198
9161,7221.112191779917
9162,2932.4544633305277
9163,3957.670533747562
9164,50038.27013563646
9165,55976.52194440176
9166,13472.19038706478
9167,5372.70959912654
9168,52715.34282969295
9169,58697.41976067535
9170,44384.634150734964
9171,6305.747847904315
9172,55692.374115993545
9173,7997.692635809776
9174,49790.55297343071
9175,42526.35389337109
9176,4335.74313135982
9177,55036.724196664945
9178,7952.789742120609
9179,43053.751355136286
9180,7215.1642565912225
9181,4518.7276419100635
9182,6367.144086293558
9183,7970.009387344258
9184,7330.083135183251
9185,5287.217133179939
9186,3051.454261175156
9187,32698.289206761394
9188,65466.443165547054
9189,55761.96944591823
9190,15058.525345163136
9191,6545.763811438709
9192,4025.611257489624
9193,66925.6422042833
9194,36490.134716934954
9195,6102.017739540572
9196,60868.574605137255
9197,6240.837005523964
9198,7550.87325260063
9199,4461.398640307315
9200,6281.556084527727
9201,5471.95385699464
9202,3274.007344498711
9203,11239.201637966704
9204,56762.00407317435
9205,4927.522701545975
9206,13037.671893907449
9207,47250.045164474854
9208,27728.04440717972
9209,9210.063966519429
9210,8465.367156513043
9211,7675.305404877161
9212,4744.450396043829
9213,66718.73476621788
9214,6186.382389244467
9215,51115.64463294251
9216,12089.435481193139
9217,4233.215628147081
9218,29100.202617322917
9219,10739.495387837218
9220,62682.542149579094
9221,3689.9097653442086
9222,11377.975626407393
9223,5991.674182634433
9224,44622.62097271629
9225,73225.45593974924
9226,4503.343986773749
9227,6124.49596011637
9228,40951.299910397705
9229,61453.87140018375
9230,59768.923696683094
9231,68660.51881303721
9232,3044.063718604386
9233,10418.924790873014
9234,3903.976993141348
9235,3801.227899427453
9236,4378.857702350549
9237,43842.113818105536
9238,12901.69906626783
9239,5919.643635687983
9240,9419.385678668088
9241,57360.45519310874
9242,7343.413382864588
9243,5384.499952965664
9244,52340.90192005622
9245,4416.014443250036
9246,49712.04609813145
9247,10798.434447343863
9248,4933.3949571735075
9249,6231.229469374615
9250,11568.993209684126
9251,47809.13989784039
9252,5417.994994714569
9253,5177.49281147247
9254,52965.124441315405
9255,5614.656720343803
9256,1715.6616058713191
9257,6175.7386136847135
9258,11151.680935519955
9259,2463.075770083633
9260,11889.242520759906
9261,4345.587873298188
9262,3396.1662642684414
9263,78056.39458973092
9264,5254.997280325516
9265,65831.37988655693
9266,46818.400814174805
9267,59402.70864934589
9268,54356.14807189127
9269,4912.3150994372745
9270,7507.078986747486
9271,2795.21798144539
9272,5989.765705868407
9273,6545.197886218808
9274,64697.35611589091
9275,5337.133929699211
9276,4749.622805652854
9277,59405.517024425535
9278,12476.898429028814
9279,5472.7612851486765
9280,13438.288466048522
9281,59645.131992520364
9282,55148.69555212509
9283,49780.44188487159
9284,4933.314002926372
9285,47471.49279838208
9286,5920.031505384015
9287,4013.439593066367
9288,53152.98196355152
9289,4971.119006581914
9290,2913.0126965446325
9291,3729.6375847698314
9292,45390.72288713141
9293,2645.8665330535237
9294,43421.89801520951
9295,5256.369730130176
9296,3904.940891102581
9297,1767.0052633558366
9298,60035.14209268852
9299,45295.423691459844
9300,5985.052183536082
9301,5310.565093067713
9302,4750.472162255986
9303,33385.49619988968
9304,59706.249536272844
9305,2321.9026748866163
9306,12009.07851298044
9307,51718.137871982624
9308,3036.26893516163
9309,5267.1203727891825
9310,4876.394889002996
9311,14367.589502907671
9312,60060.47619021983
9313,10524.855841372868
9314,4864.8543605195755
9315,4066.8385373024125
9316,55497.33765295087
9317,60789.59262371798
9318,63248.45789578067
9319,5802.048785500053
9320,3791.2397414197417
9321,44807.85585566346
9322,6469.150964694925
9323,6015.217859726252
9324,50612.631948718605
9325,4762.119272961658
9326,8466.269166286631
9327,2283.428774762022
9328,51762.21929786768
9329,4796.101542660984
9330,4981.001663723849
9331,6020.074039027673
9332,5381.181659304986
9333,4069.491969227833
9334,10319.13284990668
9335,56596.91686700848
9336,2613.045491802054
9337,3617.894014248104
9338,4702.554079145794
9339,4064.4808268050606
9340,5659.868323387069
9341,5288.866572397724
9342,4283.693075817409
9343,6351.691939079965
9344,57174.39718972822
9345,4853.056621092079
9346,50857.95133578965
9347,45270.16631406153
9348,43639.41402162165
9349,6853.398345531365
9350,2122.0140519335578
9351,65438.88083529317
9352,2685.8955818091454
9353,58451.987172113986
9354,59038.78370192144
9355,3679.092711390199
9356,49393.41775918257
9357,34005.27753595608
9358,10842.449888130373
9359,4528.694811132878
9360,53574.084511321504
9361,6715.121132991961
9362,52450.51105211477
9363,57270.07397243903
9364,52957.625003999
9365,53723.050010792365
9366,5695.459578349879
9367,4292.076811967276
9368,55564.12480576118
9369,3647.5383522442294
9370,8506.662013888894
9371,7588.421034557922
9372,53654.27417961588
9373,42890.25354717627
9374,9773.951345668353
9375,5659.642904988164
9376,3811.9252524423937
9377,60636.51266285019
9378,6439.158582518818
9379,4776.1613035198825
9380,7135.459184194755
9381,3964.453355465997
9382,9757.564758641496
9383,54324.256152103095
9384,5126.119138827059
9385,61134.836623373194
9386,17978.063657071052
9387,6011.339615195557
9388,13443.036149275693
9389,11188.82613804084
9390,12527.238225236983
9391,3031.0937643949933
9392,43409.57046178099
9393,17183.173700542
9394,6110.19993533432
9395,11695.283450639454
9396,4607.546075744131
9397,5940.573035929998
9398,5996.308665432147
9399,29547.94997161535
9400,59875.164806437686
9401,5612.401407137458
9402,5382.9033681244
9403,4612.057575777995
9404,9445.035142312438
9405,3210.7095942325286
9406,15034.084179654956
9407,59362.03006067872
9408,6722.217231024221
9409,13380.803515169562
9410,51364.354433515095
9411,3607.0829998645368
9412,12914.36126949904
9413,5964.705446514257
9414,4671.018426505942
9415,60433.54835466311
9416,47575.80613744892
9417,4837.8788116814385
9418,12819.362634506722
9419,7843.502593484054
9420,44833.88452697559
9421,5243.662851662884
9422,7177.286055831795
9423,10069.27327345969
9424,3666.6414996041804
9425,3285.561984126914
9426,52379.7636454826
9427,4036.032256966113
9428,60719.82822745968
9429,5958.011563120443
9430,5792.783994390107
9431,6579.775534485637
9432,51310.732110867015
9433,69695.50277862787
9434,5169.046746333455
9435,3579.1177116714393
9436,8448.968861142423
9437,4433.357673068868
9438,5220.421564982438
9439,10477.078438094744
9440,50282.623744170385
9441,7823.578440188403
9442,5300.979023645811
9443,45066.893706106806
9444,5053.946196745804
9445,4636.51066561769
9446,47794.567646335665
9447,44708.12384732318
9448,2465.7873643064495
9449,7733.422057590777
9450,51509.89732434349
9451,76194.70278363755
9452,3646.2594101317563
9453,4610.884721553588
9454,8746.214732558328
9455,2949.2912545670997
9456,5670.502093841173
9457,11251.440003563006
9458,49964.075475026904
9459,5686.154008587656
9460,6419.237852234264
9461,49983.17361603833
9462,65990.21359462892
9463,6304.994312949882
9464,41205.76667929048
9465,11783.019774029346
9466,6062.321063703015
9467,4472.088321159556
9468,58496.076183457495
9469,51344.09300240848
9470,9566.752723940477
9471,6887.246724808369
9472,53496.830425481356
9473,60845.34079502376
9474,12967.251947761797
9475,2066.6321029638016
9476,3930.1075705859653
9477,5706.462120301525
9478,14389.021939277412
9479,4702.581797012612
9480,4558.151643445275
9481,13129.629810080172
9482,9545.356771123943
9483,50342.17075769714
9484,10911.348658411503
9485,4193.623823364435
9486,3576.949378143309
9487,42156.04147833417
9488,6211.311663976192
9489,59026.26735458619
9490,2346.8149988135233
9491,45092.60823059848
9492,7616.759716392973
9493,2985.9058506325
9494,5700.482616980196
9495,8258.028205112934
9496,6247.699530894211
9497,45394.73301111147
9498,4538.644007538322
9499,1451.225574589772
9500,59336.01217457996
9501,11564.027352649578
9502,57394.902866037926
9503,4085.8920231679563
9504,39262.86521262533
9505,7295.028007820927
9506,10095.745532494622
9507,2366.002056251691
9508,6900.97661950314
9509,6008.4030820057205
9510,4135.2112494273315
9511,10001.697502401
9512,5352.055935974262
9513,63527.54059353311
9514,8762.29862578306
9515,4184.699335630478
9516,5751.435212521688
9517,7914.42675412097
9518,5706.750595868867
9519,7045.8095838069985
9520,2940.285793410221
9521,10842.693113007854
9522,46080.31699703809
9523,4468.956777667333
9524,2730.585934435824
9525,5474.764825798098
9526,7474.922828440297
9527,69290.83457651196
9528,4107.497914483125
9529,18935.984091005103
9530,57118.22343460923
9531,12370.098173862312
9532,5883.128251322902
9533,43556.382998145375
9534,65095.111850804824
9535,38030.987564795236
9536,62694.842669401216
9537,4780.587901544881
9538,59517.70593292183
9539,3432.291119576924
9540,55528.91850242255
9541,45450.17809491731
9542,56120.734044048346
9543,7163.6627633503595
9544,4743.350664722494
9545,46264.99477820738
9546,4561.075041005112
9547,4463.342545448246
9548,2038.4070938492935
9549,58767.58770799773
9550,2750.418775490419
9551,7885.591169508273
9552,55583.07111544558
9553,5060.305282728995
9554,5637.249090397319
9555,10665.503433405967
9556,25598.935553985255
9557,8554.825598736243
9558,47971.8233820818
9559,10359.483618484968
9560,5942.697637511681
9561,10788.496522538302
9562,53287.627714892275
9563,4683.209331199083
9564,4346.98591464875
9565,45145.20546046145
9566,4746.777652213089
9567,7044.222351832064
9568,5260.164862223689
9569,16446.93134850593
9570,6872.540282106057
9571,6690.4826164329315
9572,58011.48748674128
9573,12029.6854547131
9574,4859.319488694289
9575,5697.0429402541895
9576,2106.5190861276214
9577,69323.67375972538
9578,45615.87687315001
9579,6666.636960834036
9580,60485.92283875267
9581,17385.17386039241
9582,56929.429163158384
9583,4276.193042243099
9584,43475.48627999949
9585,40113.570632357405
9586,8589.798764501713
9587,42573.98387706776
9588,6175.153843827546
9589,5521.8848914563405
9590,5549.378691595688
9591,2675.172545901414
9592,6440.202714670251
9593,6266.582053991337
9594,60111.58595470482
9595,59111.5419118697
9596,59019.075366964615
9597,7113.260907542228
9598,4252.713646638855
9599,3749.165391165825
9600,4249.564621819015
9601,7628.578559498654
9602,34568.5417251157
9603,3620.7710605943407
9604,7275.942505859484
9605,5949.763819189262
9606,42104.59605006341
9607,4387.887644102488
9608,1724.6500918023248
9609,3637.769140514807
9610,13901.025173716685
9611,4275.7528989959965
9612,52947.229476057815
9613,61355.67212723453
9614,4962.849620283398
9615,53452.1409388938
9616,6409.537212466967
9617,5197.463764745681
9618,58275.31040790284
9619,51105.7262551531
9620,57469.4244564115
9621,12587.316592267282
9622,5704.155032936353
9623,41762.1478301706
9624,8018.917971841846
9625,5875.067308727483
9626,5987.460056400454
9627,3835.9351843278732
9628,6502.4722672412
9629,6427.627024254726
9630,42640.97685001179
9631,5473.190064115801
9632,6008.562438110297
9633,73806.25754447927
9634,47765.61580590419
9635,5951.144258145695
9636,4864.2839625705665
9637,5750.258062886236
9638,6147.005842400642
9639,64558.555139099895
9640,2229.718356886311
9641,11798.169664316814
9642,4925.498757193341
9643,4026.2916380297947
9644,5321.240068194425
9645,12733.840789564267
9646,2557.0620367784577
9647,5142.659440478215
9648,15574.0476415437
9649,6179.058718489772
9650,4679.404279209074
9651,4569.089075087468
9652,4669.192008984413
9653,12194.814960313654
9654,10897.531808002066
9655,3689.7899259070373
9656,1821.458732353321
9657,62479.92580265609
9658,56930.838902024705
9659,6106.73093130136
9660,7337.416278592602
9661,53625.74400728094
9662,5557.1350641494555
9663,4174.8314365710485
9664,6493.185427097377
9665,2148.891631996767
9666,42888.39094375523
9667,5469.192486483394
9668,11027.492254975952
9669,4395.5318945134395
9670,52711.564410605
9671,7119.009878075596
9672,3546.361059930732
9673,29118.967138824544
9674,47216.57654155709
9675,65457.01809580356
9676,61247.323588018226
9677,11533.535759765158
9678,50610.25265097597
9679,39630.57723109274
9680,8055.995496388873
9681,5338.545484880328
9682,7316.257192252967
9683,10737.221017548763
9684,4170.395522221842
9685,7841.32945312148
9686,59568.419841058196
9687,3176.176342251237
9688,11701.566593731033
9689,2748.6729270286355
9690,56606.407225127914
9691,63009.192117907165
9692,7862.403106412164
9693,4772.815584753474
9694,6231.8897871845875
9695,52106.30692623234
9696,5501.550412977496
9697,50309.09919854885
9698,5578.885573815132
9699,61678.11899571707
9700,4680.766043735215
9701,63576.409946196094
9702,2458.4058310568685
9703,9453.900192981248
9704,13014.79095944894
9705,43209.49042796643
9706,6779.381628523304
9707,53585.34718081675
9708,8296.151389844661
9709,28204.652146428984
9710,4111.617441930277
9711,52238.27021175492
9712,3427.114755506284
9713,17402.34175617619
9714,7449.859819844112
9715,4755.967681113975
9716,74055.49831712227
9717,5874.831379948233
9718,6796.616085440595
9719,5139.275999855441
9720,9898.904757994098
9721,7813.870318584959
9722,22310.264498001598
9723,6338.330087018048
9724,75527.85056939254
9725,7182.177724146391
9726,46366.74212926355
9727,5325.94279541058
9728,31557.516358708013
9729,5333.7789366476245
9730,5428.191170313419
9731,16286.11804287549
9732,4748.345768986928
9733,3199.3453040618274
9734,2177.7417888205778
9735,6023.517573283874
9736,10827.44146131628
9737,5976.867985182167
9738,3927.793242009408
9739,6699.4466878149315
9740,6344.034002416796
9741,65402.41583241458
9742,10807.087833492351
9743,7608.894021391177
9744,42125.259897424025
9745,4751.060600990748
9746,6397.575307089561
9747,50610.56251345537
9748,4698.995980285019
9749,67511.98177631712
9750,6129.383430620907
9751,5273.267955032086
9752,53810.109497704
9753,62868.91123241256
9754,6212.925601718549
9755,4929.910828305479
9756,43373.48903035581
9757,5795.793688168836
9758,3146.2778434966513
9759,10508.658267545776
9760,55671.91184332615
9761,3345.4548424291215
9762,5148.1660395301415
9763,45587.60618600361
9764,4580.78368935072
9765,2567.1294826146345
9766,4646.343063315656
9767,9564.944357660832
9768,6075.56508316978
9769,5147.313375495812
9770,6250.707143999931
9771,62476.65398662299
9772,6446.459769937443
9773,47583.950711138554
9774,11378.897297687505
9775,8542.109156037175
9776,38704.48731937134
9777,14623.117713269774
9778,4872.691518500569
9779,7726.072970860855
9780,5691.443227921775
9781,2698.1436503565287
9782,42266.86061996231
9783,6746.841922153907
9784,5290.302288798118
9785,51456.00502231599
9786,11306.95708309636
9787,1666.0805025404861
9788,53172.02849104947
9789,2994.7104883928846
9790,2997.4455767715676
9791,4463.439981207528
9792,5984.295751879512
9793,49831.46282843002
9794,4248.048010380038
9795,13208.29096864052
9796,32556.858827928165
9797,57037.656004833174
9798,5443.787397247417
9799,51527.392374054485
9800,5200.236939212145
9801,12834.757975690834
9802,34591.538609392184
9803,2953.454032413385
9804,10625.040146967083
9805,4126.91816565116
9806,12694.154273361148
9807,5493.892283322544
9808,59152.430100914724
9809,6169.096233603882
9810,4858.016659446824
9811,5197.954813586477
9812,6225.149704102133
9813,12026.894968259723
9814,8846.521908066858
9815,6013.545368102232
9816,5994.469249966941
9817,59132.710334788484
9818,48914.35499061547
9819,17945.475212244633
9820,4461.0126899304505
9821,6717.901729796195
9822,12544.170917728945
9823,54588.44963391356
9824,5416.089978323455
9825,6387.6494172590865
9826,59146.373525268864
9827,8498.319663953564
9828,28518.293688917827
9829,67226.46929716563
9830,14897.650054697177
9831,38542.3790632902
9832,3121.460603718591
9833,4600.167337101164
9834,4904.41625352163
9835,5927.022969976946
9836,43775.128858336044
9837,71472.18209360479
9838,3800.1590132000297
9839,61523.62380370337
9840,7705.933280766579
9841,10489.478968132287
9842,4610.781928756995
9843,3840.5188339942274
9844,42187.27335886414
9845,5139.379634416216
9846,4028.954830421505
9847,14292.703739942626
9848,3139.0087291999125
9849,5514.637050079787
9850,4858.9409591062085
9851,12167.735396391767
9852,4709.0007916861905
9853,57045.574830163765
9854,5360.482040022824
9855,5503.611196316352
9856,55672.93128346411
9857,6777.420034137059
9858,11590.093456125389
9859,51544.9969370536
9860,51536.993932487174
9861,3403.9876886716283
9862,35050.621670355154
9863,47126.65174709459
9864,34803.340973772705
9865,55947.65034566023
9866,3619.7226774694914
9867,6106.80435744908
9868,63653.62242754788
9869,54970.548615102845
9870,7092.472531951989
9871,4457.022425852701
9872,5123.394141296776
9873,45490.26206978138
9874,8516.316109410376
9875,61753.603584639335
9876,3989.6174429257044
9877,4734.236500745964
9878,5873.923486249941
9879,6503.613421358343
9880,3292.9220697258916
9881,55526.64135671065
9882,63837.47092685484
9883,3880.9542458725064
9884,13016.7460865227
9885,49629.20229198671
9886,62816.87931913338
9887,3710.3382406480473
9888,55314.01723573835
9889,6184.163342807744
9890,39879.2836112874
9891,23908.421686143047
9892,3484.4327280204666
9893,56607.395411270976
9894,4490.583906664207
9895,7723.0927719234805
9896,4632.121014870638
9897,6924.226063134197
9898,5790.072553173097
9899,6216.533045017019
9900,56622.90368577825
9901,5721.1513719654395
9902,3913.8978572603646
9903,6113.791352393625
9904,2236.0408504491947
9905,2313.408634907813
9906,10472.791819037157
9907,5581.973806782589
9908,6028.255388397656
9909,24705.09270146722
9910,3218.7937784653855
9911,59155.32588505687
9912,4948.50729346122
9913,9811.721593313467
9914,11757.144373404051
9915,8335.127262572787
9916,50852.28199124018
9917,48337.05799937235
9918,7895.74158992487
9919,14004.512286261132
9920,4788.465208689508
9921,54430.27754336011
9922,1715.049223383992
9923,4230.164199140775
9924,11841.528636289708
9925,7670.491693455921
9926,2647.1619759277996
9927,57257.166787726106
9928,54354.10915346938
9929,4193.492882811222
9930,4417.653508233956
9931,61291.208093257555
9932,3925.137493480404
9933,6234.305129721924
9934,6019.615955311677
9935,10037.64267916364
9936,5952.083131228286
9937,4430.234665500498
9938,4331.718171533416
9939,4471.9026238201395
9940,4916.657523162997
9941,3940.415152994168
9942,5333.922840009432
9943,5705.479862264017
9944,2739.653291476365
9945,7015.025858057006
9946,5039.759188402506
9947,56557.992390301646
9948,49477.426361733975
9949,4454.968365968185
9950,7011.815041579879
9951,4804.439770436342
9952,4247.462640692915
9953,5578.454522480303
9954,58493.59847735529
9955,5584.2232792074765
9956,3563.0180170561125
9957,2477.6518583509433
9958,7532.283436273046
9959,5502.9141037616355
9960,6514.971667182593
9961,6348.686175532009
9962,10334.889967827503
9963,54590.224588492485
9964,4323.905990474834
9965,7638.890583216143
9966,57373.16443979319
9967,58296.329918642754
9968,71474.22028032572
9969,6212.493123521161
9970,50606.26250343303
9971,17360.99760065734
9972,56794.22263028857
9973,54396.5934082804
9974,5440.219406421526
9975,2790.666363153657
9976,6122.9818705655725
9977,5202.849780731738
9978,3462.9622532496614
9979,2706.4905603090565
9980,70332.09261872518
9981,46179.12871957375
9982,3999.523208799401
9983,6347.192137152636
9984,2902.3590290253373
9985,4688.960670016271
9986,5102.535352058991
9987,55253.87448353061
9988,6010.9414727347175
9989,66048.68718393354
9990,7405.915750900629
9991,3278.7045622530395
9992,4998.452017525418
9993,4297.984387260517
9994,4250.298047790286
9995,3829.530028049989
9996,5265.294956024549
9997,79643.38042266387
9998,51601.14785034228
9999,57646.4165635435
