id,price
0,4074.2441775153866
1,8444.871998787465
2,4560.707479921515
3,58232.605461459665
4,46199.42085443309
5,58130.98743021117
6,13471.422641096906
7,60025.34413714863
8,11699.122104637538
9,6630.634374120818
10,6189.353564163311
11,6419.8875695105235
12,6546.47788749816
13,59044.525957848535
14,52264.0053802682
15,4490.385371454221
16,5692.522436086695
17,5063.019245204359
18,4622.51452679137
19,52503.86824492088
20,5870.967670056951
21,5801.991124762925
22,54381.004850617726
23,55553.66902861207
24,6117.24905316619
25,4940.665436737717
26,5631.808854945729
27,6286.0788574490125
28,5559.275522160199
29,60779.412146185336
30,5434.18733460373
31,53599.20224357149
32,4839.208677137825
33,45652.972605896895
34,5236.07064717652
35,5498.286245588561
36,5547.402954795358
37,4119.201487748054
38,4565.717904518109
39,12275.344930812907
40,5527.083075559563
41,2850.7327402061073
42,49471.45158843043
43,4924.294261959366
44,5236.062673027444
45,7025.108197646012
46,49240.711465164466
47,63634.32287346825
48,5694.177080613979
49,6419.311988090189
50,5123.406221626152
51,51833.52751712443
52,5291.6127915569205
53,6504.959823489963
54,3879.726567613751
55,4308.7049636085685
56,5337.870620406333
57,13798.508672772445
58,7529.6817268479645
59,4796.42964870458
60,7946.7912109818135
61,4823.892447587599
62,3775.9000158954127
63,45839.79251944492
64,5225.1301684650025
65,5711.441841119135
66,64637.49700413005
67,3505.1348772027764
68,64627.33004829542
69,65152.67036610146
70,1504.8865511483627
71,2249.7889749313385
72,58098.319282654156
73,7370.742677185042
74,6430.043827458962
75,6064.146636516548
76,4046.4671666794266
77,6025.444075630626
78,8605.764930357307
79,6325.079285695921
80,7698.159057152508
81,8290.105916083929
82,47989.99992745665
83,7202.068017097796
84,1693.7443966248732
85,7056.465072162244
86,46977.604853367724
87,6372.596378004639
88,3012.069602613645
89,7170.061933284053
90,6156.6359846556115
91,4717.28653636444
92,54063.37084776008
93,51837.04235276772
94,5334.950015896384
95,5422.093805321855
96,6739.907265366733
97,8448.273216817573
98,11452.813358941408
99,31632.184929111216
100,56504.50994382425
101,57043.85091496216
102,3452.6606776207964
103,3422.532955812748
104,6137.672441588977
105,52417.41863791194
106,14195.461988937554
107,7996.893903031284
108,7975.491910653593
109,9408.801082656906
110,4577.511393271745
111,7808.659337385408
112,28284.720525943827
113,5611.499113798178
114,5393.802299641986
115,47518.295136845096
116,8923.130847395145
117,6175.0966592924415
118,62130.257181604065
119,49994.879733220514
120,4222.278874655222
121,2354.2491319034552
122,3499.560602783938
123,70134.21903292024
124,56295.19496347374
125,5255.2372912378705
126,3955.796143333133
127,8511.643553093827
128,2712.7816566159854
129,33548.33562687848
130,8808.766758358342
131,49620.934840341695
132,5586.560061187435
133,5406.152728863796
134,23374.12689273018
135,55535.20781814113
136,5320.4859785620665
137,5341.248127122135
138,2659.3338011313713
139,6240.784381151972
140,4653.59606933276
141,4678.686994741903
142,54536.563761671096
143,5079.034583435119
144,10756.97825050056
145,56308.92922707505
146,10951.588221148584
147,4104.302706239426
148,4445.069385887829
149,7224.346917444267
150,4906.344017683441
151,56385.972147076216
152,4895.7496557649665
153,56741.09435710726
154,8493.90338039466
155,68658.0477601379
156,9910.707151361032
157,4223.5792338814135
158,4709.411338415788
159,6217.481071823274
160,4983.8222526194095
161,15531.526586864984
162,5111.292449303814
163,5704.472320915425
164,4668.800129029191
165,4308.0832312069215
166,56832.25114892464
167,5684.198633805856
168,4878.8297934766
169,5346.68710458808
170,3876.7984498093992
171,5882.195128634959
172,4999.025056421925
173,57509.14789015132
174,4835.680577912343
175,69299.31673570989
176,6730.338717474507
177,5658.983376667018
178,12414.362953495644
179,6533.266777088433
180,62499.30954173111
181,39612.99375241977
182,6418.001679317747
183,4562.256873182101
184,10997.392666801417
185,12742.798017230984
186,5996.989592901269
187,6243.838951782569
188,59361.98141322001
189,5625.954870246986
190,4808.872055872719
191,50207.25992658283
192,11105.177494339401
193,5103.621048861224
194,12983.731561513538
195,5574.251311611215
196,10479.907568605748
197,18726.822773490603
198,8718.20066940386
199,5080.100017554684
200,3166.2132524771446
201,5602.7460521587545
202,57880.808323257166
203,58747.81733690798
204,3229.0212466358853
205,5253.153703610752
206,5690.894824555029
207,49424.24223148031
208,5010.035618996816
209,44674.464254196595
210,55302.68676960682
211,1695.396831764758
212,5959.75558816064
213,5537.594178600461
214,45285.188159915924
215,7035.4246349088335
216,5634.929544018816
217,7241.095812075358
218,2713.02635507278
219,69135.7984484361
220,57998.59097621755
221,3839.633016003802
222,26371.906147980004
223,5043.066968836389
224,6780.582098565423
225,7017.344404102078
226,48085.52276726981
227,55125.14647795247
228,7595.809251867072
229,61534.444126814386
230,4965.967484961269
231,4303.21497670876
232,16253.92828030282
233,8975.888914044153
234,6737.71933056044
235,10055.182784003904
236,49464.56644657707
237,46626.320684826715
238,3520.9479080802503
239,5264.705250762243
240,48675.77281863378
241,4946.62389654963
242,58627.46811748139
243,7552.935663477894
244,8149.19440379985
245,48559.35242410442
246,5580.584741611885
247,48826.75047840989
248,11242.640623036024
249,11002.244066856458
250,4432.569801539274
251,2604.0350769667607
252,3856.1480321975196
253,56564.98311680465
254,57907.72987718698
255,6502.252953755251
256,6418.947969137419
257,54328.053723312194
258,51684.218931317904
259,7959.387922636051
260,6449.230517804206
261,4361.805058567339
262,3425.4791962295203
263,48899.65504637529
264,56938.9411134127
265,12010.156881122297
266,10982.961729488048
267,2244.0340986145866
268,8818.99080058951
269,3332.171034735751
270,48436.619468679535
271,12104.389167776797
272,5070.164849700148
273,6675.3335020591285
274,6070.407430848045
275,2046.9249097312545
276,59247.3577673266
277,4409.925626335895
278,48580.25542795751
279,57621.23109891791
280,10648.432634217239
281,7910.259756644853
282,50359.34447164376
283,5056.113593650701
284,6422.346004694256
285,30391.70242696585
286,4763.623191424034
287,6576.0464112479
288,11393.580858462621
289,58257.97521484224
290,2860.6345559155857
291,29161.31735770258
292,61113.82817464096
293,49633.292951972144
294,2588.225781896109
295,7821.5253959737865
296,78282.9331607093
297,4353.132168580632
298,18617.988365489506
299,7400.369854404325
300,4622.026504160206
301,5296.812206933846
302,53967.49036752057
303,2932.4662654989825
304,5762.530681264442
305,6484.95494302574
306,67829.21813843121
307,6003.005436347716
308,4993.526183037533
309,8345.082120496001
310,12939.149710256057
311,47722.45529719913
312,5435.292621063674
313,50222.21512874701
314,4177.928549522953
315,3785.6605938592966
316,10959.312193672687
317,5072.860842438309
318,2920.5538630629812
319,50863.98338026362
320,50811.53716391744
321,45689.817354226776
322,4559.626281111603
323,4436.025552449038
324,25052.32466500265
325,5990.486056561079
326,2573.7682227191735
327,5156.30973927595
328,61070.22081884652
329,1978.8391476732727
330,5845.825674853549
331,4997.001488536528
332,5676.881897712383
333,5229.165941413017
334,57762.62912117192
335,4954.2352380359225
336,4381.469353408091
337,3148.8281482503826
338,8819.287114670527
339,9755.42075306565
340,5003.3075328000405
341,10041.304921129002
342,6790.541382938673
343,4573.332358357368
344,8761.878893913967
345,5924.038057910748
346,47642.438422627325
347,5080.348409614747
348,6416.714717178435
349,6879.1152075272
350,30208.403206209518
351,48231.45246312816
352,6601.171938996397
353,7696.668782041239
354,5879.5517937160985
355,4736.380948421403
356,55586.224360049586
357,10705.214219540681
358,2979.8508011644176
359,58710.25040157392
360,2734.4138707313746
361,63047.47131586941
362,5804.282234972699
363,56282.861046990074
364,55757.67375758122
365,17011.59009829253
366,48673.57994576138
367,66249.22832760589
368,4815.23708320547
369,10078.976426507006
370,9717.471733037462
371,47832.70936257375
372,5243.418880209812
373,6257.233213985581
374,8357.762067497362
375,5147.525820723303
376,28208.33815872872
377,13333.652377444661
378,6737.1140932025255
379,7688.14119744292
380,5460.294256222773
381,7110.706368856654
382,4081.510681932072
383,11280.685205071688
384,5342.204346828431
385,7171.658707943681
386,4074.176657778446
387,3154.754337955404
388,10444.867396617445
389,5801.699885033296
390,5240.167549919032
391,65467.54481120161
392,4426.808887437767
393,6354.514915758233
394,46800.195550491015
395,12248.604019980126
396,5038.190812374817
397,10457.413976692922
398,59351.812310749854
399,5721.705355583994
400,49137.54251320752
401,7725.854716956377
402,1682.5843385653004
403,3165.9561481007304
404,13470.673407911183
405,9813.977661518693
406,3165.4246613811692
407,5921.608518644801
408,3490.2903563981886
409,60925.41012356236
410,61078.24306256584
411,6317.000975942331
412,7303.546041170582
413,4256.140350604068
414,1911.8932958870505
415,7633.675842111986
416,2636.3621076652594
417,49960.48043500587
418,8143.576359171875
419,6413.435637423271
420,5283.040644731869
421,6642.934743453262
422,46912.84879129342
423,6028.023154104903
424,49846.43279513528
425,52749.27550724448
426,3002.2051483451064
427,3030.309241183347
428,46095.3753315483
429,5462.58614784298
430,2259.7703729176824
431,4912.419323791786
432,63496.65770069087
433,4505.329802652349
434,2799.042979618387
435,20307.37467373193
436,6217.882658483666
437,70603.03697276855
438,7617.52962200766
439,54623.78233818893
440,6997.228070962699
441,5387.555606192518
442,3921.3555816576886
443,44874.38344847382
444,3578.09307465495
445,12394.61460286903
446,5624.166466948246
447,14160.918601379864
448,49108.23550504251
449,50651.47078422304
450,58190.68981264912
451,2788.291361963761
452,9211.387947220426
453,72884.35504172971
454,5507.813364137623
455,50987.03982866792
456,43428.2991871026
457,3053.208163291936
458,48978.729693474204
459,3938.796074289529
460,52610.93514306048
461,60759.65107457824
462,62161.564652118315
463,7112.407364498083
464,5473.3082302798975
465,5243.403797904296
466,6473.404234748926
467,4723.180407292771
468,8210.284787936458
469,12316.24193148023
470,5421.961350298327
471,8870.387173672629
472,6171.09125897049
473,68457.0890634277
474,6239.862290343415
475,27673.8000661674
476,35058.815854256245
477,4793.568431713324
478,5819.874763853084
479,63442.30237524935
480,6676.150792515799
481,4914.55312580052
482,51889.62573820395
483,5378.980731474818
484,26775.453506564718
485,13254.823211333536
486,8499.788909959345
487,43445.34112087758
488,4479.750287255656
489,4951.770835306739
490,5646.279494762098
491,5371.758553202354
492,58808.2089375351
493,54595.86842910176
494,55918.18904973315
495,60433.84742724929
496,11137.90004407151
497,60690.58165459142
498,3508.40258876575
499,1790.642326369129
500,49658.802043676435
501,47785.896286893025
502,2709.97742930722
503,44090.254800433
504,4316.458887662301
505,48092.14162686271
506,12075.226965898699
507,5780.857180461397
508,8786.099782711502
509,5426.276859852374
510,60182.07049035275
511,5046.107977818116
512,71457.46409210564
513,5276.555929032014
514,10932.206720880346
515,8266.923610415906
516,5543.367690230349
517,49522.11035988379
518,54516.90565990293
519,12752.462672586738
520,18521.066737984427
521,5315.267459883327
522,62742.34480315776
523,49403.70290421241
524,15765.2229479928
525,2848.2601664620456
526,3819.031733767198
527,7718.857921583716
528,2481.9339497590468
529,5170.817852882765
530,18383.354428418974
531,2704.8810684502323
532,66311.44461408432
533,7579.891576100489
534,7116.143169458901
535,66615.7023767929
536,10913.99533946119
537,5461.631710062232
538,10248.134800803215
539,75071.83535842659
540,5937.132581829076
541,10020.938572054318
542,6624.367069218845
543,63639.563906099866
544,11195.376419987317
545,8956.290522322759
546,10640.405803304226
547,45915.689159256275
548,2221.175277565269
549,4137.847601325252
550,4662.590502735095
551,13830.634307110937
552,5287.281327086482
553,49782.451581757654
554,4170.106199190303
555,4856.327520016063
556,32352.53223931856
557,54002.97155967973
558,3850.7290884996173
559,52338.17517109958
560,57226.122863252865
561,60343.75630699175
562,3322.8208475040838
563,21612.59212837236
564,8888.424371367975
565,64152.36479344408
566,11603.828915984952
567,66213.10907824189
568,11374.827028312455
569,2122.9034781598602
570,3351.0749353662377
571,45361.354511742786
572,4823.578257166701
573,4214.6598519102845
574,21885.369296106794
575,59470.83990446878
576,28641.340528768633
577,3387.126782964837
578,68313.91009651603
579,3044.380869254649
580,2937.5433452127672
581,7238.905222379314
582,6810.221652578357
583,46639.25026290348
584,10546.936472792111
585,5203.64473012478
586,4257.478419651311
587,4279.634946799262
588,5438.666354061814
589,49479.143508833775
590,3029.3040240017435
591,13576.684279461471
592,1422.450505215569
593,3322.6748666954836
594,4889.239590004399
595,44113.30709841016
596,10612.836557279605
597,2324.5177898921966
598,50357.437155205596
599,6744.635654042241
600,4592.422525400498
601,58918.312055639464
602,5191.602774499634
603,54562.95055066471
604,64925.34566415401
605,5469.282535490636
606,53206.58327496473
607,63940.52380855604
608,14265.328998255707
609,6541.565345703102
610,5427.7702592984715
611,63782.70357256881
612,5459.366534052524
613,73304.79766511967
614,2940.721529944979
615,63628.879890110584
616,5345.022725674647
617,51206.987631585056
618,72626.60475693416
619,5569.395691711341
620,8750.604048803738
621,7662.576060585507
622,6650.024722627235
623,7445.354990947691
624,64044.85044337625
625,10677.161209218462
626,54713.362479173215
627,9693.060602731373
628,11592.523620538565
629,53686.23049593408
630,5252.699209166212
631,47081.74810656849
632,67454.8293344232
633,4141.696606192899
634,3975.7091213933663
635,5645.4852894563155
636,2925.3637983864087
637,4392.389088645828
638,9163.588024632823
639,1934.6849690143738
640,56239.32002166702
641,14997.298778412061
642,42069.46293210998
643,48648.554563044236
644,5811.881565700173
645,57519.248953785864
646,5103.913989033143
647,61282.129755572125
648,5872.23654469537
649,5933.114745409255
650,3933.2427387843204
651,59294.87031749842
652,51108.311015842715
653,6038.540121152541
654,4738.775192393406
655,5364.664390920969
656,44131.20689003721
657,5856.4283719683335
658,5943.2447394200135
659,5871.984442526504
660,39576.706022695165
661,7890.084339216379
662,61568.26669720031
663,4645.459191564743
664,2169.1480383479643
665,10742.095770722713
666,5270.072028577753
667,7549.975317208092
668,27619.134720608377
669,1497.9544114347827
670,5733.425546778047
671,13733.50778764887
672,53717.4131239927
673,3608.0056244240554
674,57657.70954043393
675,53899.718603898546
676,45245.926044726155
677,2918.0953979648248
678,5550.581720756416
679,4280.932853178712
680,5178.0100424675875
681,3682.529560766128
682,53018.72258004451
683,7046.151987200543
684,4620.538898975457
685,4434.725192619507
686,52444.10943697289
687,5300.156002345674
688,13087.985523827465
689,52274.47192376543
690,5738.6227225147895
691,5255.55614235812
692,53576.30173346624
693,61221.296796025716
694,6090.921349485991
695,58895.11042285737
696,3090.858881718121
697,7231.118353980617
698,5389.653493222493
699,49010.89990187437
700,14779.024750167922
701,6435.302520161146
702,26631.694128998526
703,51104.558214997596
704,12073.836437105354
705,49421.36854595048
706,5956.036421096078
707,4716.609231395014
708,4179.120672352068
709,7689.820846310994
710,11671.706234102025
711,49880.92486977078
712,4174.8101272503545
713,50765.64214050313
714,11907.485865097915
715,5243.542022493448
716,2803.5860887389595
717,12906.989202030158
718,2380.655373888026
719,62164.709569939645
720,44606.25957357788
721,51879.722574773274
722,55681.08117296379
723,6408.846847039962
724,1774.8922597496526
725,3334.7267990029513
726,4487.787682935454
727,31048.235677142693
728,4246.59050303727
729,6181.83768787271
730,65115.25224729245
731,2431.960831224282
732,3258.657795223457
733,2077.2500532969457
734,63898.98097243533
735,65394.91320417262
736,5720.151183040965
737,44598.52737478917
738,20225.0165115641
739,4520.556709511422
740,6842.94370721095
741,13950.83028430058
742,8090.110752246997
743,5296.192869177037
744,67745.07476125656
745,62623.01883950989
746,8119.901947872015
747,6400.018004774068
748,6079.759212458017
749,9151.918994200085
750,81487.16213821381
751,6066.40026431745
752,7263.289897164153
753,6044.296596610813
754,4589.571475438679
755,55406.88893691774
756,5657.810448860867
757,6471.594608219423
758,2726.961749592234
759,57673.90501115266
760,7001.176099463674
761,6419.429285068101
762,54425.4250567015
763,5453.49697245261
764,58362.5938197224
765,2760.1260915244234
766,5167.203435035799
767,3994.1768108832107
768,4024.9205615857995
769,57246.167747123356
770,4042.5170872490407
771,49343.30700946229
772,7295.023607898627
773,6634.825295188605
774,53699.65526765394
775,20786.37265642964
776,62399.054515818294
777,58471.41301074092
778,6982.64812763921
779,51748.642409905355
780,6405.293891297022
781,6692.83239744859
782,6698.219110122577
783,5309.153355749064
784,8298.660257459997
785,2733.844019106321
786,2336.211918314103
787,5153.580377522729
788,7604.692605050078
789,7217.508061085931
790,5368.774237671309
791,35890.42022109952
792,61787.37180527881
793,4764.549018024987
794,8888.928885984094
795,6116.74993052657
796,9867.774322996369
797,6928.53740418155
798,4492.405369887984
799,6710.019278803435
800,4859.330484939266
801,11774.777369398298
802,2170.2143901795616
803,77232.85533394772
804,6012.322316486509
805,63855.72734138391
806,4206.562297992077
807,3580.5079857693086
808,5581.383106390903
809,6407.4417196340955
810,29607.749994834685
811,6317.612676832131
812,13110.773951908352
813,25940.864341343786
814,8403.307567052554
815,2498.1132738180795
816,10327.349913833512
817,6185.942742332883
818,6118.506150552252
819,5802.593584418256
820,51877.10093918469
821,33609.64375709965
822,3942.480946826392
823,3005.4349595094072
824,51241.00377429736
825,14407.82337018717
826,8584.313078667601
827,6130.701578084587
828,4408.876311746688
829,6700.149433749176
830,16901.439882889725
831,2101.2792941111784
832,4912.109143837531
833,6074.02731425189
834,50235.052539716395
835,5391.167265475737
836,47135.77814538932
837,5121.135727719618
838,5237.4014623682615
839,6086.3004308975815
840,3030.75405692898
841,7467.11360977841
842,6842.68231616539
843,6112.546394266985
844,4930.268243842307
845,3781.8999069949223
846,7919.293335364062
847,5615.50677850074
848,6611.535933686653
849,7099.914988539898
850,50231.759385832294
851,6346.174943256803
852,4361.315787133768
853,60801.57977206987
854,5672.458053290118
855,6818.435571768143
856,4733.771476616846
857,10803.682612123095
858,73051.2749676731
859,4878.833012353808
860,8175.40850598232
861,4333.307920070064
862,5542.795753453808
863,8061.32200999929
864,6589.949968220518
865,51143.45286973992
866,6740.0101520982935
867,72339.77636959465
868,5135.719465526487
869,6039.680605812485
870,55588.26355110312
871,3175.9723420055957
872,3482.0530736046003
873,13340.210784387684
874,3670.612627067753
875,57188.20847420614
876,2970.911885867195
877,13295.214385103878
878,52306.283418567655
879,14350.298641498328
880,62497.37708478989
881,2331.4770394041448
882,67560.75646048509
883,6204.7747717569055
884,20972.391172683176
885,46018.22260819714
886,3945.597167520441
887,10051.70446147942
888,8356.166700042775
889,55783.17746582041
890,4203.327287984397
891,49453.95833811647
892,4403.065343328441
893,5568.711909939228
894,6431.359197928496
895,57994.65529141734
896,4659.161282132664
897,9570.828766079878
898,47752.30128883724
899,5783.4465618564245
900,2635.280253566896
901,57172.31971714864
902,8390.694121182889
903,12616.4676381772
904,52064.73798469972
905,61890.03077272388
906,6089.452358244388
907,54980.811711961476
908,6982.802749834611
909,7488.90807356385
910,50857.275201460056
911,5302.033040335244
912,54335.026087568796
913,3313.7500660430705
914,3199.6448584293125
915,4856.137161395583
916,51345.62899499075
917,51306.627968735746
918,13565.682046100654
919,1595.16020932987
920,50328.10977754282
921,54714.45864496076
922,4208.345770499044
923,5735.994646835678
924,6219.380889701779
925,6354.5652375806985
926,42144.86527171888
927,5052.717281649761
928,57004.334649017575
929,47839.10614951624
930,14448.181550297004
931,3997.2790838383803
932,5793.085505138679
933,9636.659896169705
934,50611.34864641652
935,60309.77923299865
936,7588.812469683149
937,7231.14907060764
938,4846.710843542353
939,5837.476959152666
940,44574.78993146855
941,52649.09528245157
942,50519.535392125224
943,46184.01835459059
944,14040.333183779467
945,11572.167866955984
946,4419.87177502911
947,50318.80979904646
948,1808.222583587388
949,5131.166625728838
950,5142.078250569306
951,5365.731920867931
952,56096.813834140696
953,5505.518833693504
954,2778.2020085957965
955,48713.11840349017
956,6225.781628514433
957,5389.641756729961
958,54041.70530333231
959,5143.8204904740505
960,8999.856636562137
961,11387.578249837916
962,4326.998130438924
963,8890.74911941769
964,27026.601398050487
965,2769.8500928616227
966,59550.08341355355
967,73721.20180002425
968,4520.615663684857
969,46174.73529082453
970,6648.270480842461
971,4954.62985418334
972,6891.288625640407
973,6985.100965747917
974,4323.626467544373
975,5410.592955289578
976,43089.829686961995
977,4305.610844605605
978,3130.36248881755
979,9689.298802580097
980,11756.606930444766
981,8572.774284962794
982,5355.199636242013
983,5049.107495286716
984,7235.3203054330015
985,6216.9849592320315
986,11486.295217214229
987,5948.29666904983
988,6441.255560525964
989,62190.24885122716
990,5675.709028781523
991,2530.5923695246383
992,53635.35179263988
993,5557.292333888412
994,9770.126240890844
995,7228.725282324851
996,4431.200012503011
997,47779.39011214336
998,7544.982009613426
999,5249.178531314624
1000,10315.927583546643
1001,1416.042202762343
1002,50707.26267273641
1003,7091.519833925628
1004,12648.465710223538
1005,64716.98277414157
1006,8773.106663345534
1007,56919.42535651825
1008,8071.181670503132
1009,6098.552522399791
1010,8985.092032759443
1011,59322.75125888804
1012,8929.40103742723
1013,3658.0344900216933
1014,43889.74434104891
1015,2261.971560798037
1016,4666.315182512727
1017,6231.818119858717
1018,5886.963790396272
1019,5289.579708491199
1020,5400.040356129367
1021,6275.8206805579985
1022,7275.222592660875
1023,6816.078287311451
1024,4815.991843557745
1025,66924.65761397805
1026,4173.5008156450185
1027,7835.919596417327
1028,6168.988027637378
1029,7828.564582334016
1030,42205.53107598691
1031,2733.4348729308995
1032,6221.5582673875915
1033,65066.10536911142
1034,6602.186415587792
1035,5346.459731629324
1036,10577.22167786234
1037,6911.109366654358
1038,2136.8373183369395
1039,5409.806044590232
1040,49682.64881091466
1041,5762.083324791491
1042,5137.871469895312
1043,7848.065727878656
1044,3939.897297207479
1045,50314.52287993077
1046,31513.163087736357
1047,6269.744310304764
1048,68336.78906287008
1049,6208.258940751728
1050,49996.66926415088
1051,6732.2488107585405
1052,58569.953757164585
1053,40114.28505717007
1054,4994.491302534771
1055,56262.689545728135
1056,7308.8372855667285
1057,13266.457170070873
1058,54837.251870995315
1059,4553.104417186978
1060,4497.104286510434
1061,66648.06733128219
1062,50351.60494455995
1063,6834.511721160366
1064,47879.71533836915
1065,6604.233225067807
1066,4388.251759902854
1067,3499.695645130104
1068,2747.8484055323142
1069,54905.20853804579
1070,4258.151838548061
1071,56377.54560762643
1072,59782.721920889075
1073,70466.16075968537
1074,44512.03214137508
1075,56700.85754551945
1076,4913.542382174504
1077,5235.0319374593755
1078,64391.19178531883
1079,7519.61815211356
1080,6626.013083329593
1081,3128.066285539144
1082,9130.964560596713
1083,4585.030826017218
1084,34377.15202267439
1085,6108.616703650023
1086,13693.038616935726
1087,5832.328274648597
1088,31727.84683249753
1089,5602.714459937223
1090,2846.3332299500644
1091,1976.9332969468333
1092,6428.9946322217875
1093,4322.96512846311
1094,6590.069240516294
1095,6535.75934045668
1096,5652.484150303699
1097,2608.5630626424368
1098,6811.749888479446
1099,9717.607633404095
1100,7391.295255481521
1101,5244.840419681428
1102,48008.61484505092
1103,51404.8804037721
1104,6209.331577058614
1105,74116.90666097675
1106,5395.399998751023
1107,4626.68305724468
1108,43797.38317529779
1109,3975.3836578316873
1110,5183.614043980276
1111,5783.333669633344
1112,7305.555549583244
1113,5463.876176535117
1114,4631.892268094711
1115,47651.025814922905
1116,51605.17596934938
1117,5100.693447568402
1118,60201.670707142606
1119,7913.531976066979
1120,56928.63895178019
1121,4371.79783585803
1122,45298.488073887296
1123,9957.705682695685
1124,23512.614531411014
1125,2617.7093542550074
1126,53855.65726648696
1127,7147.115817383292
1128,1814.3233979879515
1129,46004.7937935235
1130,58187.672432733896
1131,9854.73876319511
1132,6762.259193174407
1133,52610.809376257
1134,48738.79538268162
1135,5681.889548615681
1136,8163.090550758234
1137,40848.54184749851
1138,11526.822607829627
1139,12700.753652775456
1140,6203.4653317978045
1141,6405.68365390527
1142,36081.68396020944
1143,9968.365463110295
1144,6173.093612448845
1145,5680.955439811154
1146,3279.703867507514
1147,7144.1119879897215
1148,2063.025284902179
1149,4112.587810947063
1150,4082.6039572858804
1151,2546.4424334492705
1152,3193.995793222968
1153,6789.0628606971295
1154,24160.567327320357
1155,60495.79104059434
1156,12602.03800653515
1157,3307.408177825613
1158,5902.938243048648
1159,52096.66346408363
1160,10051.049375096765
1161,3997.5646003950965
1162,63438.717844380844
1163,11317.199797148818
1164,6149.270227866116
1165,6381.856003395704
1166,47651.90312983934
1167,51533.6481889931
1168,1940.165255642774
1169,51712.69144147156
1170,71752.5530677104
1171,1766.4479142144896
1172,5078.105643597448
1173,47577.46808604077
1174,5427.984041830172
1175,2295.475976095916
1176,6427.834256386668
1177,6280.060110535367
1178,5128.991097349588
1179,9283.936586866834
1180,88553.53114071555
1181,5287.464287259048
1182,4790.730962645204
1183,7517.1328488362615
1184,7342.91984823731
1185,5646.079289560709
1186,13925.528880720974
1187,11846.032259571075
1188,10809.134256908905
1189,2716.943617212386
1190,51228.174992627275
1191,3031.460845907196
1192,13209.296412769185
1193,52613.92972350361
1194,55676.52126573542
1195,55932.70329633961
1196,11736.089390591394
1197,5042.225780343269
1198,47351.13251790226
1199,11469.461351011152
1200,2700.8500157014787
1201,3114.2967081919796
1202,4883.815084280238
1203,4823.556301465678
1204,15535.960957405488
1205,5393.672839684805
1206,2584.4725919192933
1207,4944.189102718145
1208,10154.87810304611
1209,5065.03927865374
1210,2763.3350443727404
1211,7431.599290178556
1212,5401.258946176694
1213,8145.379970533255
1214,6670.168161494379
1215,2711.2683590048496
1216,10269.677975918155
1217,4755.764102904635
1218,2675.7753389895915
1219,5556.522848296033
1220,5858.886780677935
1221,5280.96509921434
1222,4737.135451842246
1223,3130.316877311002
1224,5616.941420188004
1225,4030.7683770524936
1226,12137.291423172715
1227,6325.092180056052
1228,4597.3118901578555
1229,6717.176615284206
1230,3220.9578239105194
1231,5072.154542475654
1232,58633.3660360997
1233,10508.631256750397
1234,35600.81537545604
1235,7391.390188481141
1236,4754.538490244814
1237,54152.49154828914
1238,7634.57235512601
1239,3539.4377804670853
1240,42638.17178871058
1241,6078.693989350965
1242,5755.607652709732
1243,4556.2005879365215
1244,8350.243174142068
1245,61079.329582933344
1246,11943.984645069115
1247,3121.9988923600217
1248,50817.37453317728
1249,12631.874849631527
1250,2459.966497154772
1251,9774.868554760766
1252,52899.346440076406
1253,11506.476370735976
1254,27066.80472898531
1255,7085.72758722814
1256,6283.038944596742
1257,46102.50222176123
1258,48451.10413249916
1259,3470.042666551014
1260,3616.3808226084543
1261,4669.800009772306
1262,5305.637571530597
1263,2552.514559003862
1264,5115.408173675758
1265,4624.4860128208165
1266,6678.48649422583
1267,3170.992966177022
1268,5872.681753587469
1269,11682.924541894457
1270,6494.8083791439785
1271,4151.306955393398
1272,5099.93217166621
1273,52501.577542987216
1274,23025.123799258836
1275,49309.547871402945
1276,7273.5543540285935
1277,6944.550126229191
1278,33176.85345302716
1279,4786.001298202928
1280,2283.659428582705
1281,52105.65916996049
1282,4547.674958694768
1283,71627.39661529251
1284,10746.950329397709
1285,6061.506077265816
1286,4585.561485129144
1287,7286.98293941786
1288,5694.455903597961
1289,51336.29749758876
1290,6402.65271486492
1291,4511.136668417528
1292,1703.594950289873
1293,2931.929967987062
1294,72658.84633419968
1295,2211.209165443119
1296,4967.038967153001
1297,49099.31805257195
1298,60645.50007702584
1299,65561.83731822335
1300,4168.7094074094575
1301,5939.8974518013565
1302,4604.49841965385
1303,9710.675112818994
1304,3694.1161978249484
1305,64389.16320751608
1306,7764.26908612569
1307,3392.3820094590637
1308,49476.92425658027
1309,5548.545827061446
1310,5150.999527929405
1311,6260.970379182492
1312,9705.359186998141
1313,3863.7811450599
1314,7110.46116934159
1315,16773.153761559748
1316,11662.75296937989
1317,5559.8124509836625
1318,3900.794221236507
1319,5308.255349208348
1320,2763.8272126741745
1321,54098.5643667512
1322,23946.488403474203
1323,57228.8741146291
1324,49776.4540940196
1325,51218.68034604777
1326,3224.3819343346954
1327,15526.914905904767
1328,7912.876634520264
1329,11506.449503807462
1330,2554.299342817412
1331,5034.12780392577
1332,9324.89363107401
1333,13242.910645703489
1334,5123.312130994192
1335,9069.794621289053
1336,12137.965408610364
1337,6193.357547977002
1338,11154.656198421655
1339,67427.37985065208
1340,5606.0170457459535
1341,58896.884106754886
1342,2342.557025558482
1343,3335.957099544377
1344,57694.65108223766
1345,12397.582238813011
1346,5892.306741600951
1347,15403.606476541368
1348,5286.893308076838
1349,8476.934807755493
1350,45793.124625196404
1351,41080.90504501119
1352,2829.345674356623
1353,2524.777203055658
1354,4750.516644786562
1355,5070.001553828231
1356,9341.343171089025
1357,8463.816106156304
1358,5839.653590164071
1359,3075.3580976342264
1360,2843.677424080547
1361,5503.037795950782
1362,54642.870258828436
1363,8053.334248407442
1364,2677.574145678169
1365,41891.61889968159
1366,5017.251570512825
1367,54295.7395153774
1368,6229.346624839905
1369,26056.827949962455
1370,2932.1864971558316
1371,3762.1391345726906
1372,5284.065480864841
1373,67606.33788079687
1374,8348.774840754904
1375,6324.605556710738
1376,3017.6462953065884
1377,6530.516208784744
1378,8416.950920646403
1379,6496.500865808973
1380,9475.070231764317
1381,2811.2997026373914
1382,63358.15113774241
1383,49695.87996611544
1384,6567.169159261851
1385,3075.9457611518765
1386,59771.26326333434
1387,4991.074401361863
1388,50528.12323578405
1389,11396.330611756252
1390,5342.749982993611
1391,5637.1685993905885
1392,4736.76547830841
1393,6941.641512216682
1394,3317.1834881051977
1395,46575.386044874955
1396,42609.36022675201
1397,21589.827603697362
1398,56864.85771521372
1399,3875.837097676792
1400,35344.77176275471
1401,4073.384996083788
1402,51267.48922106221
1403,59979.20482390879
1404,46101.258052437115
1405,3520.803120918022
1406,4589.571443918938
1407,5626.345309183396
1408,5469.332986836141
1409,63779.62584007318
1410,7737.710644380815
1411,5335.61019502603
1412,58084.12813993931
1413,2344.3064116691876
1414,45277.38601066938
1415,5022.410947957361
1416,12483.638128464303
1417,9986.694070097568
1418,1799.696805081893
1419,24766.447562893238
1420,4891.4667127735775
1421,8518.190898718953
1422,4955.932275372074
1423,8379.469391122084
1424,5107.050978870342
1425,5006.451068325359
1426,7615.5235370191485
1427,13023.20945872223
1428,6828.553551011741
1429,61060.28053293288
1430,13261.45321768957
1431,4349.151470407395
1432,5343.942270884162
1433,54105.17204684597
1434,3876.084541348362
1435,61942.41466106523
1436,41806.643685855
1437,7244.783348432683
1438,12037.782946252993
1439,2828.695085097554
1440,11139.826384632417
1441,54321.96496805907
1442,4051.4481941278186
1443,5353.49091560631
1444,2360.9553002090456
1445,4967.440549523167
1446,6137.830890985057
1447,9123.981258839322
1448,5190.937256005509
1449,64862.42655820569
1450,6144.367984615712
1451,2227.346560988514
1452,6994.124010542879
1453,67463.7419127479
1454,2999.9906861395993
1455,5874.617019459972
1456,5287.750806634334
1457,54247.76136365203
1458,13871.855097820522
1459,3003.5875275258386
1460,45944.76872725198
1461,57519.46565877507
1462,11150.913865551427
1463,4371.560369196022
1464,7664.473431289065
1465,6982.252057621011
1466,45250.212931121365
1467,4592.576369436178
1468,73582.08847603874
1469,75282.18379836985
1470,10996.208571113035
1471,11418.532331303348
1472,6966.171956209948
1473,4657.461678259379
1474,5038.250092935281
1475,5019.5796531256365
1476,2263.8985633770844
1477,55771.719961619885
1478,5316.771662513911
1479,5784.6715839926965
1480,6156.516771788887
1481,7928.541795230477
1482,14766.750724140253
1483,2658.605640464142
1484,2241.1431608269345
1485,5584.4606072776205
1486,6199.015281239865
1487,13490.129961903642
1488,5831.193522439289
1489,10818.417695884349
1490,1744.7374673716408
1491,5147.880497975555
1492,7955.194566614488
1493,6445.9314355492115
1494,7918.404904928772
1495,3240.721920510946
1496,45169.944840545286
1497,55111.72564371222
1498,3564.0309016712913
1499,5786.79807047309
1500,59564.798882835894
1501,12442.044631276603
1502,7698.340318324467
1503,4327.296774510614
1504,5437.129118940488
1505,6215.246401820529
1506,58054.925439869454
1507,53403.989125613094
1508,6455.892017812292
1509,7462.127249388923
1510,58897.927027243015
1511,6800.15936554337
1512,24964.87403809244
1513,5281.382698052266
1514,4085.950458271127
1515,4647.829656446075
1516,4902.168497519474
1517,63620.68439394319
1518,52530.15474872249
1519,1595.0398503745464
1520,10051.701848365294
1521,5351.23670307377
1522,2464.096393126869
1523,4270.143531186393
1524,76607.00961004036
1525,58031.476032718914
1526,3292.851502982475
1527,4767.965163466422
1528,13163.505250632652
1529,4693.650157706521
1530,67868.22228555425
1531,44741.482871741886
1532,5663.369214748838
1533,2259.564849129947
1534,24391.358387482233
1535,54090.71181063747
1536,5432.8607577393705
1537,9600.889918430044
1538,48386.454274201795
1539,8104.478209967414
1540,5205.248560678214
1541,48824.420613774986
1542,5649.571038580256
1543,2376.829126012724
1544,2933.7110590229845
1545,13587.013433235987
1546,44118.56392069065
1547,40867.01783532396
1548,5959.96384051186
1549,52848.72910171807
1550,1681.2871584047152
1551,3229.440463100409
1552,6302.047687460692
1553,6224.231482498577
1554,5452.630170527552
1555,51664.60967552978
1556,6306.13035016359
1557,51111.38024265097
1558,23480.016384309216
1559,5007.376967908311
1560,4502.469919074343
1561,8695.735485664758
1562,56363.21558012633
1563,4410.419869450646
1564,10971.222358421874
1565,3240.135637722531
1566,7194.198415875578
1567,5763.203667727492
1568,6438.693854684339
1569,5859.607736623669
1570,51475.522922864715
1571,6394.886747716078
1572,5765.215807549482
1573,57925.308947714744
1574,60944.64989013203
1575,7291.387923631962
1576,48916.749162247084
1577,5538.817893422673
1578,7795.161567690739
1579,4705.096555561347
1580,56129.85701948017
1581,45292.2411140749
1582,9486.773410568394
1583,2371.79355346875
1584,4527.23334826158
1585,58151.1358199498
1586,4005.129676797267
1587,54641.84287331099
1588,60087.74880685776
1589,60404.23979015329
1590,5735.461174648765
1591,6697.310142959837
1592,45684.11071001326
1593,3125.7024001056275
1594,12316.352682094353
1595,6776.071557310106
1596,5429.11091263755
1597,6014.427569247296
1598,2673.6047241502083
1599,6399.647746239108
1600,5000.1991027762015
1601,7176.518173840962
1602,6554.919899407187
1603,6276.08376742216
1604,4699.280279316252
1605,4372.240746940933
1606,6200.386852712233
1607,6368.073268785571
1608,8484.270241162616
1609,3798.629609539743
1610,57543.12854951758
1611,6519.290100917118
1612,6752.126021784745
1613,5412.842400057699
1614,9725.251393485274
1615,7491.827319278082
1616,10683.442369104901
1617,6656.902895106669
1618,16216.4518611846
1619,4722.250540363696
1620,50390.519373447336
1621,6501.492504037993
1622,62547.40522764579
1623,61738.10966112005
1624,7985.552971520106
1625,2547.471771903166
1626,46858.03966283806
1627,3586.3071244526886
1628,17434.96975855482
1629,41074.98235886142
1630,78693.99955558317
1631,69180.27200077593
1632,2241.842851491
1633,4439.882497676331
1634,38596.88734712985
1635,6160.128188570659
1636,8714.7949628113
1637,6427.378792040405
1638,49256.501758209386
1639,52369.8053151704
1640,6777.874219059188
1641,5275.68806621789
1642,6692.6330792323615
1643,4499.862500848114
1644,3224.573869762072
1645,65117.45609566392
1646,5955.630039831584
1647,1677.166661521152
1648,6734.3038454495745
1649,45982.88718295812
1650,48968.88168142701
1651,4159.346215055728
1652,53826.27204605134
1653,58987.97517225194
1654,6417.326839239453
1655,66467.5109853768
1656,5153.791808526998
1657,15261.450430121367
1658,7971.4108066756235
1659,3273.6875745558996
1660,11330.171795412452
1661,5962.599306209024
1662,54525.29872058435
1663,69558.4755375976
1664,4981.188203707769
1665,66223.20617916701
1666,21987.55388944132
1667,4728.2368855445675
1668,2365.044234058592
1669,59911.69060608942
1670,12435.262842821623
1671,10483.094035920712
1672,4619.991674038537
1673,53835.12724805382
1674,45942.25810642498
1675,51204.44289922707
1676,6396.301816150943
1677,5816.472399211053
1678,5256.392414386062
1679,5542.440657045267
1680,55302.82231787505
1681,51793.05607187407
1682,14717.74560551863
1683,7883.15402515428
1684,5025.585704274211
1685,44646.44869294978
1686,5331.141589673693
1687,42246.42445464019
1688,46426.17625747038
1689,2132.406234144458
1690,3944.5835926490126
1691,4776.415536006766
1692,10213.990704322097
1693,43265.45585011816
1694,7596.887841267226
1695,6090.779340244741
1696,10009.599052540238
1697,55604.30606127206
1698,11789.698238263218
1699,40238.9124932391
1700,4926.330278560581
1701,48728.68044186465
1702,10396.737312254307
1703,7562.300722682329
1704,5303.332038213484
1705,5192.22536152528
1706,6000.632182140773
1707,62184.48284246796
1708,5510.631054605974
1709,7965.947879834048
1710,6850.546316714377
1711,2892.6652248737673
1712,12320.20206879561
1713,6031.814644692962
1714,5780.571973177128
1715,6860.707203085812
1716,4758.423526590738
1717,5975.290180612241
1718,3930.2850945357036
1719,11451.537513575095
1720,6127.424694612388
1721,5179.90788424335
1722,60259.48933315309
1723,50536.50034421227
1724,10384.970919454292
1725,4430.398160032868
1726,22064.35679696768
1727,12875.368180687175
1728,4581.241404182983
1729,6403.7015315770395
1730,45715.558530072776
1731,7819.645677143256
1732,3029.013539999388
1733,54299.221227114045
1734,47495.460836029204
1735,2093.3403340446466
1736,2550.27057946949
1737,5162.7447184388375
1738,11279.904960033766
1739,56725.702414594976
1740,43732.038728448155
1741,52209.32189571215
1742,14852.598816268921
1743,54491.115099082854
1744,7012.4087289801155
1745,4887.526474889011
1746,53230.51717915802
1747,52480.746243445145
1748,5686.292375679172
1749,50873.85450217165
1750,9345.724609577212
1751,4279.324388806841
1752,11367.909209553949
1753,35088.9621933002
1754,60732.18745447192
1755,10109.685234769846
1756,3488.4892852214716
1757,5479.014030180602
1758,51073.506231510444
1759,9285.339712893438
1760,5668.154599506456
1761,3507.311548021781
1762,1761.959544311027
1763,14770.234724620057
1764,4104.310026739917
1765,58685.514940311725
1766,64048.30936416284
1767,2752.414191577307
1768,3120.299513287211
1769,5270.251443578907
1770,5554.6344783489585
1771,3641.6923573906724
1772,52141.788257223205
1773,4421.511234612054
1774,60132.272518837766
1775,4488.346193678204
1776,5456.447563240711
1777,4588.318402153751
1778,42898.215960733214
1779,4988.712582814537
1780,43904.10642874546
1781,5444.935421056614
1782,3576.566803589519
1783,48529.52053151546
1784,5251.650657004797
1785,44442.28954407415
1786,54988.80482753852
1787,48677.946817613476
1788,3810.4911171079866
1789,6727.703160704921
1790,10502.305742870534
1791,63213.88096919304
1792,4421.769537659095
1793,4099.137951731287
1794,10631.851414474635
1795,52199.81838736514
1796,7164.3045691540865
1797,56748.4623126199
1798,7966.174989370162
1799,8332.148475608297
1800,57145.333660044445
1801,7013.912392510988
1802,7613.392883072884
1803,4557.535792035798
1804,5236.8217423053175
1805,52933.03196986892
1806,43068.76914756522
1807,10740.815911214775
1808,5680.864930448009
1809,45223.92243738593
1810,60253.889785863765
1811,50663.4967733942
1812,5264.412998416916
1813,5607.884731996942
1814,3752.822046441661
1815,59542.317348949546
1816,46604.22763540903
1817,7050.876044052709
1818,8801.299643771546
1819,54810.093038747495
1820,3613.698335960532
1821,2648.8023866060107
1822,67669.10594224799
1823,60542.34924688681
1824,50197.31823301701
1825,47036.31474236263
1826,6191.604902850798
1827,27148.516912213374
1828,1468.729751169389
1829,7639.418273162631
1830,5013.00178466476
1831,4175.024667541866
1832,61236.32071017131
1833,6338.0272721432175
1834,63859.111499273866
1835,4865.807530138265
1836,5657.193918570978
1837,5490.398007055865
1838,4028.538957741375
1839,47121.39158065786
1840,4304.197489081558
1841,5394.796216944804
1842,8542.392940316799
1843,5836.707068506016
1844,5306.091335734205
1845,5312.2136852332205
1846,4858.890204785845
1847,2459.902204221912
1848,52711.99658497108
1849,5811.6942482738095
1850,8997.115049108179
1851,59876.11072204726
1852,3091.8148901557797
1853,4802.125840446396
1854,4967.938441394894
1855,4549.755808914623
1856,13282.214099175082
1857,60979.10992441951
1858,1935.54629336391
1859,5071.502011342512
1860,6980.41914580149
1861,5934.266659603832
1862,66256.10512556235
1863,48304.42493551847
1864,19818.874396362757
1865,46327.3834699382
1866,5485.306349564347
1867,49041.563415250166
1868,56435.46043343502
1869,59096.59164132774
1870,5059.434772040605
1871,3973.0165414019457
1872,5218.935091125895
1873,25316.985334883706
1874,13433.706366528328
1875,21654.064266735746
1876,52477.210846144015
1877,12030.17619869288
1878,7094.123812094514
1879,6679.697481803614
1880,8985.879577687676
1881,6005.864962226284
1882,4881.341590286792
1883,5645.229272955078
1884,7478.300830522879
1885,3340.7413378845613
1886,60901.007306408814
1887,52401.54820050359
1888,5673.188312012537
1889,2520.467020143467
1890,51830.72934074211
1891,5856.033980414013
1892,6299.963127960667
1893,4906.276982536859
1894,44474.96872759116
1895,12542.238466561797
1896,6466.737238227679
1897,7127.982325879576
1898,3002.09650677195
1899,55474.31377165668
1900,4902.598535832931
1901,24493.97471782684
1902,5835.994972644148
1903,6095.480020372843
1904,5747.6226968207975
1905,5482.350017953686
1906,56004.611425753676
1907,35437.27580774479
1908,8217.394956491884
1909,5317.846291362691
1910,23224.217103199764
1911,4263.227082374643
1912,4906.667097956866
1913,6226.823887457294
1914,4112.592242091115
1915,44080.56631908327
1916,3922.9895438854924
1917,4216.606694351933
1918,6403.396805582133
1919,5763.386812494051
1920,49289.36182821009
1921,5971.913854299674
1922,3960.5424990079086
1923,9076.070786196953
1924,60614.247660726556
1925,6818.717713941625
1926,5940.799044399893
1927,6013.927121893892
1928,42743.353489382105
1929,4538.3119989648
1930,9368.765795514544
1931,6703.643726558463
1932,56415.7107836585
1933,44083.12794965859
1934,5012.727678282584
1935,54396.12122155392
1936,7716.170517829317
1937,2771.690706782717
1938,42910.54932397434
1939,3922.884380905625
1940,7574.052597811992
1941,43914.43415355159
1942,8450.14900586394
1943,12327.216348825727
1944,57078.901544022054
1945,1798.1894980112015
1946,6132.736757404355
1947,55417.47752288992
1948,4265.6478900657485
1949,15070.607030875577
1950,48728.90995098675
1951,3775.0890215789123
1952,50427.27136880525
1953,2555.598248919322
1954,58349.57193906518
1955,2990.07389003871
1956,7241.830066425899
1957,59064.99070413149
1958,6809.47053618091
1959,21675.083565168963
1960,5425.496725578517
1961,11716.076398548286
1962,9690.155909028701
1963,2500.0150027792133
1964,3935.053813777324
1965,51982.17942457889
1966,57464.38282268762
1967,6029.706713070846
1968,10783.782230108605
1969,6191.388473819393
1970,4389.18266100804
1971,6353.19048190648
1972,4552.653678333303
1973,5938.11620751189
1974,4344.7910872243065
1975,5385.241225872078
1976,27636.84200428635
1977,24530.983059446942
1978,4650.961623905432
1979,3702.5241487216463
1980,5910.623491129281
1981,3910.207260997491
1982,64811.46872769034
1983,51004.984011519904
1984,6014.084698578099
1985,62782.322309100586
1986,3965.5261011475086
1987,4449.7709716372565
1988,7181.04789703642
1989,3499.2617770965853
1990,59266.14418353545
1991,51514.35534070578
1992,2695.3569076920085
1993,6976.519663092227
1994,6066.733605191648
1995,59610.74845357898
1996,11988.29069294962
1997,79583.23099159233
1998,3401.370430260347
1999,40985.699721432364
2000,4831.429380670469
2001,54041.75575981465
2002,6540.765148920515
2003,9569.419696850799
2004,62031.01349613968
2005,10818.91811075652
2006,5949.362100584817
2007,6097.513153199217
2008,1572.4985665824015
2009,48711.03408089102
2010,3077.632874712915
2011,53423.24156852232
2012,5269.692909919002
2013,6556.132866458076
2014,11436.682078134148
2015,50020.61950695719
2016,4241.058346778642
2017,2378.2384891526
2018,4946.192447169038
2019,6394.802935332696
2020,3640.9194440452193
2021,4965.755444490851
2022,54812.700807691814
2023,10400.050878248912
2024,50047.49602258702
2025,3432.7393808464312
2026,7992.49094847447
2027,2322.273153227524
2028,54866.12167785813
2029,6914.491915141001
2030,4911.918052625229
2031,5467.262788646969
2032,28079.379386498334
2033,2572.0783321873996
2034,68404.59720794999
2035,12532.606381116595
2036,3447.6806132484567
2037,6175.86996512185
2038,5969.435566293271
2039,67670.77025105858
2040,54376.93580228858
2041,5981.453143648673
2042,6118.010624345465
2043,5395.758987632519
2044,5564.637585580309
2045,3853.398520868374
2046,4476.451715700024
2047,8305.891760800332
2048,4397.493135975152
2049,7330.905727728996
2050,15910.116818864188
2051,49652.38002787696
2052,8290.848029884613
2053,51421.163128225526
2054,10956.372582558113
2055,2806.1575622224495
2056,50556.94967779463
2057,57644.79026735555
2058,6156.411165207888
2059,48505.65586067928
2060,7778.832447549892
2061,7617.868116396265
2062,4904.3518153300665
2063,11050.350313599523
2064,6127.63148749132
2065,77605.73778968582
2066,12289.032476123713
2067,5123.621971768808
2068,2982.7739220965273
2069,5202.010724897779
2070,2315.6433202404082
2071,45243.926756949186
2072,18684.406134586705
2073,6342.309529452047
2074,5851.554866060631
2075,2740.972115570985
2076,7796.310405959128
2077,7044.4454348956015
2078,5391.413872194667
2079,44762.288908752336
2080,5888.302766156297
2081,6168.1694681005665
2082,57364.13430929684
2083,77070.83081910679
2084,5042.922308638454
2085,49052.394954256975
2086,6078.455327791515
2087,18280.35035313401
2088,4976.665368956921
2089,6934.642467117932
2090,52431.64052342407
2091,7635.548954728877
2092,4416.50515707175
2093,3797.5520177391118
2094,67924.70389677606
2095,3232.639438613441
2096,5744.787447452769
2097,7133.897642886086
2098,7985.321319650604
2099,6053.382593802998
2100,4380.8772997610695
2101,6004.215983134309
2102,50993.37783286204
2103,5741.807986233511
2104,52155.30945594603
2105,5019.93992867979
2106,3611.0602880981182
2107,3226.900080324379
2108,3027.8559408281053
2109,2504.4665093050753
2110,51553.67661441758
2111,27335.65945649862
2112,5909.934607911525
2113,2605.3244434789895
2114,4613.311789723198
2115,56691.326368972834
2116,2690.7175573671525
2117,8913.986624494803
2118,7136.648433753373
2119,66382.55082647943
2120,11269.944679076058
2121,5330.887343554925
2122,8046.3727707781245
2123,64538.70976363228
2124,7818.120565570364
2125,7367.834374776106
2126,52383.24860687941
2127,4773.858651002106
2128,5319.326291344824
2129,4080.8879553729694
2130,5004.126544563961
2131,5364.395251985789
2132,4515.313912130336
2133,57707.680222748706
2134,7292.205321495585
2135,9840.589212156212
2136,9226.943979658969
2137,5370.56502535437
2138,75944.12681810126
2139,4427.611704624363
2140,55578.25782459534
2141,11071.47692015997
2142,13506.998817873158
2143,49776.52995665636
2144,51218.61768236624
2145,8230.76630658222
2146,46404.412602110344
2147,4178.449811507404
2148,20386.40214016482
2149,13520.358377928687
2150,7301.199674119603
2151,6049.947443286692
2152,63791.00934688831
2153,4805.505439007439
2154,57328.848424572265
2155,5895.136101163661
2156,12304.58262259958
2157,53337.204746052
2158,10282.283676346698
2159,52251.69030804939
2160,5579.3024057243
2161,6892.12875654109
2162,4628.572422694719
2163,5265.598181990069
2164,49442.25692440511
2165,13405.945840612734
2166,43345.74752131062
2167,1976.4547020943353
2168,42535.128630471256
2169,4107.429786485941
2170,62240.20901418832
2171,3540.1041714154235
2172,2868.601519142097
2173,3581.620248219879
2174,3807.3865656492417
2175,8909.82753788569
2176,4248.804434893021
2177,5157.284564958652
2178,2398.3351990288215
2179,6930.143907613154
2180,66568.81865485093
2181,23171.35099243063
2182,9757.393203339881
2183,50499.01138585454
2184,49063.63300389805
2185,11595.530779691499
2186,6050.2691261819955
2187,9969.493347894118
2188,4660.185438149851
2189,55636.8844444277
2190,7630.897305569899
2191,80851.90228733078
2192,62528.231634403666
2193,6647.288098943435
2194,11652.767578250732
2195,5679.432081002677
2196,2979.939841900811
2197,15643.130050821374
2198,8557.745556360678
2199,6713.645234505429
2200,8133.405690300218
2201,49879.38088918636
2202,5056.484916877622
2203,5772.546224942107
2204,40053.06333984602
2205,14806.573812757475
2206,7628.0206330367
2207,1616.7606825448288
2208,7434.466548286526
2209,4160.675793683573
2210,6839.636028812545
2211,67187.67363633339
2212,5560.09581193614
2213,5365.333131240337
2214,67406.31598721827
2215,3545.7986969052654
2216,6441.654704495928
2217,2716.924028678735
2218,7591.574034304322
2219,11645.181147336869
2220,6617.39739312999
2221,38575.3880225145
2222,4886.088584392425
2223,4164.905366911801
2224,7890.396500712444
2225,4662.86353542211
2226,4983.558967771606
2227,5527.114647462281
2228,4956.156922930277
2229,53195.93154844312
2230,12336.4226891191
2231,8927.761559682986
2232,3518.3273332291556
2233,4703.748273769199
2234,6234.627473571358
2235,7079.754635509876
2236,6872.017738516539
2237,5327.573227691447
2238,14581.295034939492
2239,6202.014360798388
2240,3115.2017945619027
2241,2861.774343181378
2242,49045.82824647973
2243,52892.776697136454
2244,6045.256049857002
2245,4444.324801525335
2246,20040.16905446377
2247,12198.359182993267
2248,60904.4317927775
2249,34751.34398786035
2250,6259.023856772035
2251,51278.867352012705
2252,9007.34330262267
2253,2391.160633188894
2254,3299.339822744625
2255,2583.521385814148
2256,7828.180246421104
2257,3790.87899798679
2258,3245.1052820473114
2259,3970.352815321828
2260,6697.336467112131
2261,62424.00032947405
2262,5718.796607939177
2263,51879.656601849594
2264,51995.273258516
2265,7132.526376079097
2266,5008.042352357157
2267,13900.022344103614
2268,6473.495710277049
2269,55204.5888186331
2270,65707.65360573742
2271,50910.20639261706
2272,4686.8938705926275
2273,2674.8533695426195
2274,4595.143388686577
2275,5983.079471719522
2276,3034.385224310824
2277,49865.296916404826
2278,4987.167042665851
2279,4425.348919910186
2280,58882.15818205491
2281,58009.8108647683
2282,4757.391605708972
2283,4140.911454577019
2284,5792.111341018814
2285,3485.7317705246387
2286,2521.317786126238
2287,12631.560512538534
2288,4922.176925136943
2289,4692.016481636748
2290,11651.322357625864
2291,57025.63328709561
2292,5097.511565479138
2293,62672.80396184998
2294,32886.01576358141
2295,8488.529896555207
2296,42393.11880903049
2297,68128.6108736065
2298,3686.5219603046326
2299,48383.85516136493
2300,22669.421059468794
2301,6464.930770632731
2302,5023.08172886994
2303,1794.1375274885352
2304,2432.2518262622266
2305,5858.442697277191
2306,2694.8629356949255
2307,5205.113369356287
2308,47854.620060386056
2309,45693.98824810191
2310,5912.771193203456
2311,1746.069582324249
2312,6303.404609532911
2313,4876.215545238983
2314,3977.9882807680315
2315,3326.0738408957086
2316,10119.230718759714
2317,5398.358890930003
2318,4243.589900851578
2319,47788.03277687885
2320,50983.97354306112
2321,49396.00663081193
2322,4395.4709631560245
2323,5115.694006729018
2324,51176.86177711484
2325,6467.062167096672
2326,26650.328548318175
2327,60028.967446093964
2328,5172.021305687784
2329,6166.871492463974
2330,8181.311493946409
2331,5285.621306148665
2332,55838.96194250791
2333,6115.2805032972265
2334,5554.800217865928
2335,12172.625639597467
2336,3454.2357975601535
2337,2745.71147908594
2338,16844.222960801304
2339,3503.911171966499
2340,6964.758694784329
2341,5213.427811028555
2342,3189.25152923436
2343,60663.002265488176
2344,5216.9246593669
2345,44357.7605341675
2346,5514.036533209466
2347,5541.472396868982
2348,15349.04005719859
2349,5393.028751383203
2350,5013.899666842728
2351,7177.420997411976
2352,50439.67920276841
2353,8271.682038410894
2354,55010.203067970164
2355,6575.590406338835
2356,7318.052607200329
2357,54681.83464960813
2358,59049.05156416961
2359,5235.625981422432
2360,5557.017623598285
2361,9468.461603448102
2362,3159.7379552646926
2363,1649.4880142627958
2364,55649.3687646266
2365,53248.01405831085
2366,47125.583485172145
2367,54584.494601080994
2368,6091.169185619792
2369,3870.6385120272676
2370,4957.089448409241
2371,62183.0570437523
2372,5479.018426995011
2373,33054.545772423735
2374,10790.36052796777
2375,3513.091558112759
2376,5563.99112749863
2377,56427.88405586639
2378,6414.899749636058
2379,5808.236883060705
2380,50449.135026447104
2381,2676.400953449875
2382,4024.0759976991017
2383,2506.9025775478617
2384,4048.737158301697
2385,54158.22399959614
2386,7206.962122872935
2387,4955.1535318389715
2388,28668.87109755299
2389,5804.421934838554
2390,5710.612878507231
2391,6539.809877441416
2392,62455.00916055286
2393,50229.05861272258
2394,4609.91985740159
2395,48543.79496287811
2396,2284.3812849977808
2397,52451.737228682745
2398,63340.52129686413
2399,54808.47010206704
2400,3098.3240203898604
2401,13058.395129411654
2402,5729.381832596286
2403,71722.096838514
2404,4978.4635943370195
2405,3533.8590641610617
2406,9080.901627479518
2407,7439.267044928761
2408,3926.5163397216775
2409,2117.8617105680814
2410,14349.86570169211
2411,45833.37218597098
2412,6160.137359104412
2413,6279.840576398041
2414,4279.351560452375
2415,50714.962629455345
2416,5610.964961450826
2417,9917.28842434972
2418,52336.43156637221
2419,6032.308930106206
2420,5840.254466117864
2421,5529.119704347115
2422,17569.47925659918
2423,5333.362716010427
2424,62875.35043966087
2425,60172.32619845732
2426,46013.498097709555
2427,5277.9096064719515
2428,4783.784564458917
2429,4842.782801864585
2430,6449.910168137332
2431,48238.10949496551
2432,11191.743941644872
2433,6049.429358858525
2434,56700.86589452395
2435,5092.950125824769
2436,5013.52884255809
2437,2757.661298416884
2438,6337.082775714607
2439,4710.255117397526
2440,4753.858745868571
2441,3418.892531332186
2442,2181.936551775291
2443,61163.21998293722
2444,9602.513824925354
2445,61140.13869727048
2446,49787.07898667499
2447,3585.214770766081
2448,4190.751655252754
2449,7711.22593269033
2450,6569.306384258771
2451,3665.8526852402815
2452,5138.300451039392
2453,4855.642812154014
2454,55762.5603736749
2455,3274.855256351593
2456,11381.457879420428
2457,3823.9595201130396
2458,4933.0237683026635
2459,64290.41403181671
2460,4855.943254213238
2461,52563.38369652338
2462,4534.6320228052555
2463,5706.305593174809
2464,1773.8933059984186
2465,4197.307034918835
2466,10574.421351458082
2467,5308.954848212678
2468,7682.124716699368
2469,52371.74186505853
2470,47306.099893060644
2471,6144.647508899663
2472,51811.40870762542
2473,5603.7186779624635
2474,12968.30175125614
2475,6518.84306574483
2476,6501.756285420924
2477,2280.331986310434
2478,2275.5089034840007
2479,6608.5969658262175
2480,8957.471673033142
2481,9510.185861806698
2482,50406.57743499185
2483,6112.58459537228
2484,4840.587083078772
2485,4191.926187114397
2486,5541.483016915787
2487,6271.277868535801
2488,3946.4751182917817
2489,66470.51127695915
2490,6618.667317143372
2491,5886.051099613394
2492,3758.4129399842036
2493,5321.200195959652
2494,59979.20482390879
2495,4608.393047312964
2496,11536.879575834771
2497,3034.039540157228
2498,3112.7402952168436
2499,4439.5622437620605
2500,7493.81685481096
2501,59310.384994730724
2502,4691.239067011145
2503,5656.581361391015
2504,6119.854620014206
2505,7062.095519851851
2506,3239.70137753532
2507,5507.218180070504
2508,11531.288857670941
2509,48467.31898196623
2510,65134.18144457012
2511,59833.823165207694
2512,3820.201692627438
2513,5402.405118683204
2514,7479.964661812852
2515,65751.54564998034
2516,6699.951703310839
2517,4864.156165231897
2518,4985.2023270772015
2519,8973.05612053036
2520,3079.9389324445156
2521,51609.5929283864
2522,6102.543515025658
2523,2469.7354786007527
2524,62962.47517647798
2525,48417.997227595086
2526,4327.824152122402
2527,53003.65487616937
2528,4728.008220593658
2529,6633.203498818153
2530,20487.86357092556
2531,6416.802116746876
2532,72006.16699937283
2533,6001.634858840358
2534,11160.749028344511
2535,10526.898073777944
2536,6310.937427227711
2537,2418.943058264785
2538,5704.454357486456
2539,8966.272563318978
2540,50797.049664192826
2541,3317.641212729837
2542,51465.48034417098
2543,63597.67996387777
2544,6350.687232863205
2545,6334.146517761587
2546,54436.624009811465
2547,2632.5516416361806
2548,56362.086883636664
2549,6862.30140898104
2550,4766.559375232758
2551,51433.96053659846
2552,3582.058218110467
2553,6055.503604601674
2554,2260.449265281457
2555,3759.590325986381
2556,7513.0718983967945
2557,45310.72968903136
2558,7032.850614224795
2559,2178.4063498771807
2560,68064.24515170572
2561,6075.770569424026
2562,4658.003851849466
2563,48997.45113186301
2564,10637.169853364383
2565,5002.629467158611
2566,29296.753225624816
2567,49553.50855826289
2568,4267.368085664508
2569,39320.625722108365
2570,3314.2771425818673
2571,4881.699466368679
2572,53138.32093793176
2573,64963.831354902526
2574,7878.792022145783
2575,15892.098312236489
2576,71406.3573473529
2577,4166.633650677687
2578,6410.970629446401
2579,6170.620437417107
2580,3159.3503723588847
2581,2550.4762246732876
2582,2996.987741936432
2583,6098.961044395446
2584,5047.807735127226
2585,8603.83542819529
2586,4899.236159701395
2587,6681.206389413326
2588,8441.231800214948
2589,59929.5041861296
2590,14209.970398679776
2591,5678.289756511647
2592,3383.731031588444
2593,48502.46411039233
2594,6062.333723558975
2595,10929.132535204553
2596,69627.72111547312
2597,12732.368790068746
2598,54212.774401738585
2599,2572.785706691136
2600,10133.822299698653
2601,4418.027705928407
2602,8737.31021560163
2603,65934.61670791882
2604,67361.16358721313
2605,4234.246701248438
2606,63745.148710798865
2607,4345.468391776293
2608,5469.8666760104825
2609,5887.7551692295
2610,54842.504117938224
2611,55704.0416463901
2612,8106.8360044328865
2613,5496.5132662024
2614,60138.69114926223
2615,8768.37599863511
2616,5930.737384922896
2617,11587.441820381538
2618,51575.21172730261
2619,10906.659513124096
2620,63322.424603977575
2621,57313.231429564505
2622,59000.62499047053
2623,48846.297880934886
2624,14885.80577743276
2625,57689.157997071015
2626,51630.55974462585
2627,54958.95033088931
2628,46363.54696419171
2629,2989.9259830627934
2630,5346.010623102088
2631,2503.074233091257
2632,3346.3571895432847
2633,4685.372529127978
2634,73360.51396899765
2635,5606.008866006711
2636,44427.51790041303
2637,5927.388002318047
2638,57318.348760274464
2639,55813.2313946968
2640,4656.434963911826
2641,5270.270477608718
2642,4551.943561926824
2643,9115.061259523742
2644,45176.05162511469
2645,1735.0644495609195
2646,10322.31157250877
2647,8718.148532365734
2648,11731.38129960471
2649,30199.37952230963
2650,85571.6818893201
2651,2885.278553416892
2652,54231.100926648716
2653,5895.306883032787
2654,5170.783663860163
2655,2701.902376721652
2656,39368.6657147184
2657,8041.20830860454
2658,4902.158276581003
2659,7301.265443059792
2660,13540.134641013776
2661,8850.001745943106
2662,16984.084840237723
2663,50100.72747013556
2664,57719.71041555243
2665,54163.81859766701
2666,9029.122279464593
2667,2655.5065893459687
2668,5942.248494811606
2669,2086.668420207581
2670,59337.04045146515
2671,5343.627771482197
2672,3579.3645241989443
2673,51191.59596376817
2674,44298.501903452525
2675,51472.53181487255
2676,5872.996459199837
2677,2453.3398928274173
2678,8613.456815090962
2679,10053.665641556852
2680,12604.455038263792
2681,39159.6797598228
2682,53551.74494643393
2683,5286.435210157641
2684,73681.90310251553
2685,6036.246918950505
2686,5640.93956420168
2687,49988.68610849466
2688,47928.81178100979
2689,3785.973128184743
2690,50832.154790921115
2691,4706.361832477817
2692,45009.84073477627
2693,52876.63466270013
2694,5282.818085371049
2695,65773.06689070219
2696,2015.0692305074135
2697,25882.835950480083
2698,70964.75563353529
2699,7291.982790557758
2700,3967.9652119920706
2701,44572.70694826981
2702,6569.351211911494
2703,5337.4778078390045
2704,5083.974082875431
2705,2384.60169312335
2706,2639.076939692426
2707,7241.870550761004
2708,6360.437851205875
2709,4689.336631264987
2710,63974.76391051767
2711,2815.486651727241
2712,53443.4895001274
2713,61680.20136689406
2714,63276.82936992288
2715,51590.59930327185
2716,3429.2557219196374
2717,4246.653915522696
2718,6014.330606565663
2719,7137.605020547699
2720,5431.481619794876
2721,7350.2341408553075
2722,7170.217054054926
2723,54601.958535112455
2724,2959.6887203110264
2725,7488.473025939828
2726,5422.391731013126
2727,5353.471414364617
2728,62759.55349815269
2729,6179.062784946568
2730,58155.03150815291
2731,5636.570388800063
2732,6369.640647861992
2733,6158.460849985453
2734,10643.936601362579
2735,6137.233321263441
2736,5615.255190311774
2737,7742.582560486445
2738,30294.042979371647
2739,11784.871599415384
2740,5036.132678755753
2741,60740.04537514945
2742,43768.902675314326
2743,12038.465299193933
2744,6241.18567860227
2745,5984.864432939417
2746,4873.019060178184
2747,6115.36881210569
2748,53773.58093337185
2749,8156.540567006661
2750,6201.717667937297
2751,6290.322726227583
2752,6121.8260472972215
2753,64584.40396881791
2754,3342.079994015229
2755,52600.21333729869
2756,2539.9327706634135
2757,48708.88866432753
2758,4164.576969939357
2759,67026.58650280657
2760,6286.536785152772
2761,11920.20234579545
2762,6190.560128691318
2763,34017.857063302494
2764,48313.565620434514
2765,5750.922067297286
2766,56535.19155156035
2767,6058.504337928089
2768,4610.197386739618
2769,3723.19268727629
2770,6882.679643277138
2771,3259.1275741297777
2772,11072.558061475649
2773,5178.407980332668
2774,5362.821836156158
2775,4992.06793694179
2776,5871.228067764567
2777,6661.249389122921
2778,54456.26936883014
2779,5852.898614606771
2780,2993.3645739493804
2781,4757.783270153652
2782,56450.66783946223
2783,3688.7612990853395
2784,5383.655276856201
2785,3302.3658978059348
2786,11730.180467051687
2787,9595.636208216438
2788,11850.372618415684
2789,4103.063733758235
2790,48871.22292884436
2791,33780.43300281811
2792,45638.5958501243
2793,8365.187058301755
2794,5749.977870998826
2795,63296.092174089186
2796,20373.14883062663
2797,6318.738356230426
2798,59020.25547870656
2799,4444.990357628129
2800,55217.41780919901
2801,69862.59303439596
2802,76037.73847587878
2803,5840.455768540987
2804,12742.449445703794
2805,58490.21444991424
2806,2062.152582844099
2807,6738.260788324978
2808,4662.931905339188
2809,2331.1626434550453
2810,59390.46587474974
2811,4095.3861097703807
2812,5513.630329068437
2813,51354.01358842745
2814,2384.150753668249
2815,55567.30299337833
2816,5097.502697769336
2817,44163.697079889025
2818,13679.185399760929
2819,1697.962725239442
2820,59599.41062960432
2821,5360.873241775555
2822,10845.08831202152
2823,6129.074585192467
2824,9569.854681296763
2825,6945.628441440438
2826,47524.07106191259
2827,7692.1926308324255
2828,17487.423857151673
2829,3341.8940237952893
2830,66918.19124670546
2831,51296.99811553746
2832,35573.16425722852
2833,9393.242827541326
2834,23370.027208891937
2835,3569.1792969893304
2836,2904.274096560439
2837,5423.849468409811
2838,49266.671275179644
2839,6018.388106502465
2840,33246.37124056969
2841,58053.551452837164
2842,6705.1883631459705
2843,56922.420225120484
2844,4222.651743992414
2845,53699.27067488959
2846,5129.758653436002
2847,84473.44479631839
2848,5110.541991100792
2849,5168.127787257469
2850,6009.543029509508
2851,5772.658818158541
2852,5570.536902856224
2853,11418.167777053179
2854,2350.585419163114
2855,3841.3977316830524
2856,6081.01589317244
2857,11714.277873811438
2858,1212.3026540167532
2859,6164.027260410458
2860,4126.56059547492
2861,7129.781403666228
2862,2499.3241580195813
2863,20431.746918001874
2864,4996.948779590547
2865,7671.584610014009
2866,5007.232705416136
2867,5729.544492790358
2868,5423.35807733806
2869,13179.41900021057
2870,3274.703376954472
2871,9058.994826980424
2872,4444.6609128717955
2873,41672.40439032459
2874,61985.470334997946
2875,9435.240222062374
2876,2519.7009554278
2877,4339.013512325504
2878,3468.5190957617942
2879,24722.930943162384
2880,2176.3704598966915
2881,50329.86059267307
2882,8114.363516890651
2883,4307.138945963558
2884,57037.9940457137
2885,8290.339416968589
2886,58552.39717316858
2887,3767.97257500636
2888,3449.907559638129
2889,3451.139693552735
2890,6070.756600728542
2891,5179.332457857907
2892,52222.36894410371
2893,5238.0090660119085
2894,49700.83472177296
2895,13988.598417609439
2896,5339.044460777881
2897,50891.90902002765
2898,61017.50110343033
2899,3825.9732161018896
2900,4162.462972532635
2901,3480.1175549320396
2902,8246.563190403998
2903,5898.195524415847
2904,58651.961598533395
2905,7675.483032719674
2906,5709.330980289627
2907,5300.717543760147
2908,5422.362408423351
2909,56096.130514970035
2910,8237.543308836064
2911,5789.6200671412425
2912,49540.65958658071
2913,57480.341524803676
2914,13220.299904188954
2915,53268.15836438713
2916,2025.6175270509937
2917,34551.99211022038
2918,3396.869863819979
2919,10383.570948060973
2920,5163.179214005218
2921,2734.6729016043087
2922,4847.108200049797
2923,13203.770573672437
2924,51875.970752590714
2925,13180.858890277137
2926,3651.3482379531893
2927,1832.043619142768
2928,5275.706227253522
2929,5367.73309714194
2930,4583.954862367477
2931,6857.995371179481
2932,6001.684699283072
2933,2266.7087376979152
2934,72480.00889669487
2935,2600.197539518803
2936,7860.93875358409
2937,5739.5510584322155
2938,50957.76343936904
2939,12959.728678908872
2940,4871.148632787487
2941,6104.467119173717
2942,12429.711033945638
2943,63595.043452136015
2944,24722.930943162384
2945,6127.967182529415
2946,7760.509799869787
2947,6820.724254744535
2948,4519.756754482011
2949,6149.7810443954795
2950,36315.890642658596
2951,47895.76850453945
2952,8285.361158307953
2953,45349.838621314164
2954,3159.971756971404
2955,11654.573612561857
2956,29416.76285022356
2957,5167.057422630718
2958,6038.4292935119865
2959,8290.362349971429
2960,2015.9449464449758
2961,60229.07205542285
2962,56788.93066962573
2963,8454.831819164137
2964,5091.703733075685
2965,4113.518206130324
2966,2132.5993894159596
2967,42942.285738298495
2968,5276.71326963694
2969,8202.641788420333
2970,4146.827223334227
2971,12189.489209775555
2972,69187.51545408205
2973,56972.1320402729
2974,2474.907141520298
2975,52195.93196513867
2976,5051.674534862859
2977,5387.3516234822855
2978,32891.803150375556
2979,58558.24152984403
2980,6241.278826565733
2981,3802.591010733322
2982,25631.67279540696
2983,7914.002141947611
2984,50925.79110783221
2985,6145.288855682431
2986,4383.101986809291
2987,54527.75518344178
2988,10505.396540147063
2989,7417.493603492232
2990,4750.041506358772
2991,52012.116080047985
2992,49301.404660602304
2993,57446.957588634694
2994,9030.513011894864
2995,5251.940699447367
2996,62363.52592628802
2997,11117.02623834015
2998,3132.0550614087006
2999,45149.24634782936
3000,37713.260888712
3001,5499.759241580073
3002,4437.210811507076
3003,5771.125792868163
3004,50858.73981470125
3005,3741.1104491807764
3006,4845.834061007484
3007,42575.29646639262
3008,4532.0079504847745
3009,4178.68660554736
3010,2081.767527899407
3011,33818.38525122109
3012,4488.312747789509
3013,5683.315135475605
3014,9027.903772079497
3015,49990.50228040907
3016,50958.80692938513
3017,12240.057624750045
3018,55231.10873232083
3019,66228.72291379514
3020,5714.976588338275
3021,11540.22434612115
3022,5846.361215396659
3023,4215.366698155009
3024,49804.9378805085
3025,2375.422964537333
3026,4771.168556498135
3027,57403.45348679279
3028,5860.293703528421
3029,11709.440829098354
3030,3307.6995333786563
3031,6700.441277879242
3032,3152.6922870229573
3033,5035.52114196838
3034,57815.82852969231
3035,4538.537325956602
3036,3115.9940143707972
3037,9482.228369673185
3038,20416.3105591222
3039,12123.516219878999
3040,3655.9021373553737
3041,26828.843702150574
3042,13536.16918240793
3043,7100.797465895332
3044,51346.68894042101
3045,6127.5078700112535
3046,6667.808292599236
3047,5958.450130212745
3048,4571.898807368229
3049,14636.581191324105
3050,7957.664078773816
3051,3050.8452717857526
3052,23911.076879103573
3053,7153.892435979387
3054,65491.39214194196
3055,4212.491054093978
3056,50999.1478806275
3057,5165.376106258078
3058,54094.46316990844
3059,3571.5607878403907
3060,62342.84571762783
3061,2579.8476579342937
3062,55255.85777710022
3063,60381.49252834699
3064,4368.528085025567
3065,4430.110202330205
3066,6284.979755993591
3067,60993.883893083155
3068,8390.010130047873
3069,6064.282773003308
3070,5206.884418344744
3071,45615.51806813621
3072,5322.529964511685
3073,6005.364678619252
3074,5005.871877146134
3075,53429.91057624218
3076,4865.22221391396
3077,42543.614665669826
3078,4340.185653451954
3079,5575.771192165695
3080,1598.0805985664415
3081,44693.694066644326
3082,8644.101882752964
3083,49758.40932024534
3084,4847.5160630392975
3085,18257.15988975292
3086,60878.392354872136
3087,2782.1740793028666
3088,5544.542834835665
3089,52762.82636754189
3090,5890.944179797451
3091,52103.29421091138
3092,5246.387699472276
3093,46591.9824246493
3094,4125.112231915412
3095,70555.62021631245
3096,5860.734616427426
3097,6978.809942141346
3098,5476.48074968547
3099,54380.388771318365
3100,5529.362439172452
3101,6780.307930446501
3102,50161.46808018182
3103,5361.281877303578
3104,49587.46394431578
3105,3224.893692063619
3106,13944.673019814245
3107,4865.61849909274
3108,9189.906101862149
3109,61334.70017271544
3110,4794.516083079953
3111,4957.619612021033
3112,50914.18867024687
3113,4535.229591744786
3114,7709.268256154333
3115,49745.76022901185
3116,10480.480171058467
3117,3138.87588549713
3118,22125.426987321287
3119,67130.86084503487
3120,2858.236044017799
3121,40351.94609468014
3122,6085.8962996347345
3123,5835.118195320578
3124,9371.89935586514
3125,7126.6879355406245
3126,10384.965984981995
3127,5299.0216815298845
3128,22614.7342277205
3129,41382.97178746737
3130,6021.161451836392
3131,5161.520662645034
3132,56606.63545485379
3133,6857.978091583477
3134,5502.77028015551
3135,49975.67131428613
3136,58994.37880335879
3137,4276.543162831382
3138,50692.47792808363
3139,57455.83457103373
3140,2749.2606268345303
3141,2607.6039304147725
3142,6072.255893482708
3143,10808.345374842438
3144,5508.629854451183
3145,6546.655534770187
3146,8016.959854705648
3147,50254.396584389484
3148,5986.876264114547
3149,12230.19386430816
3150,6004.285654772137
3151,59345.59575208269
3152,8844.287943448488
3153,5339.533439989152
3154,6071.920986901534
3155,51393.01056188416
3156,3087.2713120698236
3157,55363.73702777954
3158,6694.582772798774
3159,5970.846714234204
3160,4237.805873835098
3161,8885.724041872516
3162,5480.837493225319
3163,4789.0051708438405
3164,41331.04357355237
3165,49835.95919750843
3166,6325.133487444386
3167,8341.980035925588
3168,5848.027594316856
3169,58410.98977420927
3170,4839.899785055872
3171,4310.395105612029
3172,49189.535213583564
3173,5835.394754442768
3174,5777.710753044276
3175,3424.2056256087317
3176,14527.56986220388
3177,34996.85531055406
3178,7112.94998679767
3179,52424.565798112075
3180,52510.161434309586
3181,7618.132966575435
3182,62853.47298826445
3183,61412.89297553271
3184,4610.566237494618
3185,6523.942300459486
3186,3446.7043896320984
3187,56282.99491649871
3188,6011.305355116539
3189,8480.15334658799
3190,23204.117078474967
3191,4578.542667592085
3192,50451.43027904107
3193,53754.40019356724
3194,45143.285889626044
3195,19104.167289341138
3196,7527.1967708999455
3197,50991.93270391868
3198,4985.798921613505
3199,6399.958482677212
3200,3936.098850048588
3201,52099.5062409188
3202,47528.120050164915
3203,5221.079129001254
3204,64174.498625175904
3205,25227.40100049069
3206,13110.547519404714
3207,21446.05460089008
3208,4859.377761620926
3209,6540.064845305196
3210,60274.35371272829
3211,6814.35582224413
3212,23754.39877747124
3213,51696.96977339113
3214,4874.241665152665
3215,10170.358934399244
3216,53858.42180345496
3217,7092.142443321075
3218,53109.579153068
3219,56259.07365748676
3220,62355.85354411354
3221,5478.876471359294
3222,5060.189610796539
3223,7005.708069840452
3224,6978.562272577496
3225,3224.191289627817
3226,2276.2233987717927
3227,2646.910111938395
3228,6161.318499219351
3229,2751.0046456435994
3230,4996.766378991284
3231,4894.98653303748
3232,5384.830312038511
3233,4671.935219449792
3234,53301.51057041666
3235,6690.369785670748
3236,13917.86351839174
3237,50810.465662199174
3238,5267.684698813237
3239,4361.303225699853
3240,3055.0936358473473
3241,9295.857624130864
3242,6700.732457849209
3243,7573.7075328144065
3244,6666.91976603704
3245,63703.39057191646
3246,8643.811349184542
3247,51523.371346873515
3248,50877.88985736594
3249,49848.792121888226
3250,6129.952956602594
3251,66320.09072669236
3252,4487.801025500245
3253,4707.592786917656
3254,5546.089077149866
3255,4605.060621064772
3256,5708.670821422601
3257,11958.609671477732
3258,6217.531758381024
3259,9766.552199752854
3260,4388.794234056826
3261,6574.299075273788
3262,52268.742316807424
3263,13215.382541628644
3264,47360.48585065978
3265,6163.436809749463
3266,11973.213038625192
3267,54686.713424401096
3268,6047.312673802851
3269,48854.854727959086
3270,66560.79323093593
3271,8622.950698018509
3272,5380.52327712851
3273,5051.906045192442
3274,44518.96478923244
3275,51076.056488088376
3276,47545.59416944429
3277,3940.5509682146967
3278,2294.1345992632414
3279,6608.572935803579
3280,5315.3838137307175
3281,5131.956308152741
3282,6023.650718190707
3283,4874.770474656409
3284,6069.314559332625
3285,6818.813577932229
3286,55611.891003914854
3287,49621.24189682716
3288,63298.633021136426
3289,14031.05705062602
3290,11351.085413858656
3291,5525.966616875181
3292,4550.638895171068
3293,3387.8928837676203
3294,6570.651633974772
3295,4865.401263725426
3296,7496.4111487556665
3297,62031.39790465529
3298,8220.44208974355
3299,6013.866248111654
3300,6876.3550569469435
3301,20421.42329427731
3302,35469.217500945415
3303,7233.352786192128
3304,4639.449374719573
3305,6159.111508860719
3306,43830.58571209097
3307,4321.338782524744
3308,6957.388958542357
3309,9881.467609036117
3310,4926.917419335481
3311,4705.299754963975
3312,5470.264828433685
3313,54253.01420116334
3314,4989.215288297672
3315,7209.05394907565
3316,12447.133108720967
3317,3390.449829249789
3318,11052.412899806728
3319,3101.5423792023
3320,33310.2183590529
3321,2537.382924387897
3322,4202.382461604536
3323,74525.68315279635
3324,4864.596208773334
3325,51360.86950672117
3326,4642.376345553198
3327,5413.050710252486
3328,55091.727771995764
3329,17220.00822973537
3330,4920.215482002851
3331,5414.754368173915
3332,5340.3322472527825
3333,42672.70384360411
3334,54115.558825900414
3335,64028.814112944725
3336,48358.226865393546
3337,53386.21943023088
3338,59466.89874698138
3339,38115.625218926674
3340,58921.079732659135
3341,2800.9255305006745
3342,11353.863930251317
3343,49830.43679412076
3344,6610.562338935694
3345,39124.147424165305
3346,6200.352458301473
3347,4971.758359311385
3348,7087.623014974552
3349,41349.45374222625
3350,54336.46333545011
3351,2731.9819442742137
3352,3081.2754062877384
3353,5349.391634823613
3354,33530.88896199779
3355,4065.3062547305053
3356,18902.018054508506
3357,4922.4826039067975
3358,53637.22670159141
3359,2805.2210409150666
3360,5878.479381357258
3361,47358.40165499566
3362,5593.798009011072
3363,75975.60687608806
3364,5250.853516771767
3365,24354.776785927745
3366,6357.970504439272
3367,4031.466346801611
3368,5635.922072754314
3369,46155.75289660377
3370,51145.45730877612
3371,3038.2080118293193
3372,4518.513308019011
3373,5485.684342279944
3374,11091.94945753274
3375,5896.1487264136495
3376,4622.958279282023
3377,43632.21983174011
3378,6962.715981274732
3379,11054.559717962733
3380,5735.91041761495
3381,48886.847756968506
3382,29506.784218617715
3383,6285.480625573185
3384,11378.305406553496
3385,6362.467784961124
3386,31232.282909196332
3387,45249.92798930971
3388,2941.7591962780198
3389,5317.129673362109
3390,14171.670118308444
3391,48437.38243350286
3392,6348.5050081054405
3393,35473.01994455885
3394,2215.8533208098147
3395,6184.23829420569
3396,58777.77185380659
3397,1672.7852771073408
3398,51830.22698667237
3399,4209.889104833255
3400,5328.471129988033
3401,4477.388188866317
3402,57237.32917067497
3403,4792.6296819802465
3404,7201.307211144006
3405,7547.200977963209
3406,6406.882138838655
3407,43478.08906058052
3408,2957.969507341527
3409,7058.386553356801
3410,7619.964818521285
3411,5994.041017292888
3412,13337.661273035708
3413,5861.221583726515
3414,4746.055602319049
3415,3903.743337718856
3416,4513.673794265986
3417,4032.1542896171995
3418,11263.001262696267
3419,4517.499090528557
3420,2106.1128815610455
3421,3854.9490855819136
3422,5631.595243985112
3423,7688.81331664728
3424,60118.94767097077
3425,5094.199929992429
3426,5123.588803824733
3427,11686.862510283565
3428,8041.5844399477255
3429,3771.6687565818665
3430,5918.320622777419
3431,6477.263572784763
3432,4869.749276952505
3433,36807.70376700854
3434,5050.4499057688445
3435,2832.152896271992
3436,3854.5565232094027
3437,47842.68478491389
3438,51450.2535412584
3439,4908.60045514738
3440,4439.170997766609
3441,2462.316713279471
3442,4424.9129290513665
3443,8523.58448412412
3444,9361.423665072733
3445,5433.940746171698
3446,6969.116407171415
3447,58295.48210833468
3448,3926.2768140944245
3449,19521.827817390797
3450,5022.3712384190785
3451,3097.653523273637
3452,5705.833984465409
3453,5881.205586766743
3454,3045.822649196147
3455,6626.013083329593
3456,7336.719686248657
3457,7838.221992420111
3458,4096.235601287387
3459,2573.7082634823655
3460,5065.626019429589
3461,10652.844235658433
3462,58119.80888971782
3463,11727.552817135156
3464,6221.345397787331
3465,4248.934492842731
3466,3922.471503377739
3467,58807.67650785081
3468,3212.3155188127143
3469,2494.5626151580236
3470,8894.313247405411
3471,56578.36866495672
3472,4978.408220787765
3473,56304.79453920195
3474,4791.613707077067
3475,10622.10811261611
3476,4096.843595186609
3477,69423.51721925131
3478,7690.862743009794
3479,12450.162704405888
3480,5948.024251749432
3481,56326.20645282187
3482,6099.685453449312
3483,3449.155115118739
3484,7134.36772253569
3485,45370.3226103072
3486,48233.064914751565
3487,12925.859153649915
3488,46443.12119655088
3489,4307.0595163170765
3490,6399.02207673301
3491,5207.050867155908
3492,38436.42926146048
3493,2493.680608633104
3494,55581.20357443264
3495,6388.196436721188
3496,1712.3193551917539
3497,6316.225880095579
3498,32588.715998502325
3499,11920.510475318515
3500,3671.0950859922773
3501,7143.8316019004515
3502,7589.414288301527
3503,8663.712689373957
3504,61504.74610547329
3505,9119.01211126919
3506,6187.502210483701
3507,6404.264039563661
3508,4853.398826945369
3509,6320.056121332636
3510,6915.937488615139
3511,11857.214760469076
3512,4643.513329427093
3513,57962.16488491716
3514,56815.33676997617
3515,4417.956023543181
3516,3652.349579453617
3517,5845.45680721363
3518,7748.236032986601
3519,57187.2875499873
3520,6774.298831470625
3521,28521.501990061377
3522,3649.8688962139904
3523,57838.71187770914
3524,47055.0105691729
3525,55732.37058118065
3526,5648.027863930985
3527,5197.000680004207
3528,55053.348755123545
3529,13828.113382712821
3530,8744.549058083134
3531,4173.340932656176
3532,53937.27150691274
3533,58312.94987824013
3534,18053.272952561492
3535,2735.726511755198
3536,4290.689635945803
3537,3822.1361271269398
3538,58987.418252335345
3539,59685.71222735517
3540,53160.19125665516
3541,7462.552153312924
3542,6954.173891164631
3543,45778.21659134824
3544,4173.031930543309
3545,50268.52498886612
3546,61502.55997366362
3547,6587.194728417375
3548,5202.926688624233
3549,6584.345609832013
3550,58751.986791441974
3551,51163.21512130573
3552,3912.9483470941127
3553,7183.897081213531
3554,6785.146865959023
3555,5435.458238285181
3556,49270.42086628432
3557,6781.698515316251
3558,60106.576040536434
3559,5483.214137421615
3560,7039.031482928802
3561,4073.1854929803953
3562,6495.575613883894
3563,57886.11812513783
3564,12937.064232157743
3565,50060.00603353897
3566,4654.661158261717
3567,4570.290074387347
3568,11575.838033655025
3569,11233.141566817521
3570,58399.16155845996
3571,5348.02245512069
3572,1754.1426583869086
3573,5482.0130578598255
3574,4846.421937666779
3575,10851.643066279528
3576,44942.57860062484
3577,10359.769632129815
3578,15176.143809906112
3579,3295.5163598976233
3580,6288.962469664184
3581,3230.038568221561
3582,54812.99726326862
3583,51099.41305753138
3584,5654.417387476419
3585,2262.2972696632446
3586,52328.37026383226
3587,9463.35336242372
3588,68969.28836853795
3589,4386.2471340747
3590,34750.95707956154
3591,5096.677370972922
3592,5296.738822947588
3593,15759.2203913002
3594,5515.719564268582
3595,2274.062630335116
3596,6313.84736560079
3597,3648.37378695155
3598,6084.39742182718
3599,7491.827319278082
3600,6579.1394147362935
3601,6488.762485705217
3602,63064.89216262536
3603,4925.766082502708
3604,6307.588411939908
3605,47252.84597184355
3606,28866.9298733722
3607,5868.276139714081
3608,52023.90131582484
3609,6368.128459540094
3610,51162.691862100575
3611,9760.930508842686
3612,52900.1690687477
3613,4554.047751287542
3614,49315.48139413017
3615,46236.101232472094
3616,57100.582216974784
3617,6031.0872685312315
3618,5419.336159452921
3619,7739.063295085388
3620,6014.079669490548
3621,5059.1346536018345
3622,59923.39178706581
3623,58383.29589823273
3624,57024.9940750711
3625,6314.953417006628
3626,57357.99828822146
3627,56012.46567305835
3628,9144.046513170473
3629,60274.99029910645
3630,62704.47924174646
3631,3977.6573094520054
3632,5895.1703100534705
3633,58133.18445085772
3634,4789.969608342357
3635,11478.993330667832
3636,23305.587065819167
3637,6041.381580970972
3638,43355.07703561152
3639,5307.394636525526
3640,7057.539631972352
3641,61453.29316420933
3642,6760.9441855057485
3643,42822.67677995839
3644,42296.38036326848
3645,11884.043051568933
3646,8390.335759053582
3647,55895.14202578444
3648,3060.1778538653775
3649,2615.824910338304
3650,59185.716645747874
3651,8914.24997733693
3652,7243.365637840011
3653,11331.63022391517
3654,52328.95010081862
3655,61218.542926319096
3656,44899.094186330265
3657,26180.10677566125
3658,4374.8063439977805
3659,5269.457918875543
3660,8557.897229990363
3661,4434.854627887368
3662,26504.838722060795
3663,6905.135074432426
3664,37213.26135926057
3665,6393.688193562497
3666,46568.51266384778
3667,53737.668426382974
3668,5957.272381992263
3669,63350.074839942674
3670,5107.596671806159
3671,56285.36524057986
3672,5404.263284845226
3673,3458.608028437753
3674,60971.34759211621
3675,9052.737778271303
3676,5439.932746060353
3677,8316.94284481377
3678,49337.78229063683
3679,4884.774033336785
3680,7510.243457486815
3681,6552.469672163026
3682,4379.975617665537
3683,5672.435642422964
3684,4646.083207714741
3685,3035.001353730928
3686,6260.7701425317555
3687,9265.961290826112
3688,62434.28102622323
3689,11460.655947111884
3690,5827.899326294938
3691,4904.086946410678
3692,59373.0700794689
3693,5992.241250550682
3694,2482.1398340609826
3695,6005.807973377758
3696,67073.44239313282
3697,4046.5535902090496
3698,7398.6467700542835
3699,48277.89921416566
3700,8054.650206228182
3701,6149.633004652983
3702,5143.458029141517
3703,5092.213207093539
3704,5285.673461571309
3705,5794.547326087292
3706,1786.4065021272463
3707,11570.603470976355
3708,4092.868211625902
3709,4217.02932671269
3710,6814.130042483526
3711,6709.307373196334
3712,6477.93989367325
3713,52166.22392611821
3714,3034.649963722582
3715,4809.917722355309
3716,49086.85447660828
3717,31360.007003813716
3718,4943.278285774705
3719,8444.354071497008
3720,38310.48858066511
3721,4478.4253371026225
3722,6827.813458619878
3723,4220.010715255956
3724,5908.528985710531
3725,6142.728114967634
3726,40802.77098110631
3727,16781.04634874215
3728,3546.5156957612267
3729,40775.55043884928
3730,5366.701496385063
3731,43287.772981490314
3732,5609.658758864266
3733,3349.7689100979524
3734,7052.013497750445
3735,5639.607724768143
3736,55772.013393460875
3737,10392.697386166972
3738,62847.321669918325
3739,51579.59827497568
3740,5887.4111072259575
3741,11428.912149431777
3742,7180.671946206396
3743,7843.7232442598
3744,4350.097211054401
3745,49401.59375290809
3746,5953.017626702408
3747,5009.7955494550615
3748,10028.7326568216
3749,7279.055044772873
3750,7421.812209063866
3751,7504.783446709864
3752,39518.94388676865
3753,3990.319163376937
3754,63458.50994780153
3755,62003.905359095676
3756,53196.281829074505
3757,5235.828665228554
3758,11416.08065448644
3759,6938.193375038385
3760,48052.11687431407
3761,2665.125144166618
3762,5992.718407290911
3763,6941.533029622242
3764,30942.54429681611
3765,5229.0387576023495
3766,6366.69636791649
3767,3817.258044263119
3768,3150.6165357296854
3769,29032.41961718336
3770,48720.32668175163
3771,7308.802209533745
3772,8069.601505473329
3773,5626.909900521023
3774,7548.877145155205
3775,10113.193548174166
3776,4359.424133819912
3777,57750.06395588271
3778,9282.352653768801
3779,61848.43567410965
3780,6046.47011056221
3781,50848.98037053575
3782,2499.131974095936
3783,7931.926915440198
3784,64328.22812546194
3785,2826.0093664522274
3786,5271.928228232014
3787,4257.986235634325
3788,66144.59940200759
3789,4984.090636480441
3790,5808.95107890773
3791,58751.986791441974
3792,4373.659999534873
3793,7456.942069565155
3794,6131.281573358368
3795,2743.545168973642
3796,6362.889723358588
3797,9367.915869750708
3798,50086.053708050116
3799,62629.38856936687
3800,6020.315045865142
3801,4979.994254654114
3802,53548.95327706575
3803,4129.931263470529
3804,3676.7404471852833
3805,4563.774806211886
3806,2179.48587374425
3807,11688.20609814543
3808,3314.921982931839
3809,5229.827669403443
3810,6975.715732811998
3811,9390.593946037236
3812,5012.988595569698
3813,4090.386072124044
3814,5110.314763257656
3815,4882.954878765031
3816,4360.679930094162
3817,12698.202099597258
3818,5070.627415298657
3819,4671.293634481571
3820,57483.00516989906
3821,66113.69709242161
3822,13473.851717472437
3823,18477.712573635392
3824,11490.024061663744
3825,4286.191899578771
3826,9611.505812832835
3827,3242.6029037000244
3828,59916.00327140727
3829,7282.134880803054
3830,54221.80588231499
3831,64848.78384264511
3832,54221.89694981049
3833,5502.577728533209
3834,5358.591525118736
3835,60673.350856122895
3836,37461.37487071305
3837,61476.73314771696
3838,53180.529279563874
3839,4026.7977995437045
3840,2530.3651996519816
3841,4347.497447228606
3842,32675.280322970077
3843,7258.432315967034
3844,54388.69013350076
3845,54892.38837948648
3846,3273.5719559225026
3847,6162.213926192314
3848,55666.728173405056
3849,3880.7180548611605
3850,4518.3203490536125
3851,3586.583054942964
3852,2757.3627367517356
3853,61512.98526294972
3854,1998.4571385993827
3855,3453.4806757490687
3856,38267.754463887286
3857,47078.018991503544
3858,28012.146598706386
3859,8657.72113417005
3860,50172.09909436008
3861,4338.988190912921
3862,13266.98534972825
3863,57798.095830007114
3864,4864.881387105326
3865,8953.396234242133
3866,4548.075803164048
3867,31881.81093768444
3868,45324.826171249166
3869,4612.168294396471
3870,4088.8627439824786
3871,5802.942601886794
3872,2265.4680946026356
3873,57502.30720123834
3874,3535.677132315881
3875,11950.474987406655
3876,7199.945120485044
3877,41921.81282723088
3878,6306.1863635282125
3879,6221.045633045018
3880,4448.635910467466
3881,2666.8923635323567
3882,58999.63402506686
3883,3991.111957579808
3884,20763.573613850098
3885,64138.428940346756
3886,3408.0579147852973
3887,6449.276105256302
3888,70973.00805608615
3889,44932.53046702675
3890,7108.207155260468
3891,61946.61833080765
3892,50323.06214415898
3893,8148.196050182715
3894,62811.927029790604
3895,3212.7141334915987
3896,7511.346560425999
3897,5899.900389895671
3898,60968.62538068939
3899,7221.926407004545
3900,6870.3215492500785
3901,5307.5156959988035
3902,23666.763594546268
3903,4644.900968585526
3904,6327.696616182989
3905,73848.27016716042
3906,3619.626686260854
3907,68536.72818160278
3908,51031.7231009334
3909,17352.983212868956
3910,42824.813387233226
3911,8335.54149333502
3912,60059.34143676226
3913,47293.02866561331
3914,9894.91009951002
3915,22407.152585528755
3916,4626.65596031437
3917,3685.029152153946
3918,13347.718347656792
3919,4197.149372295446
3920,2986.445098062668
3921,3313.5570471568335
3922,10469.146953328489
3923,6902.7914703560555
3924,48730.251716591185
3925,5022.410947957361
3926,59493.528169350146
3927,5146.93016007183
3928,5298.372217942791
3929,51192.83963310654
3930,5307.188515180076
3931,3212.325998105125
3932,3784.5989043619265
3933,60084.52837256919
3934,53930.58241763772
3935,2380.1030009417154
3936,74647.38509184321
3937,11338.20715026191
3938,2972.3043483491856
3939,54465.01426173925
3940,14218.01771231087
3941,6300.65488191493
3942,67017.53810539944
3943,6895.099343095531
3944,6314.703869852453
3945,6360.483141730086
3946,56412.0442571337
3947,52046.267413750145
3948,53391.40161983059
3949,13322.654219804914
3950,5590.836816776548
3951,11095.155933830696
3952,52685.608945183725
3953,4224.6470019260505
3954,38536.43801894394
3955,4426.834807816314
3956,32942.192072497586
3957,59574.19166305806
3958,62040.93677957783
3959,6388.335204227364
3960,3228.5498050564934
3961,2771.631176412843
3962,8073.39866196016
3963,5254.124236961108
3964,46022.11228707916
3965,57128.036411642846
3966,3473.776440419042
3967,52072.67825649942
3968,45216.76561349721
3969,5940.9045745880685
3970,4027.7325988033977
3971,4324.513939664917
3972,6083.763193827195
3973,6804.646575218956
3974,49018.84621648586
3975,5987.3343241725615
3976,11831.774986061915
3977,7246.5064005715685
3978,4287.410801391099
3979,4812.343219155124
3980,59650.824860709574
3981,3251.0984372112275
3982,5204.852726834976
3983,6211.536091396564
3984,45495.33860031228
3985,62238.812270403556
3986,57236.24674929663
3987,56629.8241412078
3988,5040.784921081392
3989,3115.5879941313287
3990,73733.46329267068
3991,5414.25873160485
3992,4638.525890047016
3993,57133.18441105997
3994,5565.789925176512
3995,11693.725796315823
3996,6421.317177036279
3997,4544.408964292506
3998,64265.958139661896
3999,4603.905200691646
4000,11531.816722717027
4001,6077.3060882827285
4002,63945.41218273014
4003,5084.043627455453
4004,11748.647522791445
4005,3155.8631439873952
4006,7644.802877216635
4007,51497.553290396565
4008,6398.917655700765
4009,50785.58597967987
4010,54575.51657951215
4011,61636.21103370031
4012,52978.077467529125
4013,7943.862785996097
4014,54303.1657807796
4015,5331.205804265761
4016,3018.423773922588
4017,5708.601966804798
4018,7563.533154309663
4019,5399.9063658795285
4020,68701.67746738845
4021,28128.101493080798
4022,10198.799954220092
4023,6751.42934664468
4024,9757.241638074822
4025,60023.00789928315
4026,14467.154032930586
4027,41911.971434010135
4028,42609.070463277516
4029,1830.2677581077614
4030,7507.56095991234
4031,69743.9408229851
4032,54169.86089680443
4033,52126.769215373584
4034,2324.1657175471078
4035,2385.7435084353096
4036,62278.32520471673
4037,51173.81181452785
4038,3948.39294336789
4039,6146.552445114728
4040,7085.903743113135
4041,4371.76754979928
4042,9282.183060366851
4043,6275.022948698792
4044,6711.834785144241
4045,7536.122440280846
4046,6895.739376471197
4047,60326.87680340242
4048,5785.121862724978
4049,7543.191507279844
4050,55524.96627940436
4051,60045.11740450988
4052,11066.930992178244
4053,51630.47082663774
4054,56301.266248201464
4055,50561.1694061984
4056,5291.207284165384
4057,1891.9408985397515
4058,6183.147819767613
4059,4221.928734940501
4060,7657.846377862428
4061,32328.390299127474
4062,2431.408995041911
4063,61955.025641967986
4064,8048.188614743284
4065,7035.807745944898
4066,49196.432876111605
4067,4899.084790178801
4068,12458.927644692194
4069,5443.49030314527
4070,39656.38001900881
4071,2787.7050025157246
4072,59562.404192211354
4073,52457.61424890498
4074,13292.394775520617
4075,3820.687232221574
4076,8800.251837863223
4077,60170.809898503816
4078,49688.83929124219
4079,6506.336671746734
4080,62300.818197936605
4081,4696.027946660053
4082,31123.527016892345
4083,5847.778090741482
4084,56609.87703735156
4085,57898.89098894558
4086,4369.479662603039
4087,5006.590412305875
4088,41193.31752555019
4089,2281.0129092040065
4090,50553.86109616494
4091,3697.8483665923745
4092,6233.409049018989
4093,53898.86541582961
4094,52274.73481010352
4095,47939.33129220435
4096,10375.050219793624
4097,5915.583588134688
4098,10134.803037074864
4099,38894.132566605214
4100,8270.352047601204
4101,47661.96610115128
4102,5944.073675869487
4103,5581.121017023908
4104,4686.833703388295
4105,5780.386852173075
4106,52478.21141549492
4107,14143.793366099913
4108,4931.451757311768
4109,5548.895120659639
4110,6446.073870938715
4111,7782.288298430101
4112,2001.728082531039
4113,14266.057671379276
4114,4406.08048570578
4115,2645.1414018747246
4116,4562.880317256729
4117,4995.034995582603
4118,5955.879651815476
4119,4451.485280781046
4120,54848.53760757134
4121,6894.653187698971
4122,10502.005025028378
4123,11420.132987225274
4124,4755.657098352504
4125,5577.704393318085
4126,8956.087316420926
4127,4712.750818709754
4128,6047.330250014849
4129,4206.53985277465
4130,15679.903298214169
4131,67810.22375594203
4132,50296.32017694142
4133,7328.780603135704
4134,4201.341868742113
4135,4135.490688800025
4136,4183.581525091388
4137,10879.459154847536
4138,5101.61983913455
4139,2081.406305830495
4140,4687.030057418466
4141,58250.36820939781
4142,5601.488962256917
4143,4710.022932266136
4144,6704.356758271258
4145,7127.453222634257
4146,6069.597733445807
4147,5710.855368757181
4148,51244.69620123261
4149,47179.17473717185
4150,12543.862463910167
4151,22456.773792952903
4152,73896.63493126043
4153,11946.314885847822
4154,51851.757896158124
4155,48098.334560114265
4156,49066.2325741487
4157,2670.175623317641
4158,39852.651252419724
4159,4016.5667097136693
4160,9208.440276527186
4161,71690.66033675382
4162,4284.837875317818
4163,11990.997568461516
4164,31216.04444528383
4165,5745.631709031497
4166,5823.917463357135
4167,5197.255922523105
4168,7371.4453799873245
4169,7338.528681336118
4170,33364.63977282253
4171,5605.7126888222965
4172,3904.3912281163334
4173,5055.963147010248
4174,6163.499583088308
4175,58445.95229803203
4176,38627.611023462174
4177,7514.1467471997075
4178,4515.289938757544
4179,51103.077683511896
4180,67519.73460251711
4181,43756.34940915994
4182,52729.817485414154
4183,6936.74589047279
4184,50817.08195854834
4185,4001.0119813841375
4186,5950.345303484001
4187,11430.213376613012
4188,46949.42132553746
4189,4214.26009029942
4190,47373.94657331612
4191,53442.649380061
4192,5018.343202540056
4193,5305.356883877389
4194,1897.683326696992
4195,10596.879920346395
4196,62013.51190319553
4197,5475.522406405752
4198,14068.357893907767
4199,6158.5856859187315
4200,6787.772559486121
4201,56270.18698679122
4202,1873.3294761339748
4203,49149.54746754098
4204,2396.4986975831857
4205,7327.944039627959
4206,56810.96204561576
4207,49717.04077759576
4208,61401.25485473547
4209,5126.282666697771
4210,5940.752767960531
4211,4181.756656525749
4212,9475.679966999547
4213,52077.48726601595
4214,45768.699803741445
4215,6176.472583817278
4216,7238.093305201681
4217,4939.101822486492
4218,5096.37079832989
4219,2925.1642042755493
4220,2846.7090736384876
4221,1714.343820858327
4222,50104.70510209008
4223,6815.864758158124
4224,6020.454515290623
4225,54721.67672684563
4226,58048.92621040761
4227,62813.89763019272
4228,8878.787147322457
4229,6976.359281593989
4230,5015.584675288726
4231,30147.663506563968
4232,4039.067692889068
4233,6747.68414822876
4234,63060.40294536729
4235,4180.166112560526
4236,52196.23817964369
4237,6045.094832653356
4238,44673.746204803596
4239,5421.329472021385
4240,47640.4458849574
4241,50982.75767893412
4242,2932.8498296650846
4243,54594.1286721789
4244,55918.44332942651
4245,3971.228833465305
4246,54787.404800553886
4247,53767.59450665897
4248,5884.869403403363
4249,5921.818092098635
4250,9111.96023543115
4251,12093.591971216909
4252,5215.684447346577
4253,4775.822042413738
4254,61963.81126403288
4255,3659.8095749467416
4256,44210.103703893416
4257,51678.935757204534
4258,4751.365947386731
4259,5253.922346981564
4260,6555.460664184951
4261,3090.856382698848
4262,23113.56689308551
4263,2323.9590533844253
4264,4857.301339536563
4265,6069.597733445807
4266,6683.653293458501
4267,49791.54722108915
4268,4379.133652569078
4269,6390.912393172086
4270,5582.977172804356
4271,27464.366591065464
4272,10225.284211583694
4273,4027.714658033673
4274,51337.588305635785
4275,4928.356906431336
4276,52016.53708331512
4277,58562.575310251894
4278,13187.288738970165
4279,55165.36461583125
4280,54609.84450166394
4281,6897.293532456373
4282,61965.57647335663
4283,3301.636008320873
4284,7140.198141410197
4285,2408.8526835185967
4286,58576.97663366055
4287,54866.847297598026
4288,6697.202781675303
4289,2262.5841946733485
4290,8924.82327780447
4291,50443.45387540765
4292,5635.333107461802
4293,11346.467834297811
4294,7367.493235694949
4295,43017.984048804705
4296,58968.02879274172
4297,5529.565112716317
4298,3013.3601016056477
4299,32908.38653289288
4300,4103.406789005873
4301,68793.02909895233
4302,5485.007451051763
4303,4306.167641208193
4304,59990.93414142215
4305,6887.738451602252
4306,56608.171159576304
4307,3950.432561737739
4308,56760.59864392828
4309,6349.427126009492
4310,4521.847203048644
4311,5729.509996870438
4312,2997.929439171976
4313,3636.4526551177523
4314,3170.656287347998
4315,3888.438262056665
4316,1981.0009400808678
4317,6541.3902623276135
4318,9764.533540261724
4319,7024.012592805478
4320,63073.490589579145
4321,5789.339408889773
4322,5119.395302292578
4323,49536.743770447385
4324,58837.218237370245
4325,5777.9577940528625
4326,7407.06340366793
4327,4582.5543280005695
4328,7281.6496076160865
4329,57391.31809484897
4330,6408.503777626886
4331,52425.9881921028
4332,3795.2270609636644
4333,4688.619038495881
4334,60231.9955471658
4335,55893.73248572975
4336,6810.217460544083
4337,2937.697201836073
4338,3718.6109085805624
4339,3422.6573184185254
4340,46266.284529940844
4341,63255.55599504396
4342,6262.4874531169635
4343,50646.21470062348
4344,5201.51151190901
4345,3198.8658142315753
4346,5171.774585830271
4347,5759.961929493535
4348,4816.114914350621
4349,4238.012677544211
4350,9765.724330027684
4351,7666.233102220361
4352,6513.247878896589
4353,2853.162025489961
4354,50953.55200432228
4355,2933.8137913366027
4356,6956.031724914133
4357,8599.974725305068
4358,4985.065452042933
4359,1625.5805788697467
4360,66624.3793318435
4361,2170.282202175887
4362,2274.446705469054
4363,13860.856945154444
4364,6632.950328565974
4365,6904.178352384499
4366,6063.9614378079405
4367,53677.63077372759
4368,2595.0295293373815
4369,3849.8929905413665
4370,3998.0364129724917
4371,5041.72550836155
4372,22547.94363924368
4373,5768.818281982323
4374,3534.1334271126275
4375,61403.87835090898
4376,47388.59451619242
4377,5318.830845269585
4378,48701.65997203415
4379,5835.929858317274
4380,41664.93617091146
4381,57765.601228119354
4382,5499.480473042554
4383,6865.59158105368
4384,6955.891839949681
4385,24102.31104756333
4386,10829.424460655799
4387,46965.69449694085
4388,7787.975548019252
4389,4528.011754146874
4390,4471.0347383374
4391,8253.34856537219
4392,50641.45879736335
4393,43358.202832858675
4394,51795.90002759474
4395,17715.871629207748
4396,6471.592829076188
4397,5951.671088685163
4398,5884.705721822299
4399,6596.975009686244
4400,32725.409329632315
4401,7969.460942607246
4402,66613.81703831872
4403,50022.90819479867
4404,9491.708081535397
4405,12557.6191518962
4406,13148.189640769717
4407,6276.789447827457
4408,7162.7027319187755
4409,14752.439530160993
4410,5300.866574373015
4411,3535.251449617171
4412,8328.560474177404
4413,3217.288393045739
4414,66406.39893221568
4415,11168.446200724327
4416,13236.691812640653
4417,56540.414047777704
4418,6505.130573918162
4419,6275.068126371183
4420,4169.404808682215
4421,5885.109223290152
4422,5297.853274503538
4423,49617.66445595333
4424,6603.430330955873
4425,49663.24102609671
4426,10212.787095335229
4427,1626.248979199473
4428,55630.84640908542
4429,4491.344475362976
4430,5563.567968844929
4431,6977.372016429591
4432,6069.990492910198
4433,32287.96562671079
4434,5342.899975118184
4435,58928.16948458284
4436,14747.763287907463
4437,4595.517024411533
4438,6187.6946313872395
4439,5464.593193760659
4440,48904.760565901015
4441,42732.52857637155
4442,4301.378329941594
4443,5304.051885925999
4444,5474.6864896774605
4445,7321.314017351082
4446,6828.428614211951
4447,8106.971616424958
4448,4026.090188256325
4449,4760.488280607309
4450,10203.760662316608
4451,5078.017666016494
4452,58940.690928662705
4453,1810.1165421107128
4454,10060.817520966233
4455,3394.124717439221
4456,6449.515435929111
4457,2423.037478086897
4458,6305.314244238705
4459,11242.76192185749
4460,6507.356165378553
4461,6457.002115424411
4462,6078.238105504493
4463,4043.850209609126
4464,11199.827654803994
4465,3214.780644629802
4466,66095.27529859095
4467,4658.882763315147
4468,5632.796278432741
4469,13072.079964635366
4470,58100.72778687683
4471,64140.08181096308
4472,53320.73959165153
4473,57333.0486924633
4474,5834.205230433508
4475,3826.0062517025626
4476,7473.07333342447
4477,4620.0004881906025
4478,33048.63891204808
4479,12827.966747910488
4480,56750.84176601677
4481,3622.08550062578
4482,2871.3811308225795
4483,4039.795534484485
4484,5639.817045986027
4485,22856.49897915399
4486,44588.13473172774
4487,4732.475742255741
4488,3029.7977668587364
4489,2286.452972948347
4490,4301.526844747741
4491,3405.9051538339504
4492,8629.899382262827
4493,3198.606283252044
4494,4938.157843584528
4495,10531.42092737685
4496,6738.862439006429
4497,13572.713682086527
4498,7171.798550319294
4499,61954.011625555526
4500,4360.1995064904495
4501,5097.530505992132
4502,6218.543573316438
4503,6024.400091392929
4504,10567.3473827991
4505,7380.425484113048
4506,52313.3523516074
4507,7285.589415304386
4508,4811.136705297277
4509,5687.204614052571
4510,4718.904372282581
4511,49236.92531023518
4512,4415.681825631657
4513,4062.3751075824302
4514,45975.88860781537
4515,4807.466399955416
4516,49816.85375503436
4517,4236.623086355043
4518,4519.6140360470945
4519,8021.353365536552
4520,56412.656737210404
4521,7002.949482901048
4522,33567.92170701916
4523,5279.702917611162
4524,5594.057874040436
4525,53076.64014565754
4526,3660.576146347982
4527,50995.02987880638
4528,60930.65494462745
4529,61256.91406600579
4530,5545.150155715405
4531,50647.72265320875
4532,3047.3566523475847
4533,5282.36568251945
4534,59102.99625401009
4535,56744.04764688966
4536,5354.36532070883
4537,4717.001009703232
4538,46032.07832425476
4539,4041.8929232206397
4540,5701.266878939459
4541,45519.92167280537
4542,5900.865355843839
4543,6019.333477815853
4544,28551.164404253715
4545,8259.541872888502
4546,59192.700192922704
4547,11912.334710324702
4548,12329.937110496476
4549,10597.719542550201
4550,2056.7522393851887
4551,4697.189339453196
4552,54171.55787902538
4553,6282.105063894214
4554,53442.19750379694
4555,5124.79309382048
4556,11490.130709520534
4557,7049.126497749362
4558,57522.12287712083
4559,8702.057102160737
4560,1602.7589680703566
4561,5871.157853329308
4562,50571.70838508088
4563,4584.274270875344
4564,5151.951939497018
4565,53313.219197909755
4566,5377.020356900088
4567,47077.64383691538
4568,4024.845676448571
4569,14840.07888982318
4570,4314.703106126377
4571,4580.154953152656
4572,6803.553528464425
4573,22069.30153638395
4574,5218.7268529771045
4575,19412.56636832916
4576,4766.394678129699
4577,3882.4569492872074
4578,52459.80525590257
4579,6419.162869152067
4580,7675.265181091186
4581,56514.85972352981
4582,5357.631564700941
4583,4662.4384815445965
4584,5600.56827561077
4585,3484.8418711532613
4586,10356.136871196675
4587,4571.819798205714
4588,4896.836818932253
4589,10487.644514607582
4590,51592.425649407465
4591,56788.398833858366
4592,2045.4826558494226
4593,5625.685950742629
4594,9325.512047044042
4595,4436.392038409924
4596,2536.6576817258697
4597,4027.1264734828374
4598,6124.24742666398
4599,2149.6161353433054
4600,3884.4654456842227
4601,4129.088955884717
4602,7476.38782488394
4603,4995.326476865373
4604,4999.4777631347515
4605,5569.839221894584
4606,27221.51897412218
4607,2576.5813720983815
4608,12391.69869707541
4609,4642.699035648616
4610,10263.605799675324
4611,22851.264944956885
4612,3317.906456565258
4613,4610.897990245591
4614,6928.416427313818
4615,73129.61538949962
4616,17121.055688483124
4617,59648.79982296331
4618,5282.698776306761
4619,7907.647681232884
4620,61359.095660328276
4621,2085.8708192588983
4622,10709.374544185313
4623,11395.456858215066
4624,6067.780353819293
4625,6386.044590731339
4626,6377.961317919199
4627,4192.226206751544
4628,7709.740830899525
4629,2452.2324391461216
4630,6005.005646419038
4631,3845.49665326307
4632,7859.229997069031
4633,46530.9565197536
4634,63601.36192159746
4635,2151.817872673069
4636,7079.288889829709
4637,7381.7598029357505
4638,6655.936395649098
4639,2673.716726031397
4640,3564.7116685668498
4641,20732.59336079868
4642,5341.595676494093
4643,4943.801955276635
4644,5910.580148129301
4645,6668.865552910391
4646,58389.44132111624
4647,4726.2193276848175
4648,70948.16571149285
4649,57199.17392421723
4650,7219.430324320162
4651,5774.074662913647
4652,5068.677835010717
4653,4463.794491528323
4654,1869.703655732602
4655,10987.867059029673
4656,2325.778742851018
4657,56883.40857662738
4658,9351.602208867891
4659,8542.396846958529
4660,5148.055005539762
4661,48374.08847027029
4662,5708.380031890181
4663,4863.84259435481
4664,58373.05236271783
4665,57101.586775784854
4666,4348.1008706082575
4667,7085.697410762845
4668,65702.45570790005
4669,3232.0417700668404
4670,46245.26039614362
4671,49063.83620524949
4672,21838.45729721416
4673,2605.266110652324
4674,3814.9930404504366
4675,4193.384841401787
4676,5524.110181075888
4677,5498.936011577783
4678,62197.72933469098
4679,5786.262112752924
4680,65910.05968591273
4681,60929.100870747665
4682,4009.0189085057905
4683,10001.146923075887
4684,6250.508731320111
4685,11386.429613124372
4686,58928.473349708394
4687,3824.959574575366
4688,14440.399679663467
4689,6568.662785513722
4690,47805.71422730535
4691,1637.3952349652752
4692,5968.726938296862
4693,62004.934109323636
4694,41883.13873845038
4695,5241.671594566065
4696,57211.722413835116
4697,12441.958348593258
4698,16428.09887692102
4699,4982.893389866238
4700,4205.535255508555
4701,60011.912492344716
4702,69332.40615300846
4703,3324.3638660723586
4704,46873.228906727905
4705,3663.452102861884
4706,9723.770521821154
4707,11543.917542678482
4708,6587.318650898548
4709,50792.92956677792
4710,12350.195418829897
4711,6009.051458174465
4712,7876.107655930034
4713,4549.286102020172
4714,51378.28413739639
4715,7127.913815174974
4716,5253.92651655578
4717,12269.89507691082
4718,10430.139236882203
4719,3480.3065417415937
4720,4848.064363777291
4721,23836.99628059504
4722,5715.980471649956
4723,4987.507584908896
4724,7298.944037132775
4725,11439.184340811436
4726,6138.101062873593
4727,53219.48151962658
4728,5662.759163099633
4729,60965.03421535663
4730,9980.301586766805
4731,6140.2048440575145
4732,6158.001301459075
4733,5709.853326854945
4734,2679.9672095298815
4735,5424.272759733231
4736,5341.700468379106
4737,2788.9666056559663
4738,4684.675042798202
4739,60330.38981015608
4740,5514.813119921186
4741,64259.329776738974
4742,52870.134177849766
4743,4516.560061680532
4744,55842.65740547778
4745,50344.21088345593
4746,20357.894105053656
4747,6865.043346729872
4748,50057.42949633189
4749,10081.234880557658
4750,4269.77692597238
4751,49388.02182045362
4752,6213.897305854316
4753,6381.984787404229
4754,5365.980130175112
4755,54295.001913255124
4756,5923.958103996536
4757,7603.059426507341
4758,5378.066946073544
4759,2652.268253764618
4760,29329.597444302035
4761,13022.840757478756
4762,2896.881234462511
4763,3010.7421217418187
4764,6247.955593289304
4765,6777.451072589956
4766,50208.033748243106
4767,32764.608032190197
4768,4297.791938062815
4769,5780.548487707681
4770,57720.947699260134
4771,3128.8024317135414
4772,5797.839904467396
4773,5768.445292428683
4774,21098.51301217121
4775,8073.224577087992
4776,5116.0093858486725
4777,3588.763565479608
4778,4235.653746615817
4779,4618.07518272666
4780,2890.4772223401583
4781,5124.543913030157
4782,4996.191710439502
4783,6221.089423747033
4784,6836.3308634968635
4785,8199.886217448737
4786,55193.42765180336
4787,2610.615957066464
4788,14501.198348863287
4789,5378.720554934484
4790,5506.0900298205115
4791,5735.583592643208
4792,3669.3981766679535
4793,4716.709332559023
4794,5965.651011078578
4795,50948.914718711116
4796,4849.146729940732
4797,46580.47660296732
4798,6002.966898442894
4799,65581.53175224604
4800,11721.04503155455
4801,3578.827928793548
4802,55235.85237359963
4803,3857.681284787532
4804,10341.029502233701
4805,6563.627841763446
4806,42651.1182055052
4807,52848.20482397909
4808,52853.5164952588
4809,3175.9429302069916
4810,79860.72082821964
4811,5324.615670632247
4812,9631.331765162338
4813,21111.635447151333
4814,11468.629560990883
4815,2704.563351746315
4816,2712.4653790845473
4817,6314.229834247786
4818,6978.763912080185
4819,12573.76693893999
4820,65788.3830920044
4821,5483.040176525853
4822,55711.17628848606
4823,11618.803850132026
4824,46975.7195886995
4825,4406.465463469111
4826,4905.319536954931
4827,6786.837290721756
4828,2312.299336850675
4829,7896.610301288662
4830,7043.72401258029
4831,54413.9230282638
4832,4729.868120387195
4833,48805.37853832678
4834,9014.497687642008
4835,60350.710464612814
4836,1989.920184596605
4837,5147.889611526316
4838,7023.976964063623
4839,9289.282098298405
4840,62787.141147059214
4841,68168.08757993627
4842,7792.576458514101
4843,7194.4671532351595
4844,9437.582564465622
4845,55219.18406490695
4846,5787.054555289614
4847,5183.3300675074515
4848,63704.311434638716
4849,47494.82947277195
4850,60116.75462276976
4851,54540.89517389073
4852,51061.57926666283
4853,4583.785542906073
4854,13394.856124794547
4855,51717.85955696943
4856,5034.306885155334
4857,34539.45102966012
4858,5615.574974926469
4859,3329.2127320451227
4860,3399.490197463165
4861,6234.536281145198
4862,46459.86503559899
4863,4917.913912264768
4864,3158.9210356394415
4865,10527.203726837659
4866,6409.241367796064
4867,5308.647237459966
4868,6889.528865242364
4869,60883.15942569729
4870,56296.133457208285
4871,49287.66800746153
4872,9624.010366357381
4873,3721.6130602860085
4874,12653.212949796267
4875,4495.925134364153
4876,3799.110007872208
4877,5853.249525182788
4878,4673.263616804407
4879,4482.990673365128
4880,5168.712193599672
4881,5267.724097583165
4882,7593.437218332163
4883,6552.272625238258
4884,5253.813771323557
4885,3132.044448932015
4886,4063.2602217401595
4887,6080.287096277222
4888,3039.6655349114385
4889,6037.040502621219
4890,7072.0011033906885
4891,8964.95304878756
4892,4775.796543962594
4893,12598.626815238573
4894,9608.621172894093
4895,7479.26815551158
4896,8100.352476576598
4897,31304.734598383136
4898,2997.879218784903
4899,29482.953865252763
4900,43837.01863442685
4901,46910.04518851562
4902,35531.22585296144
4903,6547.913018815807
4904,54366.476897907734
4905,46500.28996805828
4906,6023.114991080424
4907,54601.22920928968
4908,2199.4510965458876
4909,6954.717784971662
4910,6233.604996450633
4911,3312.050071123219
4912,5287.7584144453385
4913,5971.030879902235
4914,4425.199112336267
4915,11956.586203438244
4916,3018.06824122149
4917,4530.009013485107
4918,4908.4803689989985
4919,2698.4373697932983
4920,42660.280375088274
4921,58209.15675514572
4922,2737.379453384132
4923,4212.949643553756
4924,12592.3963923076
4925,4102.155350807694
4926,3301.738957826772
4927,57773.96403457104
4928,43295.975896982505
4929,72523.63954410084
4930,5521.4658665034185
4931,5723.503098979772
4932,5504.4343210024845
4933,8733.668582224082
4934,49793.67805655923
4935,3291.2225500398135
4936,52346.964001455744
4937,3992.4487266625374
4938,6293.920882349334
4939,4935.756752718432
4940,59577.79096733818
4941,2693.696690112998
4942,3006.8638443698237
4943,5845.331470358341
4944,5321.966216671829
4945,5854.724894193423
4946,8736.208737111772
4947,4590.954937873122
4948,3067.789367030955
4949,59341.138402084194
4950,2936.3291913895728
4951,5938.217997419163
4952,60818.23316905432
4953,12014.405704793882
4954,6029.123065146308
4955,28542.5641888457
4956,3854.6198745087827
4957,36923.018012071385
4958,3355.4302066707733
4959,4550.123703393594
4960,12049.61386605985
4961,5266.041298615255
4962,9856.644532939255
4963,4214.715116430263
4964,22282.107396091727
4965,45511.4244174966
4966,4502.674841589979
4967,7339.29178982405
4968,55827.64964919825
4969,7181.703748459986
4970,2971.4683216104877
4971,6471.93853519629
4972,5463.710692113159
4973,2253.0331862477815
4974,5696.201472067428
4975,3287.6945415216355
4976,11037.782298161535
4977,2363.5342797028597
4978,60865.903354576854
4979,5545.330627145475
4980,5656.852927387113
4981,12971.18719050721
4982,3376.209141924393
4983,2916.882074965879
4984,1497.4317679986416
4985,7322.123578660468
4986,5784.530819237634
4987,7194.800613431416
4988,6124.02544304772
4989,5053.166897304858
4990,13119.36129710438
4991,14946.304872627117
4992,63777.068012862226
4993,45569.164586129285
4994,11228.148738729073
4995,7263.69238844703
4996,23865.050338143425
4997,4928.001765333597
4998,59888.384598082564
4999,56361.55934206833
5000,11910.109733175948
5001,4595.524734538637
5002,5073.7317813843565
5003,5529.464448236356
5004,4275.219585982392
5005,5969.717495301818
5006,4974.01911304823
5007,6600.79980304889
5008,4031.100121457838
5009,4801.003749601616
5010,10846.686044056514
5011,4288.050998848907
5012,4728.564787911062
5013,11138.779910855861
5014,12683.619830655995
5015,5037.339476840657
5016,6084.214175489146
5017,3607.686275144093
5018,70383.6808463307
5019,6714.14911269503
5020,5221.093508608801
5021,7278.7560699395535
5022,10879.05144277685
5023,54095.39823757689
5024,8612.553013859422
5025,56827.817638468296
5026,4149.077404560493
5027,5819.869925875317
5028,56672.69458607372
5029,3037.78598391568
5030,4362.904755905536
5031,4639.241260317373
5032,8626.153213085101
5033,19957.80890729416
5034,3226.798673118071
5035,4740.696726172695
5036,35544.638079779565
5037,8043.905216329071
5038,39204.3335981066
5039,2271.5987300486095
5040,55622.76041862066
5041,5184.629315178987
5042,4997.136058273834
5043,12426.211809676754
5044,6203.2797000298515
5045,59041.740053920206
5046,59800.709330480604
5047,5474.883858787243
5048,52273.47170224935
5049,51671.78084894992
5050,73190.90218469127
5051,11411.795689283948
5052,10657.679522143906
5053,18452.393631862076
5054,56880.0401325548
5055,5342.931539941113
5056,1852.8692595865414
5057,59811.795459142144
5058,4623.546617572778
5059,3031.9023473686098
5060,6780.490909162929
5061,54048.871277011145
5062,4778.112583041007
5063,60293.872998611754
5064,4067.820342241554
5065,55700.89850016891
5066,27775.350305955093
5067,5087.808795272742
5068,48060.288208249316
5069,16888.32294218292
5070,3713.147229563529
5071,5546.730943080559
5072,49770.212461193914
5073,52189.41724779498
5074,4976.447823452921
5075,5532.570333854213
5076,4457.9322779556505
5077,48081.18129167599
5078,5583.520144549655
5079,58128.06888983979
5080,3327.0340136657564
5081,8744.549987662544
5082,2915.8102303842684
5083,49565.68035702569
5084,55832.79639509869
5085,5078.639007253815
5086,6815.866556808711
5087,8898.261931437126
5088,6331.339216890694
5089,4292.10839984939
5090,46448.45159210653
5091,3441.1157106461433
5092,63926.00453594483
5093,5794.730520330955
5094,31804.079104906195
5095,5001.480313964843
5096,5768.2012083970385
5097,2013.8493444709063
5098,49478.1779330577
5099,40385.04868716207
5100,44668.44388171591
5101,5123.501263755424
5102,39428.693299096034
5103,4643.295264422712
5104,5473.7797242675815
5105,13492.207561407839
5106,5594.685677483247
5107,4353.268069529687
5108,15230.294455383037
5109,5203.6438393787885
5110,3814.1959730846647
5111,61335.34294192046
5112,52305.36178542993
5113,55990.86124786641
5114,60010.10132210807
5115,51329.73081629727
5116,6628.980812054008
5117,5388.821402387355
5118,14308.095265570373
5119,8267.246803555803
5120,39723.04834283916
5121,4585.36550131941
5122,68716.12105062767
5123,46261.41691107745
5124,4999.168302029468
5125,48816.12379400192
5126,7734.994109193754
5127,6580.101173770799
5128,22008.746201630696
5129,4529.884782001955
5130,53269.942383458925
5131,43494.01594257976
5132,4532.321830710164
5133,56502.86206824495
5134,7093.160061140747
5135,49336.39767329645
5136,2975.9869774011568
5137,53504.788657696095
5138,5158.93536670774
5139,9394.118216025225
5140,6825.865464142785
5141,4898.703923297572
5142,61181.3800336047
5143,8289.733368505329
5144,7334.870446988842
5145,45268.701595577906
5146,49683.31443973284
5147,55201.932809617094
5148,52305.10934116259
5149,43197.7015108889
5150,63956.95220734316
5151,6965.314550072625
5152,6015.995915132222
5153,52086.46844039291
5154,6489.400419649621
5155,6764.7238048813
5156,42210.19339016018
5157,2916.744202636851
5158,5957.587301892569
5159,5793.339630490993
5160,59113.64054939436
5161,2430.5904713248656
5162,5424.154961552405
5163,5581.631913025283
5164,5319.806849765837
5165,5343.511387085153
5166,5120.551384680218
5167,56435.88785861754
5168,75547.75142376292
5169,6137.79956112339
5170,2424.7558058646373
5171,7079.820728010803
5172,53235.60347469098
5173,4436.966443086066
5174,53885.220873793834
5175,7029.594443997064
5176,59438.85032039225
5177,18404.815795085986
5178,2648.7596343821588
5179,7078.17322939549
5180,7136.720477494593
5181,57527.530117391856
5182,4798.746168361405
5183,12821.359018639096
5184,8019.853410558441
5185,2404.2778018548797
5186,44209.85865303733
5187,5898.246281077277
5188,57583.44744018744
5189,2662.345082167748
5190,1706.4473652426263
5191,3629.898572467578
5192,13031.117945660591
5193,6234.589791330122
5194,53810.9700188016
5195,11414.033214140782
5196,53094.55975457879
5197,7549.7009784569045
5198,4809.293516345118
5199,53991.54811700753
5200,47041.42561767867
5201,5605.166229868299
5202,3736.153157318323
5203,4204.259294094623
5204,47417.01594354991
5205,2329.1582457692493
5206,5357.1748493769755
5207,7446.801920904207
5208,5255.732896019045
5209,5201.870061170059
5210,2181.6687315044137
5211,55854.04501617577
5212,5308.9046990419465
5213,60995.0671730423
5214,17875.195213882278
5215,9427.765627239309
5216,5139.068616212547
5217,5748.070350275471
5218,2480.320040205028
5219,2622.5395591009046
5220,59021.42732752817
5221,61696.43295739929
5222,4691.986933266011
5223,5409.63777986159
5224,4723.920388495621
5225,8240.89916976558
5226,4307.9444789288245
5227,3464.859758022056
5228,71562.64725376651
5229,5889.371523950447
5230,53530.54978713884
5231,59549.951120513346
5232,2609.747853945948
5233,4941.015390923001
5234,4194.949166490101
5235,8587.816607788676
5236,10351.414319308575
5237,50215.91538294162
5238,9758.06154396895
5239,48744.0741044999
5240,4674.56463824182
5241,4450.598868936576
5242,10446.223343597285
5243,3354.9793878680102
5244,3728.811792589622
5245,3143.421088086337
5246,5892.020488279326
5247,7664.94513675911
5248,2241.557027217267
5249,56308.58134076422
5250,4741.317017374866
5251,11523.67951006306
5252,11636.721148839428
5253,6549.289940138397
5254,4083.78984526737
5255,6652.739880314806
5256,5983.56270613203
5257,45261.50721628037
5258,5905.212361939855
5259,56771.69396875359
5260,10885.951373810316
5261,56438.943045833264
5262,3973.594036731857
5263,2384.080292422759
5264,6461.315404536536
5265,57081.67105831438
5266,13665.833325663987
5267,5985.518788150243
5268,58753.89870295626
5269,4998.96861667524
5270,4273.946291862114
5271,51024.5650435793
5272,16036.662640402084
5273,5554.381559886882
5274,7134.028004258453
5275,43418.66188000139
5276,3947.291301052069
5277,5009.570416838209
5278,6786.389642140361
5279,57853.5009834002
5280,5713.355283731822
5281,33670.27636031824
5282,6508.895718661824
5283,2812.024873195942
5284,4113.900495565038
5285,6254.447286762263
5286,5038.494886406552
5287,6440.784806473637
5288,3636.8946849561594
5289,13238.645475992642
5290,25263.12116922097
5291,5309.740524088307
5292,45626.34276643121
5293,5686.399538963648
5294,2625.2183666495994
5295,5827.077686891552
5296,6348.599411732528
5297,52834.27170452059
5298,2792.695455624913
5299,10054.229229735913
5300,66989.5326797283
5301,31137.49904191629
5302,4807.008040449156
5303,29461.623868130253
5304,54684.426481241295
5305,2256.0048188131514
5306,4579.094880561876
5307,45811.92590326317
5308,8210.439282124691
5309,6155.634408541762
5310,42720.56584427745
5311,51679.08415432739
5312,5822.8224611517235
5313,35064.252930010916
5314,8227.320059047577
5315,4268.145677794247
5316,16452.16136255412
5317,50499.965472634605
5318,49003.180550963516
5319,4079.5545136826986
5320,7897.481890660808
5321,3980.6643057354713
5322,3688.1803496175507
5323,12412.226424989136
5324,6554.236457447509
5325,2957.2835765167392
5326,49707.742910340305
5327,6205.001464387287
5328,4855.898664161113
5329,12279.663820946304
5330,68696.30976459006
5331,3659.5379430776766
5332,4479.723178632629
5333,3247.886260787994
5334,6633.738417771119
5335,4237.31331072839
5336,4880.52929108345
5337,7286.072700073143
5338,5076.940953872999
5339,66745.51061710961
5340,5864.150472478205
5341,5987.007281981998
5342,52021.82568799116
5343,12561.639102607936
5344,5600.794583711207
5345,3140.4303263049173
5346,3000.0135721248716
5347,6983.435665492901
5348,22009.53209907385
5349,5264.580892863358
5350,47500.38710721582
5351,11493.596864622621
5352,2675.7869668290655
5353,29473.25965754517
5354,5549.980481592246
5355,4715.838030997522
5356,10527.919938674328
5357,59235.002326997135
5358,66501.45679950932
5359,4560.947068193859
5360,13181.146018286006
5361,62078.24028048928
5362,51547.46656728737
5363,59321.27754295078
5364,8032.276242013456
5365,7012.775037145126
5366,6897.85103127477
5367,6247.3479530571385
5368,2853.1695596563704
5369,3943.155935701546
5370,72575.95818873929
5371,5190.714062916241
5372,53475.487678209145
5373,2984.874434712011
5374,57748.931283839906
5375,54666.90201394089
5376,4101.753489623754
5377,51017.514333505984
5378,5233.816717667429
5379,5653.747348534346
5380,6489.722529666778
5381,55725.9944693546
5382,59176.930605094065
5383,48222.22538283022
5384,7136.692052805177
5385,52905.26416687454
5386,6602.855465160039
5387,11685.468456872371
5388,3452.3058909623323
5389,54324.50766707078
5390,7653.093612992048
5391,2425.0337466350747
5392,11288.632186871842
5393,33232.08965911501
5394,10633.601312352366
5395,71554.95853242723
5396,56636.17838722212
5397,46661.24706328967
5398,7055.886359946572
5399,3775.9275852565866
5400,2415.884183226566
5401,7230.8721529307295
5402,11225.501955158936
5403,2578.184284256071
5404,53962.20601958917
5405,50423.98439595352
5406,49995.494489918514
5407,14337.605045606051
5408,5407.952601559426
5409,3003.81286207981
5410,4158.924714673902
5411,5795.35336803563
5412,7274.997092211079
5413,7132.715075154481
5414,10868.797147828218
5415,50052.186124524334
5416,7912.9958253997365
5417,6723.604744473896
5418,5283.588564900803
5419,26860.290724483682
5420,6264.900347442841
5421,6592.062139935894
5422,4846.575404626211
5423,5837.157738931217
5424,61907.27165576328
5425,25899.06266564306
5426,9206.09247545548
5427,53284.50099503436
5428,53040.484332522115
5429,46102.939050638524
5430,49760.07096816595
5431,5044.327250851859
5432,49318.11901731264
5433,5458.815836347033
5434,5046.289217138914
5435,8746.50462814836
5436,2252.184887231824
5437,42968.98840893573
5438,53534.602670518594
5439,52813.05082879301
5440,5309.857166811358
5441,4878.435252683371
5442,4298.406257940218
5443,8742.193297477043
5444,10368.40113620544
5445,21157.976157357614
5446,7036.399750052233
5447,6605.135973748964
5448,12598.683050279478
5449,4863.163669357312
5450,4011.1980800446004
5451,5402.3918211282125
5452,3835.0004555277446
5453,59043.586409806674
5454,8880.948245500913
5455,2168.9578230908814
5456,3954.6370270818734
5457,6380.979501454714
5458,7965.996671165788
5459,8789.801396540845
5460,5005.232148238179
5461,5633.514255966147
5462,6037.215544617202
5463,63332.455638196305
5464,6548.864811028218
5465,57126.26063217472
5466,3177.1921056331626
5467,54308.706204558956
5468,3039.054750286875
5469,5854.375441904821
5470,4896.348757647501
5471,64713.045081277225
5472,48273.87948114665
5473,4687.507212604694
5474,5033.509953059534
5475,12088.733423317692
5476,6033.859286633727
5477,4574.830096060456
5478,54374.014606225646
5479,5945.052226279287
5480,56509.92977235763
5481,43673.71486276733
5482,9515.03527438262
5483,5332.866401975414
5484,11031.532673461676
5485,6141.9623403201385
5486,72973.10821074103
5487,5524.524355932157
5488,8348.694629104672
5489,6262.4874531169635
5490,11787.774419778829
5491,55088.70542802941
5492,61612.38075782801
5493,50301.79016363735
5494,77907.10653185398
5495,8901.599529548834
5496,62661.99405527055
5497,6026.3270958052335
5498,58835.23899471942
5499,6130.711663853778
5500,66003.92054862248
5501,4264.318715502151
5502,27155.6391845448
5503,7644.108683735821
5504,54736.03643823596
5505,7001.6994207296575
5506,61050.22555609138
5507,2365.6714046952675
5508,56022.08597005016
5509,62727.108494791406
5510,61076.29691904767
5511,8712.162690744064
5512,7237.268586481029
5513,3120.1944910397756
5514,5414.054955475567
5515,6581.4847799220715
5516,58174.03781764322
5517,59286.3147425542
5518,4306.448736035987
5519,4323.205270569639
5520,51470.28277907844
5521,4448.5930618890425
5522,70174.48279638587
5523,50659.682643052285
5524,50085.47755342474
5525,6938.759199070811
5526,5728.934516503641
5527,5873.932666693132
5528,6227.542603633323
5529,4660.145318433587
5530,5162.764600169518
5531,6465.38260733112
5532,6023.261728037057
5533,11578.39620757107
5534,22916.130283189228
5535,3652.872780981091
5536,66526.46840150222
5537,5073.24232390111
5538,2727.197490661585
5539,6236.506956446856
5540,58257.4125860948
5541,11465.726348831085
5542,26390.40342393017
5543,4797.435794760661
5544,51255.40803199866
5545,8412.621043241947
5546,11805.937184993174
5547,2913.722926292915
5548,5143.996548842182
5549,29443.889171866525
5550,2328.9545850051845
5551,4051.1669228546207
5552,5243.24470141965
5553,6016.224008686953
5554,5578.928092912331
5555,4346.7653478087
5556,57567.02398215349
5557,3375.8586445609467
5558,5290.0186256757115
5559,7638.099378926687
5560,72495.87326900776
5561,2375.0024653819128
5562,6320.415318571701
5563,10683.546597717033
5564,8695.840962237586
5565,6548.749717264516
5566,2704.00870753549
5567,5608.947665483733
5568,3211.620153019937
5569,2459.600579669578
5570,36121.722191244466
5571,45105.98785427685
5572,25038.411331102154
5573,62843.641945748226
5574,82806.03106452561
5575,8327.72830294163
5576,4086.721178765
5577,43599.04105552248
5578,76362.30237230507
5579,40782.27338422148
5580,6194.984637315995
5581,52787.575225800785
5582,58724.168627450796
5583,62930.95094565242
5584,57791.58192989087
5585,5291.207284165384
5586,5725.880834214682
5587,4355.0519338263775
5588,25377.320537009524
5589,2674.6913297376
5590,59906.58397008916
5591,4996.921058995487
5592,45417.36923643288
5593,5479.421056203422
5594,48038.27215367381
5595,61476.70800378408
5596,50201.372824462225
5597,64116.289511120194
5598,7989.451420508631
5599,40435.63139297439
5600,11645.757750144472
5601,65352.58398783002
5602,3425.0849024983127
5603,2915.5106179315026
5604,5140.699508452974
5605,6095.031067678407
5606,7655.635188333615
5607,11561.26188440316
5608,6809.38317902976
5609,4692.997176714765
5610,4946.332104357621
5611,2791.600417554038
5612,13426.659035517412
5613,2432.057120107546
5614,60836.15559796768
5615,8469.613057010427
5616,10237.024061239308
5617,5298.865144352803
5618,66381.25693730416
5619,57689.649936480295
5620,3983.868126093366
5621,5679.939687693425
5622,65899.87057785004
5623,29767.869739206744
5624,5466.344037038696
5625,1646.0942143723032
5626,2642.040526962332
5627,24344.83306986774
5628,42044.44408791704
5629,49096.43934604409
5630,3907.053657402831
5631,52044.88745704623
5632,62879.46264803343
5633,47613.67947434719
5634,54079.56507061661
5635,1838.8546423792577
5636,2988.827368805467
5637,2333.6343827127325
5638,57737.01474557219
5639,8023.145543759492
5640,51247.426280419895
5641,3277.0776270623264
5642,58724.243844515346
5643,52028.42780035518
5644,4222.168230919392
5645,5347.378538579392
5646,6165.747539583339
5647,5394.372675139947
5648,6155.41808182807
5649,33426.7930363321
5650,10180.02487656314
5651,45108.8476614839
5652,30257.561698430767
5653,5194.941079881642
5654,5215.010882121871
5655,45176.44329165387
5656,13749.4676144728
5657,43383.401858211
5658,4340.180702277548
5659,57440.14657435337
5660,5661.102409864882
5661,33543.86316989127
5662,50528.91861725552
5663,4563.866293393176
5664,59833.20310295485
5665,50716.24676866823
5666,64426.467944904616
5667,8115.999531584217
5668,7397.301173954733
5669,12902.337050240587
5670,11479.80047125016
5671,9778.044783637875
5672,3434.641248211101
5673,58693.02065491699
5674,63753.83185811442
5675,61673.8672558419
5676,58576.1058599399
5677,80714.18677286331
5678,8177.095876653529
5679,7456.030720652192
5680,45643.63234192057
5681,38442.32046815402
5682,19929.542113326854
5683,6237.056056699051
5684,54720.767555418395
5685,2614.3464692722555
5686,6685.468511050699
5687,7388.402968322963
5688,6551.461152238763
5689,66516.8819714909
5690,5061.704553135509
5691,4661.216098312663
5692,2381.9079245580233
5693,4606.642529725151
5694,5658.832929556351
5695,5092.331351814226
5696,2044.2433514143866
5697,8485.8672777695
5698,2878.774692556607
5699,7483.095594255724
5700,60182.247874231434
5701,73775.80814774126
5702,7898.010186733181
5703,6820.917525854716
5704,3612.863303088174
5705,12367.020547890832
5706,5884.264768139825
5707,4682.695230778921
5708,61862.781341848546
5709,59456.36439720698
5710,4305.120537806816
5711,5139.924369148914
5712,12442.01359919612
5713,2418.027781251789
5714,9945.501224240988
5715,4163.581981940628
5716,3275.574387736873
5717,6277.951383311764
5718,2332.747566224861
5719,58931.5773703209
5720,60644.99577297559
5721,9198.317667079236
5722,63563.72668818613
5723,41920.37614369221
5724,51060.65626863699
5725,62024.247335167165
5726,2560.129677877838
5727,5093.2036844789145
5728,2361.111486322601
5729,50400.914907229126
5730,49852.63718609134
5731,71365.63354417021
5732,23658.525120068203
5733,46103.998799896995
5734,6969.412341225303
5735,56842.696954666215
5736,7172.5209527518155
5737,6800.967142355088
5738,50328.23887258298
5739,5898.741254424421
5740,62842.409644486615
5741,35629.831512430705
5742,4509.421152161192
5743,10888.812687536994
5744,40304.701326465176
5745,9614.20466973996
5746,2425.9411522868536
5747,2431.2816567548443
5748,1361.6733026310005
5749,8515.172852834588
5750,2984.7861959180227
5751,61416.75015441015
5752,5576.115241157807
5753,53357.291207449525
5754,11290.123904091677
5755,4781.628742223259
5756,5011.457968670297
5757,2915.6337171126825
5758,3348.38278459274
5759,6521.859544639648
5760,6505.078784469087
5761,5234.364657663342
5762,2923.5004268463963
5763,5227.277028379021
5764,17065.084170490914
5765,4584.60517589397
5766,6055.050375109406
5767,6059.246079743123
5768,49303.0510835173
5769,45816.98438527665
5770,38204.090806327506
5771,9173.66250636499
5772,5921.367512024064
5773,52443.77674273899
5774,51441.16209874682
5775,47196.99373779737
5776,7095.425373497547
5777,7987.43838870888
5778,7232.686442625626
5779,2865.8343379033854
5780,8720.02374405786
5781,7196.210037692662
5782,71212.62427414881
5783,5472.2976546276695
5784,5357.933444577946
5785,5421.417763733905
5786,5492.923891737919
5787,6871.72957832699
5788,23100.03543753886
5789,6078.20470762107
5790,6418.22029792435
5791,5161.487199747911
5792,59427.90969700503
5793,3331.545961356185
5794,3820.540904223234
5795,55605.77983033659
5796,89390.32891393796
5797,10719.701828664205
5798,42711.96676610972
5799,47305.47436618505
5800,6091.446572259416
5801,4008.7597796885757
5802,12225.236360146926
5803,42349.47859475206
5804,5534.193230261035
5805,3305.2712981146647
5806,5964.32514224874
5807,51932.06664024458
5808,2631.6929502361263
5809,2182.2188749360976
5810,57587.99898158333
5811,1378.7924991684454
5812,5823.85502368657
5813,5479.633583575894
5814,63474.41940011785
5815,2108.044646530643
5816,10268.922678057195
5817,11157.909537617146
5818,5091.9200656539415
5819,16324.760881933908
5820,4675.3497388389105
5821,56174.626198959304
5822,5477.029616555186
5823,2351.1474463003806
5824,5489.998806854443
5825,4851.397889295329
5826,9017.198396957094
5827,12858.20344850709
5828,4603.4666597531195
5829,28087.456160972954
5830,64356.83738564135
5831,2685.724346881535
5832,11606.04779447594
5833,4516.452649126544
5834,3343.14691482594
5835,3833.269127111072
5836,23769.905205234307
5837,7162.831849187483
5838,66549.7789249477
5839,4271.31225263004
5840,4507.441365276734
5841,50235.2120483954
5842,11606.301099800472
5843,54883.55817310732
5844,3766.3058361445746
5845,4599.488686447357
5846,5774.887023284137
5847,7415.425059799857
5848,4194.531695383934
5849,9311.130516827387
5850,14382.330221110373
5851,5853.09202778249
5852,4431.35223970294
5853,2204.757337086255
5854,51104.17312735479
5855,4572.51318467654
5856,3317.0306716284967
5857,4834.648703556179
5858,9640.783041613933
5859,4646.382351823393
5860,5514.2096017300955
5861,4309.430302937272
5862,3948.9531455039905
5863,4619.585597543117
5864,44679.18073699846
5865,5787.568601718181
5866,13955.765481728555
5867,6045.301013156832
5868,54887.392608430004
5869,5105.205559475478
5870,49633.46984707372
5871,61114.60258670745
5872,60391.51027492555
5873,2652.6140653174616
5874,9592.759597364417
5875,6174.515493710175
5876,6268.689869403827
5877,11711.241364156002
5878,14915.90254502443
5879,6248.0455929024065
5880,6225.442714272469
5881,65339.65573046705
5882,4107.1274599720855
5883,4238.194186614206
5884,6259.18823224615
5885,6126.235370756837
5886,2575.539347976792
5887,4333.849061785555
5888,48916.79735674132
5889,55877.07681611728
5890,5294.235390243209
5891,2597.3318503735436
5892,5762.0393697010895
5893,2993.538706336675
5894,7270.663941778596
5895,17989.130041644414
5896,5500.370947938536
5897,3009.505981838638
5898,28593.431483671076
5899,2357.02372202481
5900,7717.623579240486
5901,6031.826552504428
5902,24608.789057628575
5903,45653.49827995698
5904,3698.688523295851
5905,8210.552241897085
5906,49544.82493174433
5907,60359.65264672268
5908,59285.03382982296
5909,55516.60168490702
5910,55257.20787742174
5911,58085.514717225895
5912,5452.66563326385
5913,4574.056323922063
5914,5684.29013744124
5915,5014.674359768825
5916,59051.462662285914
5917,44114.225171361904
5918,2969.591534868008
5919,49793.21031556126
5920,39903.09194511579
5921,62163.06093324735
5922,4467.521273364041
5923,5309.637441318705
5924,2936.0225606802414
5925,45178.02862254295
5926,3627.850393481991
5927,60933.117048904365
5928,4590.6424190337575
5929,50172.24946109137
5930,5214.838365113332
5931,64654.06684823208
5932,5753.326530845962
5933,3401.3982880493986
5934,12221.994352245132
5935,26365.975393441073
5936,5010.119458472387
5937,2390.011018716672
5938,4760.086383730137
5939,5447.831744623564
5940,9511.893843489155
5941,10006.580808670762
5942,6332.2105679515325
5943,5779.679107190412
5944,2497.397778379405
5945,4650.4138469266245
5946,2028.112391382329
5947,12957.348896903972
5948,54416.229860500796
5949,13390.27729499121
5950,5237.883018354976
5951,17113.446155194073
5952,5327.55501922353
5953,3183.506202742119
5954,5049.4381591712945
5955,53187.787726389535
5956,16005.667633766583
5957,5403.952420784816
5958,2250.182045320086
5959,5059.619769776324
5960,4582.313931044564
5961,7331.689168223429
5962,3448.422656755501
5963,2383.6062709131725
5964,45241.11261012365
5965,60974.490636916475
5966,5968.228477369149
5967,6895.085863452989
5968,41223.72245703284
5969,46256.575230311115
5970,58011.30149872946
5971,7684.250159909223
5972,5514.791610528356
5973,4878.336703700245
5974,50893.23803053883
5975,48514.21906552501
5976,4797.781110120381
5977,6436.892775074147
5978,24177.450491469852
5979,43951.85602376731
5980,55105.33687970674
5981,8139.233376515611
5982,10115.017874971665
5983,8915.047060410141
5984,47222.83617487009
5985,58672.74142142471
5986,53938.36579784493
5987,6982.965974417955
5988,5142.560751457742
5989,54904.34677157129
5990,6718.633025139394
5991,53430.98609106536
5992,5548.45009886134
5993,12175.349600282867
5994,6276.774368945229
5995,5910.095068087116
5996,49685.03414648477
5997,54376.08350049945
5998,52554.31527740447
5999,56232.95954279967
6000,45865.219905192105
6001,56564.42759476297
6002,2258.714080624788
6003,5482.682278281217
6004,53937.280582482446
6005,4514.518381997583
6006,6204.48648870626
6007,71360.54721555959
6008,4319.3023068112925
6009,49539.97208011597
6010,33306.563044968694
6011,62813.003481641186
6012,5632.066371977236
6013,6813.731226246006
6014,4593.095255639977
6015,45833.47084913837
6016,6424.236608223973
6017,5480.048839769833
6018,3812.9448134105032
6019,3697.373422395825
6020,4562.738940356947
6021,53552.97780509809
6022,38316.6109458875
6023,4414.896705067027
6024,50865.33110071547
6025,56406.17700159466
6026,50120.891491260576
6027,6154.215709778775
6028,5959.939168884403
6029,5377.923849757321
6030,57473.20345073243
6031,57898.53552365189
6032,6473.111430937551
6033,5097.7966890998605
6034,47492.001620944764
6035,3342.5367086175274
6036,3276.8853639932763
6037,4405.462444717887
6038,7038.9147244034975
6039,4170.6010882589535
6040,40807.53979433799
6041,5569.893044236505
6042,4216.412348109693
6043,5381.823720513081
6044,55238.763466394215
6045,4216.558240765646
6046,4395.47955045142
6047,7859.713569203667
6048,10455.965958811852
6049,19298.05498826754
6050,48144.399046442246
6051,57993.57697267163
6052,4836.011889772506
6053,2681.6793789001026
6054,4928.863916149799
6055,6363.49347787503
6056,11240.921825502237
6057,61446.08962403808
6058,8028.923971558411
6059,2325.744425626383
6060,34633.61324818916
6061,54716.235951655035
6062,55027.03294296069
6063,62747.89575275938
6064,46990.009070962784
6065,4285.827398169622
6066,3859.9649763920297
6067,5177.074182751841
6068,30545.78807872232
6069,54885.15914569154
6070,45802.31049961857
6071,5247.663159517483
6072,55728.36457618792
6073,46384.712851654345
6074,2896.7245125784257
6075,54454.73709687888
6076,30550.332286181427
6077,11420.251299529215
6078,2354.4328148917994
6079,40801.18870471187
6080,4957.564230792991
6081,4551.655802856085
6082,7546.754189271868
6083,2979.8377568054407
6084,50891.45260900937
6085,30495.6695130929
6086,7540.918038634212
6087,4698.250030912452
6088,5925.14854459049
6089,13051.385748311575
6090,6055.121973126628
6091,3810.0050763250124
6092,5466.519535475216
6093,11382.61052575566
6094,7400.1700306321145
6095,3693.335060301628
6096,43906.32978978057
6097,59025.48133545437
6098,11736.117818854857
6099,68372.65804019483
6100,61201.03975109732
6101,6092.920336207348
6102,18717.606762870142
6103,7502.2021009500595
6104,3482.168746669535
6105,2185.106660510606
6106,6413.064094008812
6107,6040.159416215929
6108,5828.38802602706
6109,2137.153841011397
6110,56545.117285397064
6111,59115.50704414764
6112,49424.18336899916
6113,53976.05739081325
6114,7055.266893501143
6115,4307.79488711081
6116,5505.902791181398
6117,5828.1217319770885
6118,55393.191745807315
6119,57793.197678867364
6120,5717.181131174029
6121,2841.9293349409436
6122,4993.858876692608
6123,5609.857886106576
6124,29690.109332792526
6125,51641.04461245042
6126,5535.788785098839
6127,33596.500026607464
6128,6842.476251763331
6129,60202.14015793321
6130,14811.345026485953
6131,59807.25652826803
6132,6447.143917561196
6133,3172.2176850012047
6134,4857.063525693258
6135,5167.638431320203
6136,12749.435873734667
6137,4768.628306352917
6138,40037.45760886022
6139,55222.40243286504
6140,11718.227263032615
6141,53859.012132506745
6142,4989.02899075948
6143,28861.12799990025
6144,5968.544458247514
6145,41070.507652094995
6146,4443.063233554079
6147,4885.94629230737
6148,65379.81832008544
6149,6673.445185566574
6150,48946.65139055581
6151,57362.31749970376
6152,44611.94947250237
6153,54153.499496107645
6154,67639.00793662453
6155,4990.208111941137
6156,45341.11484274515
6157,4696.958352447793
6158,5628.353942406087
6159,6944.792820187994
6160,56678.41604403637
6161,57024.182991387
6162,5664.455752006668
6163,4642.14690936583
6164,9102.02995313987
6165,5959.890439405107
6166,10364.331614990248
6167,2510.5419758756916
6168,7867.438867612173
6169,50425.49256930903
6170,46847.454634140784
6171,5045.654854741026
6172,2079.0846474610757
6173,13160.51005579475
6174,50607.60098805486
6175,4011.464123461944
6176,7622.558084885946
6177,59885.852504277864
6178,5159.114076979216
6179,7301.102148277267
6180,6686.741963785509
6181,4810.598047208474
6182,8525.571064382182
6183,15703.957439642181
6184,5544.682606647811
6185,8005.485811739474
6186,8899.902655558451
6187,3953.5929733797107
6188,10322.789737805355
6189,5872.473314885259
6190,50083.697943888175
6191,5719.055333736862
6192,5788.196488048106
6193,5208.82272443244
6194,26512.455370663425
6195,9192.410106917048
6196,7759.143391932497
6197,2742.4783398018867
6198,4826.043732814918
6199,5925.977842479072
6200,11766.265622715357
6201,4333.660892923239
6202,11549.895555498235
6203,47714.09555749166
6204,6458.299362761763
6205,51724.30907136205
6206,10337.302567347877
6207,13070.16879895933
6208,11340.963172878157
6209,5327.345777998551
6210,5676.741178524364
6211,60759.27130724053
6212,38286.15878467298
6213,3035.532257976084
6214,6310.8566070997085
6215,4550.368508650014
6216,5060.55263186533
6217,6110.506840766942
6218,8964.352722247528
6219,5080.145928758178
6220,4857.188434189177
6221,6148.298590041055
6222,45163.222309903256
6223,61081.64127897126
6224,5512.65512138669
6225,5204.652648652094
6226,56226.12290325561
6227,62307.27158405562
6228,40055.32608207368
6229,6925.751161135626
6230,66722.64259826503
6231,49787.59460429097
6232,66744.01364618358
6233,5057.223938548044
6234,6597.717413063811
6235,5098.234217205629
6236,10813.856049776718
6237,6185.79194403913
6238,6356.852697345631
6239,50858.2887267951
6240,3189.55931282431
6241,52858.0817732414
6242,61809.02092039877
6243,50502.2458939345
6244,16088.046767512991
6245,46683.92996346697
6246,7173.651939240925
6247,3925.0656459213315
6248,11858.885775698498
6249,5783.766574749978
6250,5294.581244711496
6251,61441.32194741001
6252,3315.606440110042
6253,3190.1050463822517
6254,47228.69678837394
6255,46266.02015902559
6256,7350.737905140965
6257,7868.983763678999
6258,47050.64429568032
6259,5941.070910513021
6260,6890.552283439311
6261,2321.3643575733804
6262,6249.3985834429095
6263,5927.169882222741
6264,50379.37355255956
6265,2749.5080862397854
6266,50410.60911348795
6267,6931.1002630184785
6268,3808.0602469063747
6269,55901.63630474332
6270,33360.01837143271
6271,22319.268761348743
6272,11864.150364268116
6273,4334.440540930232
6274,5378.408433569337
6275,3894.403515237529
6276,57963.561775626404
6277,7223.726829285786
6278,15822.806820331167
6279,58052.18070604805
6280,1958.484458260731
6281,24147.409976192437
6282,6163.563795876236
6283,5803.90967344108
6284,10147.09192600972
6285,4264.775786732145
6286,3521.9154883118317
6287,9111.569691199855
6288,5409.0701749445125
6289,3732.4408436312838
6290,55729.387815736576
6291,4193.738941677758
6292,2848.9607495587647
6293,5370.257465729674
6294,5953.468184930378
6295,5065.436152041903
6296,51812.83722624366
6297,6361.160378870643
6298,6455.6501108501025
6299,2758.1581258688807
6300,5605.155806197337
6301,4854.883773538638
6302,4783.724298927951
6303,58555.160329535385
6304,2941.9442014469805
6305,4160.900666536257
6306,5028.732501338712
6307,4426.231131506366
6308,5900.145869325537
6309,51702.37159481574
6310,9452.85422643862
6311,2509.023787455896
6312,14494.845622922358
6313,9773.016344481395
6314,3199.0343859249574
6315,5372.787387262787
6316,4950.412405728593
6317,3961.6485324682026
6318,5987.315765151675
6319,2659.155053760927
6320,5044.695531442247
6321,2614.2436208097615
6322,5826.43906654335
6323,43324.18398699372
6324,5832.7004210654895
6325,54226.08770580974
6326,43842.370027119105
6327,40359.70541037012
6328,3402.589207862236
6329,58761.588658198154
6330,10630.682674911863
6331,65664.48221847718
6332,5563.046530264966
6333,48674.13752958924
6334,7592.01734891796
6335,7792.945121511969
6336,6357.064590091277
6337,13525.977541335467
6338,4786.337097416193
6339,4409.8499632474
6340,44118.76241993052
6341,5213.106691644268
6342,64024.76035366232
6343,6237.825204667807
6344,4533.364018274252
6345,4597.608127169577
6346,56095.58488421322
6347,5121.872720562104
6348,5962.201228840857
6349,6113.550080708057
6350,24266.669319971137
6351,36583.15108992638
6352,3891.370696702708
6353,6002.5368869245995
6354,5498.9219737057465
6355,3207.2939627996116
6356,4308.364986306554
6357,5638.271109879248
6358,63505.90531688418
6359,39021.54632739874
6360,5410.169664204699
6361,59774.69946659459
6362,12482.908585570603
6363,22946.657752325
6364,40548.78718938015
6365,47344.0872953834
6366,11161.843739299495
6367,2667.856130325894
6368,58643.6922176051
6369,5935.395127224528
6370,3809.013627554113
6371,63509.88900213236
6372,4270.29436665286
6373,6390.827541053409
6374,4409.239886577797
6375,4551.783549211722
6376,10851.09534440951
6377,4833.702296140739
6378,6598.041518760701
6379,59518.055928581
6380,5266.472316072312
6381,10948.62158918461
6382,6917.1525741908845
6383,46541.67981515518
6384,9590.926787700075
6385,6264.329439894022
6386,1882.8481894651582
6387,5126.607697443041
6388,2475.780595893986
6389,1460.5890012344696
6390,4803.022512701519
6391,52456.0915905839
6392,7450.292845753518
6393,6228.599970155015
6394,53743.73072850816
6395,4780.223194833403
6396,4490.388815167689
6397,5287.124800749758
6398,3624.7207010529023
6399,45829.79161530717
6400,5464.566988444263
6401,64065.0602213731
6402,8678.066244049005
6403,3990.3456437508553
6404,4351.7591139485385
6405,12312.407113273564
6406,4916.369378496316
6407,5020.632728368618
6408,6285.870931751313
6409,6187.18263731968
6410,2357.4102680254637
6411,50240.58404729009
6412,21282.21594403897
6413,1564.8847704612015
6414,52198.28482250946
6415,57012.53108771217
6416,2195.4995703806776
6417,51841.25389740816
6418,57797.583609649475
6419,13238.932697997841
6420,40300.5113756177
6421,48116.33301086998
6422,53975.18118076441
6423,5107.052270038552
6424,2990.3188387941373
6425,2478.7763997387647
6426,73260.05477632575
6427,53522.72792598276
6428,6316.345902375015
6429,8646.383028174772
6430,46299.83424757949
6431,5420.625113266124
6432,9041.111874951133
6433,6278.625357142133
6434,6310.934776250544
6435,45529.812966564714
6436,4639.891604570393
6437,48048.83142545542
6438,13541.660647607716
6439,5365.530635330507
6440,58465.509187466436
6441,50278.417745170984
6442,7050.634709447737
6443,61195.65265829167
6444,3027.0904452553104
6445,11245.58141027158
6446,4868.123671062008
6447,42373.95593279741
6448,5180.199205564023
6449,8771.967877820198
6450,58919.77501494917
6451,4037.6252617067566
6452,7999.137839633523
6453,13291.294669082148
6454,50837.60845321354
6455,5809.23581793952
6456,11539.468590608116
6457,2455.941288517207
6458,4137.972344747592
6459,50879.41055029575
6460,51957.57887329787
6461,8575.349197512982
6462,5342.972221518845
6463,2686.826100132624
6464,3487.544036893989
6465,31205.940409151965
6466,4879.249480768765
6467,12772.495437160964
6468,2556.442822747507
6469,57995.170123502845
6470,8055.410662979007
6471,68259.97694962897
6472,3196.791036690553
6473,65584.79784783916
6474,43616.31553795464
6475,7069.824474517129
6476,53791.90047614226
6477,6394.886747716078
6478,4300.795054747379
6479,2306.043237750235
6480,4773.612194275236
6481,12377.091924723296
6482,7548.548664600648
6483,51089.38470529776
6484,6157.011818661849
6485,38327.5280162353
6486,38087.670477747626
6487,63513.84178870133
6488,47639.69914985383
6489,57065.25485835817
6490,5112.476345173066
6491,25731.72418705035
6492,56700.458739561014
6493,55764.56449976945
6494,48977.839995348884
6495,72296.72855570712
6496,5696.709901810123
6497,8262.129294866772
6498,43793.26544321947
6499,54826.43768738716
6500,3798.468730303037
6501,6046.283244344318
6502,7673.027528799904
6503,5018.132420714251
6504,56491.51985040234
6505,66457.94564924626
6506,4532.6769302824405
6507,4475.3955788385
6508,5280.466084710194
6509,5949.508743061215
6510,66587.54631227448
6511,4665.311801414475
6512,6413.728424932773
6513,3787.0932308259116
6514,46371.206023585204
6515,44272.00683108902
6516,64792.63089862114
6517,53995.43798533944
6518,4322.360025358856
6519,45589.02877398119
6520,8067.484262345931
6521,4618.969747784028
6522,59772.40773659789
6523,4541.25375823448
6524,9710.651513721867
6525,13707.429114290726
6526,4860.681716749825
6527,13715.445656820184
6528,5707.044225592115
6529,24594.677362525228
6530,2622.186802733159
6531,10980.877495877117
6532,4883.724407861966
6533,5466.478504002398
6534,11530.811259520835
6535,4476.648344883053
6536,3276.145569680357
6537,12134.036677654796
6538,7133.9831093685525
6539,57034.00173616338
6540,26591.412407127413
6541,2101.766895097151
6542,12609.326286522015
6543,51763.55528283528
6544,55923.59342245835
6545,6978.323482595824
6546,5900.9806062144235
6547,6667.9910626630935
6548,5082.121310682716
6549,11236.963161738024
6550,56944.26844849583
6551,2259.8862918228456
6552,3348.2730879164806
6553,5657.007051842994
6554,4336.190864900429
6555,3645.80329126311
6556,5179.636353838721
6557,51887.27964985285
6558,4246.428574055379
6559,5692.997530128283
6560,5098.407706277943
6561,19831.77662632769
6562,4093.2838289340675
6563,3144.8879363415235
6564,5926.781385862771
6565,9264.086080221494
6566,6415.766386167685
6567,51375.48648679143
6568,4771.42103848942
6569,5798.2027101785225
6570,5659.101092142321
6571,6014.61927796029
6572,5749.449231855869
6573,41665.9781950831
6574,11187.588802972143
6575,4263.660495020096
6576,6654.786307202727
6577,5812.305687711358
6578,3794.098990316137
6579,51664.226597792236
6580,5605.652393322511
6581,3684.365484822739
6582,3000.0135721248716
6583,5536.349155212937
6584,2716.528580981674
6585,2894.0307310013145
6586,53496.12610656942
6587,5578.206339115858
6588,9347.212912259787
6589,5648.669687104217
6590,27262.093722322676
6591,2335.396942245175
6592,55283.41239481072
6593,11620.382905948463
6594,51131.54967260279
6595,4469.064597583338
6596,34970.49426895973
6597,5197.892846845479
6598,29878.426604831326
6599,54989.25799335328
6600,5373.954588593433
6601,7769.300833384462
6602,55863.28251115125
6603,51083.108821452974
6604,21933.873383787766
6605,4953.026148537331
6606,50294.836274205496
6607,6742.779230398558
6608,13310.415413585526
6609,14542.26319469487
6610,8121.62649119705
6611,6820.477502442096
6612,59795.321707605275
6613,5109.565352782062
6614,6578.635578804243
6615,57366.10989088412
6616,3963.795860189335
6617,65079.53930634189
6618,10708.63065162312
6619,24387.134733268133
6620,55237.32547889231
6621,13648.55282333738
6622,47868.78224687475
6623,59445.55134709116
6624,10996.490453399476
6625,5609.099662380379
6626,2605.3960429326926
6627,4864.344194436502
6628,17158.662768135902
6629,7189.727791752326
6630,39728.64705095554
6631,5533.834202907383
6632,7700.105264042092
6633,5584.798971438665
6634,5610.674158336418
6635,5523.936062909903
6636,12061.976164530419
6637,8176.764032851491
6638,6926.40955188119
6639,6371.71071414481
6640,7147.4499691012825
6641,31513.34750957394
6642,9846.257344287205
6643,5338.265421526417
6644,64434.425806722866
6645,5930.856536908053
6646,5623.064085758567
6647,21786.68469708624
6648,6142.987473279973
6649,48106.95946282547
6650,6437.799119882152
6651,53708.84929476728
6652,14091.814914075178
6653,10233.82749515026
6654,4766.97140942909
6655,11347.077133458233
6656,46157.591775361056
6657,58374.67436897274
6658,6950.913447128432
6659,8598.042958770377
6660,4660.114281670278
6661,5655.450659674617
6662,5298.942308183011
6663,5003.556056490628
6664,3136.6812853925976
6665,2007.195674016419
6666,62538.46004151582
6667,17333.97515639811
6668,7083.771092489339
6669,3725.6400643788697
6670,6510.05690354704
6671,5615.180573767002
6672,5468.1169668536
6673,6020.842276716395
6674,6177.632721386159
6675,5190.223533861816
6676,11370.255336487677
6677,6199.868363126214
6678,13964.269640167186
6679,4438.387594154975
6680,8970.22320003503
6681,7576.263193715189
6682,5606.908513826284
6683,52318.414074869695
6684,53386.06269559938
6685,60998.20653008259
6686,58283.375595468635
6687,48884.969125505944
6688,11735.818825246057
6689,1803.028951775643
6690,7003.731088102526
6691,3624.0223728356855
6692,6544.223350335498
6693,7411.709977420086
6694,50687.12518333133
6695,49256.48780758779
6696,5185.522404133881
6697,6013.087324929009
6698,14860.517491294806
6699,60052.83206173888
6700,5308.571876883134
6701,4726.502673002206
6702,5555.888793364729
6703,45957.96513508662
6704,9924.241775592256
6705,6012.116527431858
6706,43588.413858085616
6707,6220.472805770092
6708,2822.976893600294
6709,12762.339148479383
6710,22707.26689998244
6711,46681.0349015029
6712,5612.548042939388
6713,64940.330151927796
6714,2698.1007384819204
6715,49128.01582029225
6716,9866.345302384274
6717,4917.0334026403925
6718,7595.031180568253
6719,2580.8415236278183
6720,5642.884731370698
6721,50295.059582264264
6722,53323.860061436746
6723,6062.287419407403
6724,49261.59916648435
6725,47935.68337149966
6726,7021.411732150546
6727,43534.99669860021
6728,57478.37700274272
6729,11623.07939000485
6730,50797.74348051929
6731,44001.925879075236
6732,4342.833970171938
6733,4432.790348032912
6734,2133.518991926163
6735,4995.066895272836
6736,54379.01868434242
6737,15544.350881144195
6738,8156.682495021408
6739,53287.53258797948
6740,5511.1297790145545
6741,22156.68921635469
6742,5324.558913423791
6743,52189.29899725781
6744,11649.563533543223
6745,5722.675678834286
6746,3239.887438751646
6747,5027.721885833419
6748,13062.896967182
6749,53439.508231591055
6750,5106.599950956591
6751,6223.302661299216
6752,4246.099009376247
6753,5565.14073695005
6754,74946.35383288382
6755,4139.459192077151
6756,51549.517510953345
6757,3435.5525586054223
6758,7878.107742927603
6759,5732.688223595117
6760,5517.3473092384575
6761,48214.29101034573
6762,4922.031507276065
6763,53147.145952743645
6764,8133.405690300218
6765,4667.245865015816
6766,61134.48195020386
6767,4050.665989754543
6768,12417.91002824075
6769,4747.378480530404
6770,50535.28373798772
6771,4663.093727890725
6772,5846.84139443939
6773,3515.838236220174
6774,47164.4049958628
6775,61002.91686374744
6776,42261.203382523294
6777,48092.6937775266
6778,6588.787086949387
6779,46432.37577874372
6780,53088.36957365606
6781,5364.362420544002
6782,2861.284195054385
6783,5201.074687348626
6784,46780.039695601125
6785,6122.387558579087
6786,4494.336381210554
6787,5923.241086402959
6788,5000.441598385281
6789,7938.168326080235
6790,54878.36844686812
6791,46796.0453397463
6792,61603.72087497374
6793,5342.802292002589
6794,10054.874191981142
6795,60880.2723053765
6796,46871.62401888999
6797,4720.9160572426445
6798,34669.05139231164
6799,2198.5216919897885
6800,61506.51729660826
6801,5915.8969388981905
6802,52380.044442041595
6803,4770.918702624777
6804,59699.13137025747
6805,4646.070582664211
6806,55995.73262671419
6807,5628.426864173671
6808,53247.79449146946
6809,41042.25852680172
6810,5986.469291895251
6811,4979.917779253174
6812,7549.200467653275
6813,51787.852309144386
6814,5649.606117545987
6815,2063.9861770699536
6816,5348.825311046715
6817,60731.849926818955
6818,62607.52288287513
6819,5828.597537626546
6820,7426.2193874838
6821,2944.764815649046
6822,6456.900589439603
6823,3848.8925811321337
6824,14375.682782831098
6825,5914.851502451997
6826,11950.366609398494
6827,47927.55894267177
6828,2524.276507557485
6829,5569.605530153039
6830,23954.894185180925
6831,16882.394588240255
6832,53454.18564143819
6833,5680.949022966115
6834,62522.97588736407
6835,3408.1084933151087
6836,2670.3044929435423
6837,55409.53165616517
6838,10650.999573404959
6839,9260.718360259754
6840,6390.772756817019
6841,45705.95792058219
6842,3700.1468160678787
6843,4623.378847120496
6844,3664.733584859589
6845,58694.53789733431
6846,50926.94796908099
6847,48951.68689387997
6848,6243.8516098151285
6849,59987.76115870414
6850,4233.58457640039
6851,56611.848615702984
6852,60152.39280926935
6853,5630.084515650951
6854,6540.898388125583
6855,6184.378470997181
6856,60687.87982573397
6857,5635.255173437845
6858,6653.358150493081
6859,2703.5184673824588
6860,52628.1884688813
6861,12915.84300346891
6862,11635.100962871784
6863,47825.06428297457
6864,23482.980289958516
6865,4410.149370005477
6866,5884.289862489589
6867,6964.657110363815
6868,7017.145512799243
6869,5145.15812402753
6870,4496.209476453568
6871,5393.990437539968
6872,5342.478049276289
6873,36851.14809526349
6874,5142.8353304479715
6875,86764.25655174187
6876,5253.87078900686
6877,49599.010350894874
6878,52129.772345765174
6879,4804.614266137925
6880,12305.985719287784
6881,43270.498859465966
6882,45809.10160295734
6883,4582.061259560377
6884,2156.985107022964
6885,7786.418898418516
6886,58958.59259179201
6887,4503.74182787366
6888,54364.232715036145
6889,5236.5588516963135
6890,12161.664113820025
6891,5691.332511294101
6892,5139.886751271841
6893,55623.93344333069
6894,82531.02816949609
6895,3579.7773610778227
6896,45311.228144863235
6897,3237.4465714363814
6898,4818.770220009744
6899,52422.691547234725
6900,8957.70682634529
6901,5313.902089681622
6902,69593.73154478814
6903,3934.395848414194
6904,3256.8443691021366
6905,49919.10811624993
6906,60377.78564762563
6907,46703.10580116892
6908,4888.244644554961
6909,1989.4915453846838
6910,5525.334517958742
6911,5234.930766404917
6912,57256.79122341569
6913,43566.43690821229
6914,2265.218007871538
6915,2821.1724413468114
6916,6226.50381030971
6917,3241.4109845971943
6918,48063.76689561862
6919,5719.6209739188225
6920,11099.020847140124
6921,6841.76257251537
6922,7014.608950279076
6923,6562.5047547290915
6924,58112.90843161978
6925,26599.81457786876
6926,6076.751579021232
6927,5412.677416509125
6928,4478.33860404114
6929,6684.91179076976
6930,55527.20022514252
6931,5436.467495550294
6932,5734.819268289515
6933,62227.195222024486
6934,3617.0994840401613
6935,10981.533677351614
6936,1864.0992829055447
6937,4700.902406101367
6938,54371.454368924344
6939,6960.329087444785
6940,47954.68717209094
6941,5439.036779394639
6942,4494.085450572269
6943,11257.10064778387
6944,5462.16471894603
6945,13212.062165613857
6946,46231.19458398437
6947,4409.433988850838
6948,54184.969691175254
6949,2425.5336773492477
6950,4985.220318983747
6951,12731.815381611708
6952,54006.542006191376
6953,62059.08886025796
6954,10242.37159646906
6955,60661.84809180125
6956,6307.821580120304
6957,5771.813894891953
6958,63913.9036827368
6959,6534.9452407022
6960,10922.480182586525
6961,3826.940154216512
6962,68986.57953999614
6963,5916.468356918216
6964,56769.609970943246
6965,3872.212626455506
6966,3067.6146390235726
6967,43563.29899476805
6968,6003.182683262708
6969,64463.850687009995
6970,10713.350922290454
6971,7482.326819866305
6972,62045.24211514323
6973,60433.522306162595
6974,53472.82185745278
6975,62011.99799244061
6976,5238.916506546078
6977,6539.8022401889075
6978,27723.738963511696
6979,3128.8422755558067
6980,8922.526740314688
6981,4494.2455270321125
6982,6665.092528331804
6983,67192.61031270833
6984,6879.169048355061
6985,2987.8742659472728
6986,5205.170214306149
6987,12447.425460657458
6988,7529.963063674547
6989,5769.042596676725
6990,7389.533208591711
6991,58212.3500172639
6992,46339.27189062634
6993,8062.744216696678
6994,14634.124975371209
6995,3930.643451402492
6996,5064.000090724914
6997,5127.321422947398
6998,5376.102169799584
6999,12597.76555120476
7000,52787.40052372997
7001,11414.297611561233
7002,73394.66334933974
7003,5654.749228576829
7004,5813.51612354473
7005,2815.8463334727103
7006,18025.177327835932
7007,6031.825751328631
7008,68487.06033292711
7009,4666.21614004709
7010,60874.40387888287
7011,5342.407716830251
7012,44851.01917777911
7013,54378.391878809736
7014,5197.326696605813
7015,41009.88846121477
7016,5865.261440860879
7017,8438.577165448898
7018,11077.61731733542
7019,64935.40920661205
7020,4541.263256322582
7021,6763.879108426093
7022,10053.694572564524
7023,5523.06108722621
7024,65919.44385930368
7025,15359.233583193503
7026,6762.79592666878
7027,14133.718677595596
7028,5989.345028391692
7029,5661.920314205038
7030,72390.86453538002
7031,4456.805263722388
7032,2873.0612013327254
7033,6049.157838249534
7034,8616.917312641652
7035,5357.839684504963
7036,8533.335170339435
7037,50148.00428429259
7038,5493.941145487475
7039,57337.63843155795
7040,36101.24932375045
7041,1943.0062047406645
7042,3071.3317034224174
7043,55191.03846347074
7044,6621.108243107875
7045,5192.210243062007
7046,28177.33922731193
7047,59166.07593995652
7048,50323.91377390825
7049,58689.935003420745
7050,17614.86321983794
7051,5912.723423603777
7052,52654.97729055156
7053,49856.63592912391
7054,8293.645425795461
7055,6610.031920543194
7056,54409.28250376606
7057,5566.025477492963
7058,2664.226509149391
7059,59608.77874578922
7060,35807.37826832588
7061,5105.614638815744
7062,2602.7356204747307
7063,5794.932704031741
7064,4767.297482092221
7065,8094.895187758113
7066,9514.9884474246
7067,3802.0331565599067
7068,51256.66657918002
7069,34218.5275362346
7070,10514.430855233202
7071,45692.93695041284
7072,59432.978715605845
7073,5705.981009226652
7074,8228.801272828365
7075,52843.95182015384
7076,55262.97500755124
7077,10350.776780840915
7078,3286.7234291221703
7079,6742.745132913891
7080,5544.234024791114
7081,5468.746356318488
7082,4175.125346086802
7083,56922.380448669166
7084,53769.4600802208
7085,5573.791106520989
7086,43234.45526243603
7087,6983.928524269846
7088,12571.813138813472
7089,58897.388136054884
7090,5421.485180368596
7091,9239.461764995189
7092,5659.786184623108
7093,4661.022851332906
7094,4104.44658894441
7095,5842.470225526809
7096,8061.4710952151745
7097,6042.439666008318
7098,5262.496860418689
7099,47291.17989301609
7100,6541.983035765636
7101,3542.01835841957
7102,5763.61334028937
7103,2955.9041150920402
7104,72215.91945427177
7105,3101.7826940034593
7106,4979.168079919277
7107,4152.758528734593
7108,3557.0651175204434
7109,5895.104462743564
7110,6012.0667003996705
7111,10392.382452422884
7112,2106.393779670887
7113,57969.90414813634
7114,6803.037300745195
7115,4620.902313834033
7116,5322.30829803087
7117,4529.582160406567
7118,60906.417515564935
7119,3076.4123954129086
7120,4255.984895529987
7121,67272.45574745252
7122,6143.414511792179
7123,4325.0981072022705
7124,46584.0139291448
7125,6779.7626436216
7126,49359.59067603503
7127,6919.977507011149
7128,46159.39821600726
7129,56281.881128416244
7130,55390.52494394219
7131,8939.752884366337
7132,4712.766797383612
7133,8551.354356530393
7134,2906.8739755880033
7135,6025.054032098626
7136,22966.956826913676
7137,49385.89270490197
7138,59885.852504277864
7139,7981.397664304503
7140,53888.9735609496
7141,8118.185400874412
7142,59868.5627166398
7143,4463.976720989558
7144,10135.593546882334
7145,2540.5786278045803
7146,2428.2277640285884
7147,50817.483502014074
7148,10524.569038730295
7149,9206.598479066704
7150,6897.883489136793
7151,7929.1481661815515
7152,7907.683893408909
7153,2101.155505448022
7154,6713.031305224369
7155,3493.3094454779466
7156,5070.88757260988
7157,4709.45933606885
7158,57555.876983337344
7159,18153.392006320108
7160,8378.044175918847
7161,12348.174072220776
7162,54921.30751442061
7163,3396.8959839886643
7164,8274.060710328904
7165,5767.4542264943775
7166,8361.012594239603
7167,4847.396154986767
7168,5237.564766765851
7169,5219.923665933862
7170,65133.17012874
7171,16728.83969925886
7172,5662.06539156135
7173,56919.52750760045
7174,13087.98086264588
7175,2137.0493300979115
7176,6528.0095244284985
7177,4642.547879722952
7178,5104.719533866564
7179,6236.137339169572
7180,50565.444072914746
7181,60230.98953622372
7182,6822.943316437444
7183,64633.33910052378
7184,5997.7741143027215
7185,7763.015541694521
7186,57090.36504007787
7187,11373.249855675138
7188,4944.655526021268
7189,44951.29408564533
7190,4210.31447465999
7191,5920.052102897561
7192,2134.16991501815
7193,4452.231234052532
7194,2117.124111823672
7195,5275.548899080226
7196,41880.644904451714
7197,13434.358652855732
7198,2646.910111938395
7199,61503.919390217394
7200,7550.246971149897
7201,4464.634192111228
7202,5057.144609234314
7203,3109.786075532005
7204,5036.9745569728875
7205,7425.115722473415
7206,5495.023680072185
7207,53079.02191535625
7208,6075.943055333992
7209,2834.331750047946
7210,3745.6146966242386
7211,6883.444823477421
7212,5937.206009331909
7213,6250.817992885961
7214,10582.347812797716
7215,61881.870881817886
7216,1679.0111975432144
7217,46586.888886452354
7218,5496.628773258235
7219,5560.190565944302
7220,4614.696991953053
7221,51933.80104865238
7222,6043.838788109131
7223,4822.620296610754
7224,4554.254386294182
7225,60077.63155062558
7226,56642.58241454821
7227,4118.299253843956
7228,3921.9160649712026
7229,67382.98383405224
7230,48824.33316649475
7231,6102.126520202693
7232,2224.813271131577
7233,4100.940645051292
7234,11402.900207439525
7235,2918.0591127196167
7236,54408.34021960822
7237,51926.57771020994
7238,5563.023427483516
7239,5438.30113979077
7240,52997.82991320784
7241,3701.001127380274
7242,59693.39947563445
7243,58272.49424088553
7244,11229.896981014972
7245,57122.294019166795
7246,6252.949585473194
7247,5198.729284202515
7248,49658.837147852515
7249,6461.17890564543
7250,51979.09867225077
7251,6334.682396954111
7252,54189.38958456015
7253,18334.541270612426
7254,56792.845348294104
7255,7497.583227326546
7256,8327.058289568535
7257,4621.391893200188
7258,4969.1495922727845
7259,7530.966587317762
7260,3527.6923851767538
7261,55640.34764075787
7262,4566.502186638557
7263,67848.08666050798
7264,56308.4369346647
7265,5065.499231025887
7266,10949.402773593883
7267,4435.753666346627
7268,1827.8779169852219
7269,40203.323689080346
7270,60401.971907916995
7271,69699.90636784276
7272,52587.62658385305
7273,7870.020296979318
7274,4263.72299658817
7275,7494.10343174949
7276,64978.247284218116
7277,4621.279094944381
7278,3875.598679610168
7279,46038.263917351025
7280,61012.73769233705
7281,5216.894379740466
7282,35000.87346818518
7283,4758.355889875316
7284,4434.52756903352
7285,38581.686813757726
7286,5965.110645019203
7287,9465.31370802356
7288,50206.47978177588
7289,3229.2109862275324
7290,61686.97018687485
7291,8328.090884046625
7292,56725.225273712094
7293,8014.740416729019
7294,4152.724898082305
7295,6520.626492735652
7296,4845.381881565601
7297,48489.879059829975
7298,13335.905658992035
7299,30256.484036523594
7300,10017.723914153836
7301,3019.2830083067224
7302,10897.030407598015
7303,6836.572692357422
7304,12065.92372275094
7305,4631.967857778683
7306,50928.30556941164
7307,11282.976559249386
7308,2435.7181656677317
7309,6942.012292332219
7310,12176.678693111855
7311,5683.70626679231
7312,6175.260525495403
7313,5222.650875338337
7314,6610.110778977796
7315,53294.75620866812
7316,46124.36152874837
7317,55384.51669758519
7318,9833.18057404417
7319,59821.8303080823
7320,57557.93045825433
7321,5824.55344889997
7322,4430.256176568875
7323,8670.847695574561
7324,56972.12469930347
7325,53747.803449584324
7326,6265.6967791335
7327,5401.9336956029365
7328,4926.803790956814
7329,7320.836940637923
7330,50007.298206212894
7331,5234.108098316079
7332,54313.40185339268
7333,2614.770152305557
7334,5091.002195984465
7335,11494.993775456092
7336,12190.722149117602
7337,6121.142367279628
7338,6320.733400802027
7339,3973.9647600190633
7340,11078.395351707612
7341,7096.624859001866
7342,4301.657086641114
7343,5198.219925903695
7344,65237.75210243328
7345,6628.721385314754
7346,8370.155421232434
7347,42144.45436275159
7348,6852.675462319966
7349,3810.7103747919527
7350,6298.038416067136
7351,13610.451294245751
7352,49772.463113316466
7353,55143.89306113543
7354,45311.55356557995
7355,10624.070415183296
7356,3400.760694810217
7357,23300.43051609074
7358,3453.3121487235517
7359,59260.77765627872
7360,14818.84068247486
7361,4011.059199566911
7362,5133.652754214712
7363,4701.676760258698
7364,6797.246115201186
7365,5575.266703460602
7366,5222.1148720638885
7367,6379.811140715701
7368,52294.039910334744
7369,11906.11278351218
7370,3919.907993474796
7371,3655.3182373506406
7372,53529.300659976856
7373,47264.263492700615
7374,12849.133305133219
7375,5675.193647052888
7376,54903.70050694184
7377,5679.199334299308
7378,5435.37935530761
7379,54090.05474684111
7380,6013.326780141662
7381,64989.15507850545
7382,48127.907807112766
7383,51209.16116061801
7384,11057.64074621496
7385,7208.146866364444
7386,5907.079126717088
7387,5184.090862823867
7388,11718.321915703804
7389,4574.247469265194
7390,5671.209584399028
7391,49762.66917858711
7392,59198.22956531585
7393,4752.907938180539
7394,6935.812272792022
7395,7038.871930004787
7396,1493.7932127885097
7397,3373.968842004928
7398,5244.445537045356
7399,55899.6235185191
7400,4745.480434277285
7401,48360.20042317559
7402,3590.7767602385784
7403,5165.145496114379
7404,2587.9824395483874
7405,58549.05294539576
7406,3735.7747656758097
7407,5195.386768102317
7408,3857.524997891288
7409,44278.18741086902
7410,8354.437676435948
7411,64680.601388332
7412,9332.389585133744
7413,3573.4047204351327
7414,63866.15055337971
7415,3545.93193699623
7416,15940.677546460398
7417,5901.928823703078
7418,56031.55914625398
7419,4582.59061668978
7420,5767.300858759034
7421,2826.357385134669
7422,3880.792431385561
7423,3124.2427550982543
7424,6210.257039651567
7425,60613.08455034981
7426,22423.51979581143
7427,61018.66040212169
7428,7358.704307376857
7429,53251.62332195461
7430,2153.936277291881
7431,6613.188065863482
7432,4865.818736031337
7433,11420.231031628187
7434,62632.28487346064
7435,5443.998131546294
7436,5649.1032228570275
7437,10874.791342701243
7438,3048.6277315179896
7439,19485.639262974768
7440,6093.6715210264465
7441,12219.57087221765
7442,54050.97838291971
7443,5001.2149054702495
7444,12715.970651201142
7445,6610.562338935694
7446,7957.664078773816
7447,65081.40794556463
7448,6913.205927912171
7449,6628.375772761501
7450,6817.272912858368
7451,5024.57511859
7452,5588.549644417368
7453,2631.115685112706
7454,53581.720854423955
7455,55890.544795005444
7456,5788.406978900115
7457,11055.979755233391
7458,48648.381458381264
7459,65797.83382477616
7460,2214.724001726229
7461,7163.028847326011
7462,10756.153694118719
7463,3622.3565349144646
7464,44284.50874434625
7465,4621.658512235792
7466,1748.5735363760007
7467,54886.27069780717
7468,4166.447003874247
7469,2519.783690477564
7470,44960.93298708401
7471,2222.688176352513
7472,63845.842899774245
7473,50701.88194570095
7474,13826.632785518468
7475,52552.531394182995
7476,6196.838706612932
7477,2391.137302432807
7478,33182.77592529141
7479,6052.143204773312
7480,3348.3784768339074
7481,7727.846897683654
7482,6254.617901638956
7483,3367.6190605846195
7484,5916.881359368606
7485,7074.8015091297475
7486,3583.4111100892565
7487,8128.210021747785
7488,65425.99404474531
7489,5348.334882057912
7490,46889.66594372736
7491,2270.6911643189396
7492,56723.637915326464
7493,7077.756356217544
7494,6947.103724239114
7495,4974.913196126411
7496,5323.682379658796
7497,5578.138656733305
7498,3459.4301943793316
7499,6189.366488844812
7500,6956.512196418925
7501,12991.190331841293
7502,7560.647322873248
7503,46348.68500287789
7504,57741.31353428493
7505,5171.462266524706
7506,41525.16897358734
7507,5698.442399833431
7508,5990.778359677467
7509,53820.46242084741
7510,39740.958709098166
7511,41718.5752926762
7512,5386.197407954982
7513,61152.8323047874
7514,6891.479370828633
7515,56188.339503256764
7516,4354.341016344549
7517,33478.390056127304
7518,31142.828021394944
7519,2848.3904579913087
7520,11424.017792340808
7521,70974.37278099358
7522,5440.387722125131
7523,51100.79826288186
7524,34033.223583930056
7525,4369.649198861453
7526,5666.304155579321
7527,3072.932018565591
7528,57190.84363101931
7529,32189.96264772704
7530,6938.538152279714
7531,54208.15402654004
7532,46779.03717261934
7533,5088.309022914247
7534,4891.824504379814
7535,50434.760715907854
7536,8294.094131526334
7537,5176.781032904552
7538,6043.647861477087
7539,50952.05599305926
7540,62434.34014816338
7541,5699.52169548993
7542,4859.1882505186795
7543,63587.51133796153
7544,3867.8396787254696
7545,29782.50632397072
7546,56435.13200220336
7547,2673.72393132072
7548,3533.5831047282754
7549,4080.67819577067
7550,5006.549166433014
7551,46575.08179399179
7552,5938.640788534823
7553,52653.90541637888
7554,4861.118676353524
7555,52530.396189387444
7556,4779.252144966443
7557,5715.315146052935
7558,5032.349541878233
7559,44675.49953259417
7560,5183.375111031791
7561,2299.2364533777086
7562,2677.127251284834
7563,3384.1494748268847
7564,68349.60593851385
7565,8610.128264798575
7566,4286.853617688147
7567,7372.786613213843
7568,80178.39663986706
7569,5132.066045575716
7570,6170.880546871753
7571,5124.543913030157
7572,54725.49319155025
7573,57937.79706942265
7574,44284.818699738185
7575,9548.312429947913
7576,42800.61580547402
7577,5043.8184464849755
7578,8421.50923294528
7579,4666.086071891024
7580,6806.371068696706
7581,7201.679095776789
7582,52166.465062574265
7583,54758.69562569813
7584,49945.86663747589
7585,8242.101546742479
7586,5041.595211431804
7587,4786.228478123391
7588,7017.698541362895
7589,29662.057880981985
7590,39912.25972971336
7591,3192.116120517012
7592,11408.942590884373
7593,57215.253017538176
7594,5235.027324192766
7595,7908.91614031117
7596,5109.065434864062
7597,6200.841418727281
7598,6964.677850797821
7599,7690.756485637858
7600,62004.934109323636
7601,51426.087252147
7602,69836.17993413866
7603,4827.042463916992
7604,8108.203043968037
7605,45754.4931949373
7606,5684.531676285326
7607,39398.43990623488
7608,10481.882160309604
7609,2724.413122592427
7610,5254.70999428523
7611,50439.86727120878
7612,42789.460082457525
7613,67358.9154197329
7614,14931.157604360971
7615,7828.650977101049
7616,54719.80560826972
7617,2922.0281589466204
7618,2628.627743783476
7619,6265.625878295686
7620,47206.08988406694
7621,59141.90507394889
7622,81957.94430365045
7623,11727.18130853112
7624,59439.66356139593
7625,3598.9193378146238
7626,61093.20705207335
7627,5327.638976464097
7628,11176.842396749651
7629,51683.21772135992
7630,69887.86633995057
7631,5127.589048989825
7632,11830.67748727342
7633,5683.060666542521
7634,56143.71713354798
7635,8890.454971478459
7636,5549.916738035717
7637,3763.2379492078107
7638,6384.683061216294
7639,7082.579020949593
7640,10381.148964390924
7641,5365.188499851554
7642,50198.727262603556
7643,5385.9583414904155
7644,49683.579144350115
7645,49510.2616188595
7646,6230.4799433257485
7647,56497.2699696192
7648,12865.502796476449
7649,4001.9637285170547
7650,6414.813214850602
7651,4328.126768476329
7652,41100.03966101804
7653,3987.4688140557714
7654,6752.548469781312
7655,10234.91892386778
7656,52348.590521451966
7657,2873.199266715285
7658,7314.996526032594
7659,9553.85130814683
7660,53157.30628663604
7661,6909.059937742015
7662,8424.383443986322
7663,5714.789824988955
7664,5800.840354197074
7665,4785.331812965265
7666,3883.8049411522134
7667,6677.786180513422
7668,8239.109846867705
7669,4195.285352126173
7670,14800.967504546032
7671,11340.426319472923
7672,7171.492432685747
7673,9100.551746722836
7674,62417.999467030364
7675,6532.639531987048
7676,5941.995980033861
7677,54190.323261088255
7678,9590.264376795454
7679,5607.585045396442
7680,47168.544845713695
7681,6587.807727659167
7682,4333.2444949823575
7683,58212.79747515696
7684,7777.156467571553
7685,6794.778414311942
7686,67947.88025901344
7687,6423.085191271062
7688,4732.645012550367
7689,62464.23466050475
7690,8011.963207017138
7691,2401.60296086249
7692,6074.783575998019
7693,5973.823454060594
7694,5506.7686478401865
7695,3684.4328900012856
7696,6664.164793981153
7697,4890.840823193629
7698,3506.655121650864
7699,58229.55477673573
7700,1692.409608334921
7701,7509.796402040283
7702,54710.81388871309
7703,2796.5367623853126
7704,7839.6259123745685
7705,5283.159854938858
7706,6332.360396862129
7707,66654.34999569505
7708,49003.23511774912
7709,8885.694813313707
7710,5257.538022565243
7711,2128.915979457966
7712,6458.514593176102
7713,39744.440722583655
7714,59365.59852134573
7715,60463.45935049174
7716,6734.937232892142
7717,2689.4589375530923
7718,3271.2569243750377
7719,5039.356038527677
7720,6471.659784334872
7721,3821.889497502511
7722,40241.82776950184
7723,6153.485678313245
7724,56801.157450329745
7725,5009.811076152734
7726,4433.093380080348
7727,9613.648583519469
7728,59559.73304703007
7729,10660.90557603159
7730,53541.78957429717
7731,7185.027610752829
7732,6945.860297941292
7733,5314.149308870485
7734,4356.053350084583
7735,4621.238974398026
7736,6140.231827904285
7737,61345.440716676945
7738,25077.956831168973
7739,52913.09788212224
7740,7329.5059725245965
7741,6035.41947546612
7742,4739.989951910763
7743,55309.46141870259
7744,70615.48242479433
7745,61107.372169133625
7746,2681.8708137919325
7747,8128.7832111575935
7748,2700.1763072765943
7749,4157.419932068644
7750,66789.17159433226
7751,9629.228178653968
7752,41147.59957368946
7753,5136.907903227543
7754,4641.886020478127
7755,45775.384924165875
7756,8620.934480504855
7757,6650.344901326136
7758,4835.045478545198
7759,3270.4579713215294
7760,6310.322252649214
7761,2758.2702287800635
7762,3683.170279822847
7763,3045.3147958285217
7764,5528.563156576503
7765,13717.92915209623
7766,6099.162686737556
7767,7272.964009598148
7768,3467.9507998347567
7769,5147.722081019365
7770,8496.71921117451
7771,23764.267939388403
7772,65288.61174528027
7773,53025.19749450551
7774,5607.235779889686
7775,6784.047511584486
7776,53520.62648471666
7777,6850.4667366347685
7778,5004.642838694701
7779,66517.56285307858
7780,4641.788652915366
7781,61001.255583310936
7782,3719.4109824490124
7783,44861.72946786477
7784,11193.686824645258
7785,5786.9759648817235
7786,45584.719723855895
7787,5537.818902267392
7788,10882.692748874557
7789,58434.03480807208
7790,11407.77973255674
7791,4991.621839377109
7792,49642.13089500162
7793,56828.23506242281
7794,5063.685315003838
7795,10781.596697356345
7796,3499.1730264110156
7797,6292.932107117959
7798,4365.821669614921
7799,53902.12430800285
7800,4974.062909341994
7801,5936.976121011572
7802,6551.025811311905
7803,61935.52934599298
7804,2262.7376609946077
7805,7711.060538527674
7806,5526.304566279722
7807,7922.656416802953
7808,70730.56640009195
7809,87604.20804622567
7810,14075.37544654031
7811,4459.177350111895
7812,7689.021613833113
7813,14516.914975616388
7814,3447.6977706701205
7815,4317.236403401675
7816,43370.27062961279
7817,51219.82534961766
7818,52822.916356189955
7819,12246.732377673046
7820,9130.7783180237
7821,5055.703657936849
7822,4919.023417901429
7823,4972.153490755835
7824,46494.04428478044
7825,5600.777594198452
7826,6177.459736049836
7827,6490.490436800081
7828,5559.495191649874
7829,6202.7265345192645
7830,4769.70815723797
7831,10676.660074752737
7832,8451.746934718703
7833,28599.20398055108
7834,67572.34554710002
7835,6715.85962676065
7836,24659.553249663615
7837,5455.664205605991
7838,4979.0171082735515
7839,3692.992160051915
7840,4993.873257244208
7841,26947.690017022414
7842,42097.38300139278
7843,3361.0425970256633
7844,11983.552424298017
7845,4710.349912023891
7846,5713.869492439814
7847,9691.652463215103
7848,56953.777374006095
7849,11153.09142093738
7850,5494.875421681476
7851,9276.23874578047
7852,50449.1315854372
7853,17326.346489796582
7854,12281.770245035565
7855,6879.648811287596
7856,4612.142791877011
7857,8118.758555162713
7858,47053.462419834585
7859,6310.074777506245
7860,5857.286083962259
7861,3199.4788172619665
7862,2161.757865941688
7863,64778.748140403324
7864,6228.7201320440845
7865,6887.15934588352
7866,58983.21156295622
7867,4032.496898294792
7868,3775.8594223548744
7869,5841.5307701607035
7870,5261.761169423442
7871,5894.824188464687
7872,51043.30980728323
7873,6984.220513696095
7874,66480.36127545612
7875,50831.56522901566
7876,66771.73787370828
7877,2370.098336483775
7878,10469.285715392347
7879,4758.271743690461
7880,59950.28004633113
7881,54633.491659752326
7882,49628.32645391268
7883,11770.061015817211
7884,59142.26285979579
7885,5954.904950972148
7886,4536.638804599685
7887,17369.649871849022
7888,9490.775616889996
7889,7620.829069512527
7890,58542.579753661805
7891,4893.222667376378
7892,4670.350608028271
7893,61604.292606059316
7894,56731.85195611538
7895,54319.70670709309
7896,4838.939905232993
7897,4071.801463717178
7898,9081.825852434968
7899,6366.441323774599
7900,6343.015106303561
7901,2979.0820162630043
7902,4069.407753929712
7903,4767.5102421367465
7904,5254.6441296449175
7905,42787.4085374205
7906,5245.230949970819
7907,6220.109880539087
7908,7713.810435540623
7909,62218.643121304754
7910,5420.434072051602
7911,45085.3289412161
7912,10625.483078036441
7913,60326.765812009326
7914,8309.97489106084
7915,6220.620874379365
7916,2573.6765229952675
7917,4208.573429690117
7918,40365.78325855025
7919,4300.8256771190545
7920,50637.49275858383
7921,5013.934713653341
7922,39951.49556614711
7923,2915.0135486765203
7924,6054.89440184415
7925,6214.924803568432
7926,4635.79575831136
7927,5793.842730949018
7928,52025.51647142112
7929,4402.993915085062
7930,57446.002205501376
7931,3299.2716512434054
7932,3339.8079383046816
7933,12460.892996620296
7934,29473.25965754517
7935,43334.1706434099
7936,6229.370198163499
7937,3873.7766854519923
7938,5526.640981274901
7939,3938.1102665372205
7940,6386.31048186543
7941,6132.672793327034
7942,70405.59645455466
7943,11726.327349172288
7944,58221.429590125874
7945,10565.534342240135
7946,1827.4767995803861
7947,5504.0809562406
7948,34762.188112587515
7949,37672.48782436658
7950,2352.838984961796
7951,4782.311521182197
7952,5476.5338494505495
7953,8251.348529787238
7954,5571.73815321228
7955,41373.28401075947
7956,55713.31601353148
7957,7739.481030451195
7958,6634.370243824702
7959,4551.9542988536905
7960,4796.204733128613
7961,3035.9936526975544
7962,48465.031419680876
7963,41303.53376715062
7964,6226.063411036068
7965,38154.105836015355
7966,6372.1809617577655
7967,5153.957806594155
7968,60339.77656208093
7969,58872.7770364662
7970,64197.285712929275
7971,7292.832215769505
7972,5040.278295557587
7973,9020.893731442113
7974,61384.200067104946
7975,46516.56788929046
7976,6342.154781324327
7977,13978.21565231962
7978,54505.250882248976
7979,3736.6242475869594
7980,53523.6010805113
7981,67540.2200057293
7982,5517.146132450217
7983,4295.716550917088
7984,47855.18560230823
7985,5310.912525187036
7986,56838.81261985271
7987,19347.012533021385
7988,46425.81909566873
7989,4630.7326486025195
7990,7891.363698187234
7991,5619.373023461925
7992,55530.43889411537
7993,4091.3331852859965
7994,5318.974347720105
7995,30818.36765296099
7996,6431.582135276827
7997,5593.118323931079
7998,4645.990673039773
7999,47017.87076294894
8000,6114.916365650846
8001,6319.745171170496
8002,52110.51454038087
8003,43859.20088781803
8004,4582.211192760544
8005,4284.873040825453
8006,53514.783896382214
8007,6122.854285849549
8008,5881.155550843212
8009,10011.12821194487
8010,62047.99295007487
8011,4509.008182913456
8012,5272.713875355176
8013,5959.511888762279
8014,23489.97891672657
8015,57490.7841785372
8016,58015.27916171831
8017,5550.254899722152
8018,6532.268891058482
8019,8788.00849308493
8020,45391.02227746442
8021,10567.525206122516
8022,5066.716196365312
8023,2993.140887239815
8024,6596.834240320928
8025,49427.50701748781
8026,57107.19734886403
8027,4645.9995007318
8028,47492.73780594787
8029,48182.50286354001
8030,64603.453846847646
8031,57773.72206176771
8032,3853.827987469683
8033,6946.735329980969
8034,5685.670786344641
8035,6365.387152370235
8036,9947.48411991506
8037,6553.4883300221145
8038,5385.589515117812
8039,69418.40347653844
8040,3472.1966361420955
8041,54421.41769190247
8042,8892.903480286308
8043,6251.264202779403
8044,51962.33263930515
8045,6183.064341361782
8046,4080.137448183408
8047,12217.340458439947
8048,56034.88375866858
8049,56285.628393625084
8050,54904.46778823194
8051,6690.02807939114
8052,45181.00782735371
8053,7771.557440732334
8054,2632.0089882314405
8055,57388.8142218747
8056,5806.435961614121
8057,51130.035087716155
8058,66301.89429062854
8059,67349.12534058065
8060,3038.4001430259077
8061,11031.380030171616
8062,6419.860920980514
8063,2953.489694859897
8064,5189.530261296075
8065,50004.236689091515
8066,2348.47847092553
8067,6306.8898416524735
8068,59979.315106466755
8069,6656.598475417738
8070,56987.972273803025
8071,5320.198590059705
8072,61095.50950869504
8073,53175.53718972658
8074,32799.91688136583
8075,11230.372554646552
8076,6267.2667702038425
8077,5705.423062976906
8078,11716.659743223801
8079,6677.884112033185
8080,6673.047033544448
8081,6491.742153701908
8082,6717.016766282748
8083,8987.141195575023
8084,12519.996159792398
8085,62730.03887671952
8086,9449.910526075431
8087,3665.53169194561
8088,5576.882307668513
8089,56968.46614641361
8090,52349.20471751873
8091,4523.19117628007
8092,14784.451021536343
8093,2715.772919752284
8094,56624.68127353123
8095,3564.5153887115925
8096,7066.621229460584
8097,7398.395533465771
8098,4868.314603019917
8099,51571.50536004315
8100,5398.043971080973
8101,12906.834352313006
8102,5779.57262181568
8103,6465.014574012805
8104,2393.6064747289643
8105,5044.1754971076925
8106,43790.55129761384
8107,4873.126558477081
8108,5915.881028724987
8109,5730.729216642093
8110,4978.655473623012
8111,4850.225317688413
8112,8509.390054154484
8113,5045.2245421420475
8114,9630.649714267358
8115,42397.484212776086
8116,36783.67828156656
8117,2894.6824671955687
8118,6435.129363629241
8119,10690.875381451951
8120,50242.66358880721
8121,10792.822730158561
8122,7637.068912454039
8123,5769.329263693765
8124,30594.577350131698
8125,47001.76976257427
8126,2513.4231400764425
8127,5241.193954852926
8128,4203.160477449701
8129,48038.170928795436
8130,4619.337518549948
8131,2655.924896487217
8132,2139.978765629618
8133,61093.06502565437
8134,59885.852504277864
8135,54269.09819671029
8136,22540.763905599
8137,11009.023795586982
8138,10325.620581864941
8139,13902.102715914003
8140,55245.69200192297
8141,7242.994568161251
8142,13392.179569078675
8143,15737.0312246451
8144,43404.6132024132
8145,12011.802189330876
8146,4621.48093979138
8147,4789.445218456493
8148,65692.0611773324
8149,4987.091026424112
8150,11214.791812644118
8151,63426.00795841044
8152,7598.980654853326
8153,57024.9940750711
8154,62272.37785771174
8155,4942.692212847411
8156,9240.525996293914
8157,3840.8689208207425
8158,61428.40359756552
8159,60615.1003324876
8160,2660.812831533477
8161,58791.465462980625
8162,6447.070228177057
8163,6105.125502396582
8164,8311.718463030798
8165,73430.67370963175
8166,22960.336579316216
8167,20703.86599720857
8168,58378.369903358165
8169,65140.767367185894
8170,6305.846905815066
8171,2338.5969747494037
8172,5012.5637786706375
8173,50967.99191529918
8174,4432.393423271133
8175,2922.539926447246
8176,4213.876794012942
8177,51230.38146422692
8178,6564.334871986412
8179,5338.116550471786
8180,26483.1741480429
8181,3229.195352614323
8182,58778.428746125544
8183,5714.922639994358
8184,7584.434930144055
8185,5329.205114828381
8186,4078.2942461492603
8187,6150.8218030038315
8188,5791.295508395
8189,54482.93147606094
8190,60837.11382742809
8191,4378.090565380618
8192,8174.849151714095
8193,5246.624166373546
8194,3586.1316909565267
8195,57310.87243344533
8196,2771.092251297233
8197,2454.0438071096323
8198,6665.234695615988
8199,9911.916144081695
8200,5530.093304503951
8201,4255.464894506405
8202,3632.2294419786676
8203,6081.761222076253
8204,1467.6340186898685
8205,12738.184041028288
8206,6524.362433551025
8207,6357.44108994811
8208,3879.2345806564185
8209,47787.78784276819
8210,6822.965009862751
8211,44019.32462996895
8212,2671.3723614111805
8213,6423.578010725578
8214,57041.30018538755
8215,10607.410212056682
8216,3360.776283049815
8217,50088.26226329667
8218,5948.396996926531
8219,77075.48088583902
8220,1358.429101807565
8221,12006.960932548573
8222,4929.695639541073
8223,3646.014797455761
8224,44981.46381207429
8225,6300.133694251946
8226,8313.68129224359
8227,44836.20793625628
8228,4259.6214480087865
8229,5011.887250833774
8230,57044.715455418394
8231,9005.680247266826
8232,60098.470844578915
8233,7033.800018117057
8234,6360.860809402806
8235,4199.222033917417
8236,53975.90320419436
8237,1264.5603178666024
8238,2429.2783631733905
8239,2180.774335534648
8240,5541.666537398542
8241,6216.372539174145
8242,4793.453106526314
8243,5093.062298940573
8244,4587.713726703277
8245,7147.99046716617
8246,3196.670243288515
8247,16028.830513577352
8248,5261.13306925979
8249,5825.441612813227
8250,5238.110330255175
8251,5868.357428908383
8252,4024.0428020604795
8253,4020.663861001744
8254,60351.57447835879
8255,81138.96551064432
8256,58081.325916719186
8257,6637.679611438384
8258,10213.890377785692
8259,47586.229217940294
8260,54896.675507877364
8261,50715.54401677341
8262,6092.457456542446
8263,6912.981737998471
8264,47623.88853523086
8265,3197.5917402243267
8266,67700.00300286128
8267,64649.005542990766
8268,7198.070878103133
8269,32716.411220910268
8270,58080.519611525946
8271,6980.720674747572
8272,9101.262901600187
8273,55538.94403412087
8274,8129.683514513876
8275,2886.554691821191
8276,5670.733247757013
8277,10201.32434227148
8278,55641.1605164877
8279,4021.2276856740446
8280,3000.780462357191
8281,10528.117912753505
8282,6604.893777311716
8283,4779.704751173063
8284,5184.4031825010725
8285,6932.252518259201
8286,55411.7802142303
8287,77162.83574167773
8288,9133.85538731135
8289,56626.0144362213
8290,5438.164345713159
8291,10813.992133815373
8292,6187.270558525803
8293,11510.023800371962
8294,3122.086157196918
8295,6214.163948653733
8296,5116.111068466424
8297,49735.285144870504
8298,6329.244637681957
8299,7708.778928837919
8300,2877.7357670403753
8301,6657.688479298635
8302,3037.7083277634515
8303,50637.78704529362
8304,5577.769662203065
8305,1650.5303804343248
8306,7820.742941642144
8307,58462.35706699875
8308,54306.2655288946
8309,4857.90170398576
8310,4416.262081597457
8311,41952.97222087102
8312,13608.632148961966
8313,1898.2582303375798
8314,3497.595655134489
8315,50174.43939802428
8316,46181.56995691598
8317,10605.818693458723
8318,48650.41785133611
8319,4492.651441576136
8320,5650.091017604872
8321,5713.081673518149
8322,3476.564967153918
8323,4887.564285764761
8324,4542.655519948041
8325,5930.771413238925
8326,5522.558789861826
8327,51587.757628252104
8328,4190.69289194237
8329,5040.907585863408
8330,6477.014894758363
8331,7317.668665807026
8332,5151.021484667866
8333,53130.424484781324
8334,58269.176148713384
8335,6106.182387195382
8336,6817.7152909505885
8337,59628.831064570135
8338,6200.29937995291
8339,60951.53630092088
8340,6775.49238212956
8341,6178.864493427997
8342,2589.765678198294
8343,5389.922406825907
8344,42475.14343547242
8345,3365.2693533272845
8346,56933.95295511174
8347,5862.395403281235
8348,5247.663159517483
8349,5763.599298013145
8350,12521.65383644452
8351,6145.281984612883
8352,2677.0991909689333
8353,71114.36272763414
8354,49313.31771776531
8355,2375.0317802206187
8356,61214.95048786829
8357,7805.612926064289
8358,7531.908412318728
8359,49927.518450406686
8360,61488.987718417
8361,4991.53324887455
8362,62749.08904714231
8363,5964.65327219703
8364,4271.020739453293
8365,48263.674257030034
8366,4703.840105849467
8367,9476.045677865024
8368,35661.98477575362
8369,2667.344027938502
8370,13568.882476524845
8371,5131.131228117342
8372,30926.014756622393
8373,5192.399503783069
8374,4631.8968525712235
8375,6805.327753292707
8376,47421.74889741941
8377,6999.234842499216
8378,3265.48385339586
8379,1665.8770408083824
8380,2980.119262420906
8381,52183.56158395619
8382,5272.062274339109
8383,55876.3166421549
8384,57589.350756617634
8385,67998.04061647085
8386,57721.37395780257
8387,49500.784199695685
8388,61823.29616792117
8389,20309.93962956318
8390,52917.06542163491
8391,10555.73167303281
8392,5622.288256521125
8393,60547.82680454281
8394,6901.180886136534
8395,9399.636912912763
8396,4709.15576593264
8397,4678.702576306847
8398,45221.71572772054
8399,4934.081512563173
8400,5293.049360890809
8401,5506.223888268432
8402,3186.6693778493413
8403,56684.154088519346
8404,5823.313477262735
8405,6081.06725666734
8406,8045.480298172643
8407,15084.677469278082
8408,6818.652389488809
8409,5885.050656624807
8410,63899.77807249892
8411,2357.9754994183645
8412,5372.599038534095
8413,5654.508605658259
8414,4785.783029447496
8415,66299.34543249101
8416,4871.9142106875815
8417,2887.120448556282
8418,2859.285384709322
8419,2353.3883560578347
8420,10712.012508110798
8421,4102.186984237539
8422,55787.935207881936
8423,5076.497282909858
8424,60711.91919245895
8425,5560.745124062078
8426,57086.85919501992
8427,5892.486096827173
8428,5923.4088284380705
8429,7185.059988063188
8430,2973.8532166791897
8431,57152.054838749435
8432,5049.794686294434
8433,9423.092379263919
8434,3259.769645298084
8435,3543.465149098503
8436,8118.611231792792
8437,51134.57710072663
8438,5248.098649700584
8439,54211.97481790387
8440,51669.07295360086
8441,5725.271300380222
8442,53508.1390753174
8443,18642.16182055981
8444,7015.180916313902
8445,2475.6468361024286
8446,12284.556018883086
8447,7518.922082893612
8448,5733.354961768204
8449,6007.254296952136
8450,48877.858455656504
8451,56906.07219610404
8452,59409.272504180146
8453,2533.1978376970305
8454,3056.622311644141
8455,4275.80902776773
8456,55821.190394635196
8457,49619.789215196375
8458,8175.851208550985
8459,50921.8518124705
8460,6018.049694326373
8461,5287.460129511577
8462,55830.133071892626
8463,3976.458660290725
8464,6252.6112914971145
8465,14630.23155862036
8466,9427.354288371642
8467,63713.24268037016
8468,6485.8929360923285
8469,5836.056153450763
8470,50722.256318772794
8471,6578.520331441761
8472,51549.00531703619
8473,7118.588334636878
8474,13061.525856709864
8475,2394.689296548471
8476,11066.306046410127
8477,2398.0195436993968
8478,7950.663569666392
8479,4863.243955053044
8480,6021.44273978805
8481,54035.26111020587
8482,6866.411921085184
8483,62483.52933073373
8484,7873.037407919471
8485,55477.8300519124
8486,58422.51437378145
8487,5943.165553695162
8488,6588.044849717304
8489,7246.9663399084275
8490,4456.751649473271
8491,66015.04284389029
8492,10088.0053622047
8493,2791.6725412582773
8494,3526.4410107823555
8495,6749.998901181882
8496,5064.546797626848
8497,4631.3991754048475
8498,5079.016872103242
8499,8240.372561125974
8500,5651.100827447013
8501,12304.455259330723
8502,2059.3940812128944
8503,5441.592112070373
8504,10474.119483826253
8505,36490.140631841416
8506,50033.74187253306
8507,2845.118013878944
8508,53363.53306675968
8509,2653.677427728466
8510,12150.286759537586
8511,6041.526089151041
8512,5059.261644896088
8513,4717.091346773614
8514,5845.335662830268
8515,3412.245325447545
8516,50852.17820366021
8517,3649.88726139839
8518,5484.709631976537
8519,5275.83433875685
8520,2628.010888572998
8521,3383.790315653079
8522,53641.26066872939
8523,4976.287470928578
8524,13742.521218022088
8525,3817.0278261941257
8526,63973.74147781408
8527,4977.423891602692
8528,8191.897099455489
8529,63129.26051985269
8530,51161.72192328369
8531,11199.472609087508
8532,3897.3427005550943
8533,43147.25805841938
8534,4452.316742174367
8535,1759.4151970788175
8536,4616.284692061246
8537,52866.68484400869
8538,76002.71283989247
8539,58035.6833280439
8540,11611.836338743735
8541,32282.498296700003
8542,9454.982693959519
8543,3867.08257841383
8544,55334.3490660808
8545,2999.1090721641376
8546,11560.515794373801
8547,19141.375249594334
8548,12240.067560153448
8549,51087.14102556828
8550,5173.786543143843
8551,62336.1086942722
8552,54538.17059707911
8553,5388.360502187722
8554,3706.100158160864
8555,5915.462565875168
8556,6909.3447512129205
8557,6141.70531565903
8558,6441.551771580442
8559,3123.6993558240542
8560,8506.438069927613
8561,5658.5675039545085
8562,47120.30271228666
8563,3871.013206084011
8564,14860.15102767378
8565,4176.0699300465285
8566,5554.964911373782
8567,2110.358408145233
8568,6928.71405590248
8569,6035.044588924474
8570,5244.820644037347
8571,3605.600213957548
8572,51931.203832678955
8573,4784.672915544825
8574,4333.508354638861
8575,57236.06195426811
8576,55703.520180191495
8577,3642.7134397680966
8578,38784.36685377283
8579,2723.0829070686655
8580,6068.454065358073
8581,5503.728987365498
8582,15284.779305951799
8583,7666.675566353013
8584,6021.219623447167
8585,53969.34338536392
8586,4787.575828236661
8587,5810.8099849340315
8588,6011.271543231178
8589,41485.41440529287
8590,50323.521991044545
8591,8790.077678622805
8592,51529.98097005287
8593,6090.20969630105
8594,5167.840522652295
8595,5561.103345530833
8596,4609.907848760499
8597,6132.176661464397
8598,44161.921682057146
8599,10904.712268500794
8600,6337.3161526956865
8601,3374.4053048397063
8602,4802.353529284935
8603,5516.572766890859
8604,4619.0624155188225
8605,47037.46502364151
8606,48896.73168632976
8607,4484.9986687934
8608,12367.918953546256
8609,6086.136223099602
8610,52331.10506834522
8611,67771.41309168645
8612,61042.28862976318
8613,50183.47531933972
8614,58127.480974973034
8615,4921.064325273602
8616,5231.50767690463
8617,4768.5310173068365
8618,4391.937537872064
8619,61691.813179306344
8620,59940.07066213751
8621,4842.193271903684
8622,5508.94512453028
8623,9489.416211951037
8624,4082.7570511217928
8625,38179.03226404581
8626,2082.701655532727
8627,63192.13960256044
8628,45888.56367200101
8629,6551.979244009088
8630,6090.350161547101
8631,9376.802339278081
8632,49686.12722599542
8633,7172.113679380567
8634,10261.992667301414
8635,53049.03697557194
8636,48114.50219345238
8637,12009.016006749629
8638,49616.13063109549
8639,45874.405300482336
8640,60012.28611352808
8641,68093.7323117086
8642,46366.59279060224
8643,55623.531943793
8644,6841.241861931371
8645,50252.23769465066
8646,2018.115386701943
8647,4806.208829553992
8648,47441.39111446572
8649,5677.069747513898
8650,4609.661254917894
8651,5945.6471029729055
8652,3270.1949907282446
8653,5071.550064549177
8654,53140.087923069266
8655,9020.943081291367
8656,4849.926868466657
8657,6004.185918645095
8658,5955.13355354015
8659,5632.175472887935
8660,3389.777553265011
8661,4964.8722951277705
8662,48575.37741202587
8663,50267.2217986502
8664,5702.606282503679
8665,51732.2965053879
8666,5183.511619995444
8667,6252.490200229578
8668,8551.912276790561
8669,5376.109905535088
8670,3417.241713483089
8671,11437.872281514366
8672,4474.485258616244
8673,10837.52162895128
8674,6007.113977034447
8675,66399.21635866335
8676,5465.271165990405
8677,7140.357181335012
8678,2649.002830620483
8679,48783.721211686796
8680,61195.214489567865
8681,64234.04596392054
8682,55490.13185581865
8683,6344.99695208429
8684,2783.0666525056176
8685,42679.582740148966
8686,4454.635997087988
8687,7029.004697131432
8688,62720.628516965495
8689,13355.194988445319
8690,55574.26929215345
8691,6116.580084311491
8692,5871.946607635804
8693,3920.858099516038
8694,55639.194200704376
8695,5345.69332526532
8696,63878.051803033086
8697,53203.45838832964
8698,59809.559015395556
8699,6062.80746006551
8700,3683.6013723801425
8701,5060.867130508766
8702,6243.825839000129
8703,5168.2526870424745
8704,2597.432630786943
8705,54396.70799544961
8706,4848.7799922824925
8707,5269.908134581985
8708,5377.58928408512
8709,45076.43435861318
8710,4661.805405952835
8711,3207.1226543006546
8712,2391.384026972926
8713,38651.62530633604
8714,4540.575428848681
8715,4630.886366034346
8716,64572.78261357324
8717,8590.374679425653
8718,5018.459945088356
8719,5819.846985149894
8720,5720.654364343055
8721,8715.124241210171
8722,7542.15150833384
8723,5222.9467239666255
8724,5765.260535278295
8725,5495.512374937074
8726,8045.355893357291
8727,3427.013454961727
8728,17480.172935327028
8729,7637.269189342257
8730,6193.679809314381
8731,7607.543901439401
8732,31222.458284750322
8733,4547.645705582874
8734,4213.66369476006
8735,4993.972245554311
8736,15177.30295393453
8737,5349.725560085906
8738,13565.249602860946
8739,3384.761034260842
8740,10834.28816089248
8741,3911.617255217807
8742,2819.5472105064937
8743,6584.005582282838
8744,4734.739954476419
8745,12667.528749157416
8746,51732.06651822784
8747,2064.0745809894624
8748,12693.838610691177
8749,53838.21826871307
8750,5196.848430496657
8751,5750.262573711894
8752,5064.818750664763
8753,3802.248157555784
8754,8517.906097091009
8755,11354.408020749168
8756,5096.117853393942
8757,63919.56238913427
8758,3706.0932141455987
8759,5576.811238549632
8760,5643.300648498215
8761,4577.645231319528
8762,57937.18099954894
8763,9912.86016283946
8764,20256.27716033243
8765,47970.827632262015
8766,40261.31042955315
8767,4996.082033668253
8768,62478.543430906015
8769,3207.5112647819697
8770,69661.97059413002
8771,5631.236907543986
8772,15743.4956328279
8773,2895.553097813999
8774,4489.311621805627
8775,9292.299949405706
8776,5321.179230299791
8777,3134.5548278915107
8778,1992.955693119022
8779,2522.0325701022393
8780,7671.139534805844
8781,23323.730296411442
8782,5929.960502154892
8783,6082.77165727871
8784,5396.390707862132
8785,4856.793285522717
8786,57848.49909772126
8787,4752.62586508672
8788,6025.1031720760475
8789,28704.16471604159
8790,5062.786648519033
8791,2112.4738825896015
8792,8942.958313249559
8793,6199.468687604637
8794,5333.880771855193
8795,5157.364953497248
8796,4759.8756976987
8797,8871.428910805815
8798,5179.469274355132
8799,14523.99606393065
8800,8764.5833448685
8801,3483.5250190063616
8802,5228.276787944927
8803,5773.5840136254965
8804,6384.950812706158
8805,6211.190843763492
8806,6571.515349185271
8807,5625.364573358294
8808,4715.875030608296
8809,5511.947019363924
8810,57375.26338812418
8811,57397.19362772073
8812,6742.008427364994
8813,3523.1474612030056
8814,3075.113059377714
8815,3158.3833353182245
8816,5127.547791531021
8817,57824.00463794359
8818,27879.455576751625
8819,7143.218938817872
8820,11429.933707787815
8821,67509.47856021205
8822,74624.90298164627
8823,8017.525388209811
8824,67819.34463763167
8825,5567.661245985892
8826,51030.32458121973
8827,40294.21157633052
8828,9568.889169190254
8829,5072.763188186292
8830,9870.43232601863
8831,3814.810147743798
8832,5063.920584379494
8833,58348.42726448104
8834,62453.57319903703
8835,45098.17649421833
8836,6076.896682967503
8837,7060.788331260967
8838,3681.255657097704
8839,56368.52075946433
8840,22021.28838450033
8841,5037.198090260032
8842,6875.413667167044
8843,56678.31439961907
8844,4230.103380854468
8845,6328.347255160594
8846,6700.272632780043
8847,8686.197100910103
8848,45034.298703078035
8849,6074.980941568801
8850,49251.20481508564
8851,45657.6866187623
8852,7855.30015229648
8853,2773.006683766355
8854,50166.82804496025
8855,66652.12676810383
8856,68775.49070042133
8857,2423.0368745047226
8858,7658.911700492934
8859,4913.175646122499
8860,70166.31187231874
8861,5680.314294806016
8862,5428.030421854701
8863,55444.90677384425
8864,12699.29005979835
8865,7005.526654886997
8866,32394.44709611294
8867,5450.1526643661255
8868,4744.244892560113
8869,2412.4155327285207
8870,61403.44350756508
8871,5234.919781147629
8872,45649.33537683853
8873,2486.4802339359776
8874,48678.89400588194
8875,6776.418017549523
8876,49503.66708655149
8877,4992.711649607181
8878,5029.891899728688
8879,44392.35299154862
8880,5449.022900993585
8881,4315.084347940312
8882,12599.926667689497
8883,6262.134910386982
8884,6042.891322421272
8885,5880.917409481617
8886,6266.626151023116
8887,5513.098135048045
8888,71838.94305452389
8889,3304.0956124207933
8890,55239.34642054858
8891,6400.200373556767
8892,7050.847126443897
8893,3979.6738055852716
8894,55157.51367646221
8895,53466.77704976712
8896,55239.445403796475
8897,6473.792343665046
8898,3139.1555779717837
8899,49553.50855826289
8900,6128.638040198566
8901,4795.98526077439
8902,20951.830119959912
8903,50416.30940742457
8904,5652.118399350885
8905,6251.514665408842
8906,5731.48238569302
8907,2823.219348645783
8908,4038.0718403030014
8909,4162.239305469504
8910,3339.957083893889
8911,65661.25232064964
8912,51881.98837649055
8913,5577.5982423312125
8914,7009.349529543955
8915,57151.79274008417
8916,4788.392515313756
8917,7184.013870032511
8918,44631.492674701185
8919,6677.920801880195
8920,51290.525582166876
8921,55888.01948099567
8922,5016.538142222893
8923,61546.251204228676
8924,9934.796594658754
8925,5690.21058608384
8926,6133.869621942058
8927,1867.1007510217048
8928,5650.534121409436
8929,50501.83141622389
8930,5094.388894577535
8931,4967.739222562834
8932,55555.985930566734
8933,3124.0807229977495
8934,51961.75988140587
8935,6629.81896399875
8936,5213.375167201317
8937,10613.830999672176
8938,54710.61017648675
8939,9476.83273809127
8940,5220.0502508881855
8941,60440.15844794827
8942,2800.0030908782232
8943,44034.737543022944
8944,6287.974392751909
8945,11553.190657655266
8946,5237.310163458476
8947,4871.778688287911
8948,5037.661116035786
8949,7544.8449380419615
8950,57892.064944358965
8951,6792.392725655304
8952,5396.386770081766
8953,4339.081529021701
8954,58294.94633222088
8955,5870.397047952603
8956,14865.273282753898
8957,55576.119659235286
8958,45248.93047946197
8959,4339.3351630299585
8960,31440.712738835875
8961,5562.5253351119245
8962,4938.823159608941
8963,55659.509917673975
8964,58766.68337697358
8965,4469.971381655906
8966,60141.87253776899
8967,32648.068604258166
8968,50306.28637920944
8969,5602.519502280962
8970,3146.6712826695916
8971,10624.604949077422
8972,12589.319048647352
8973,4958.312611248577
8974,55237.08914359199
8975,11516.71630844982
8976,5301.794825485753
8977,11025.181119501609
8978,3566.390352507422
8979,35597.54291759464
8980,7894.974753625873
8981,54226.51623479237
8982,10494.693567643653
8983,56982.17564514557
8984,56892.54711112699
8985,50872.590386208925
8986,4551.62908290038
8987,6741.984774014309
8988,8720.381729309664
8989,54754.48553660551
8990,9970.82908864379
8991,49326.31892441811
8992,5722.616399604283
8993,63155.07417577033
8994,6065.197201211671
8995,12548.924677980027
8996,4806.459596277318
8997,44430.19240701901
8998,5791.88754569069
8999,3696.8616406450083
9000,74092.282430304
9001,5443.899949290271
9002,2821.0035178355474
9003,9634.732395955542
9004,4546.848541103844
9005,11309.919883887747
9006,9843.771312138175
9007,10640.910942441289
9008,5327.394402621459
9009,10383.294244883868
9010,3367.5070882025907
9011,7929.767521420808
9012,4004.5101334797473
9013,60025.11673836295
9014,6229.848712957519
9015,2217.5585234569903
9016,5173.24301770015
9017,4309.195436532767
9018,17731.49981854398
9019,4505.564005019385
9020,7336.609205267077
9021,24598.098775646904
9022,60806.72389256167
9023,5361.775617187895
9024,2693.74672791375
9025,7149.4111521236955
9026,6573.424975629166
9027,2829.332035342971
9028,2364.392531599426
9029,7752.56175447685
9030,5366.696934239677
9031,6637.250616232979
9032,6135.702146405724
9033,75490.9504286287
9034,5937.566099635487
9035,4520.4145355675055
9036,63052.26092709084
9037,2506.355518894813
9038,49888.048953927915
9039,12464.31694898402
9040,64049.343492555665
9041,1918.4875952363388
9042,4369.729587722838
9043,38305.72550986626
9044,57545.12475575412
9045,59474.015939877354
9046,5562.016012277087
9047,3891.1807787501307
9048,62097.03161167673
9049,15167.133336549816
9050,3053.8489689690214
9051,13864.175110457421
9052,6388.3684149323235
9053,54225.786380834834
9054,7422.277588875989
9055,14617.228578824088
9056,3821.2973522140464
9057,4324.182179221559
9058,1975.2615656094306
9059,3792.724062841357
9060,6502.2462756970635
9061,12881.386633317978
9062,38767.49759357337
9063,5267.372939737161
9064,55271.01343353352
9065,59332.98344727751
9066,10454.5538163001
9067,4692.831177401146
9068,7411.118292085776
9069,11039.649101905161
9070,2354.972494066776
9071,55250.860779037226
9072,3110.4758654212255
9073,51635.216643409774
9074,8092.358131659626
9075,9625.51088384989
9076,61774.49584163352
9077,6710.093853753244
9078,3626.1952666453517
9079,2676.865398638334
9080,53082.57319426368
9081,5462.16471894603
9082,5273.331052628648
9083,6144.874916543772
9084,7277.034940877355
9085,4980.582028143476
9086,3038.6497655081685
9087,6789.040417322087
9088,60797.30058522456
9089,2896.2497252160088
9090,5496.622318562374
9091,4717.354904121105
9092,62669.125568294476
9093,9268.58515250352
9094,5552.948367096316
9095,4366.873906372085
9096,4456.288900743339
9097,13448.632008311919
9098,4063.372781999529
9099,49806.60728320277
9100,2176.373798739222
9101,55517.28546410939
9102,63846.585035882264
9103,6966.919387003025
9104,62575.63178892756
9105,6385.150707443033
9106,4636.26328778795
9107,6360.232043089441
9108,8336.818214577776
9109,24319.091061619933
9110,3752.5293142784885
9111,5207.822889191128
9112,12154.03525282264
9113,50941.212135868074
9114,5100.98289824039
9115,48494.45891075707
9116,2388.8418591146046
9117,54857.30356942329
9118,5718.811135803315
9119,3906.049867651528
9120,5176.465903916963
9121,12203.571550009437
9122,4718.848136877574
9123,38777.56726897402
9124,43552.52193796387
9125,51672.56798120352
9126,5564.355082999369
9127,57557.66651161476
9128,53446.15696785694
9129,4209.32809663714
9130,5224.403784574768
9131,3597.7161586569723
9132,2576.9850237668643
9133,4334.648658307438
9134,5356.593536585529
9135,54402.447343125896
9136,80490.63856897643
9137,77163.21351380173
9138,37210.85271773103
9139,68210.67154187354
9140,6459.278021365416
9141,49644.37367730789
9142,47968.033866729755
9143,62518.320520653426
9144,41006.0523579885
9145,4556.301494533614
9146,3867.316693325657
9147,2475.641658761115
9148,50712.11594302799
9149,56910.72804293287
9150,6897.953848399586
9151,57887.01412368367
9152,2941.587281048014
9153,3526.692727956778
9154,1965.1835600752215
9155,2374.5332672618265
9156,9781.971642907509
9157,13833.02357438544
9158,4093.9423004940745
9159,4061.0203311375158
9160,28159.98974413438
9161,6332.267604480877
9162,2967.463882139634
9163,3729.400861526626
9164,48756.63717990498
9165,53449.62656631057
9166,13852.788547087117
9167,4549.344021953311
9168,56249.15201908143
9169,62074.66310716025
9170,43333.40898873796
9171,5679.739316172841
9172,56003.64219273884
9173,8771.721198941013
9174,51827.15925596186
9175,48362.73479217442
9176,4497.509691616936
9177,57386.35545707402
9178,9046.449696230873
9179,46029.6218828842
9180,6787.208196825839
9181,4559.575951081772
9182,6098.86797409159
9183,8037.558208216765
9184,6246.4341170896405
9185,5223.693027015461
9186,3312.6883591453675
9187,32906.492756703454
9188,61891.58873752403
9189,56308.71868989304
9190,13490.538551346877
9191,6312.856447892114
9192,3638.33152473443
9193,65251.719571997884
9194,34836.325068509825
9195,5474.273677712596
9196,60624.79454134434
9197,6143.927194903345
9198,7542.662615309997
9199,4517.5918108780725
9200,6481.119344480314
9201,5509.844659389177
9202,3259.0078803603155
9203,20832.45933056384
9204,62116.87939537447
9205,4712.931465020171
9206,14165.048891844293
9207,49834.989246216915
9208,26476.595293293078
9209,8723.47983257776
9210,9234.625481432016
9211,7529.6835324590265
9212,4627.859788739007
9213,67865.9874424744
9214,6522.74274917474
9215,50945.13404834195
9216,10029.548757462144
9217,4190.528637597827
9218,29026.36201498483
9219,11883.492407065027
9220,64707.66737176557
9221,3880.6207757557904
9222,10782.083821948525
9223,6274.575150047797
9224,47026.959961461136
9225,72028.58146824085
9226,4323.109994656877
9227,6395.433874522435
9228,41344.21719610669
9229,57158.81901882403
9230,56572.913543300994
9231,65592.90869006567
9232,2728.339529915204
9233,10075.614880065168
9234,3464.1036135042264
9235,3256.9366740943324
9236,5306.185630684781
9237,42403.47138503483
9238,13603.86866173287
9239,5990.244671907907
9240,9654.449321646585
9241,61302.87810101421
9242,7631.78948175727
9243,5593.522350603791
9244,52967.05288932134
9245,4390.446313923043
9246,46679.07852617874
9247,10860.965349127973
9248,4967.1649949855855
9249,6187.963289285733
9250,11151.777685463327
9251,49114.46914518968
9252,4979.037349306809
9253,5323.59409798966
9254,54008.64208969451
9255,5649.847209573372
9256,1697.466510026367
9257,6429.808309810072
9258,11720.835747756366
9259,2342.163362135442
9260,12853.779052719032
9261,3164.420342790817
9262,3005.782484630432
9263,81159.96947939816
9264,5157.052556045464
9265,63265.11285197154
9266,45497.63490310038
9267,61561.48471753325
9268,54482.44725123906
9269,4942.324717031756
9270,6660.5996055661335
9271,2684.524010137058
9272,6104.574387222109
9273,7334.577414633427
9274,67047.71023734547
9275,5450.047470443732
9276,4787.065096625638
9277,58386.01927889549
9278,13107.960899776303
9279,5623.921036047737
9280,12225.439481651629
9281,59306.09726498274
9282,54225.85083483483
9283,51961.20088202973
9284,5105.122092607995
9285,43805.561717006094
9286,5925.465687282487
9287,4175.586036211469
9288,50977.66398614069
9289,5244.902711256705
9290,2981.086210461758
9291,4316.489893638317
9292,46472.01376638576
9293,2674.3275450216593
9294,47255.586059006935
9295,4830.399318193746
9296,4223.998239493093
9297,1419.0530738013686
9298,57186.03091008484
9299,45818.38356909678
9300,6121.7297959725
9301,5410.017815519557
9302,4589.843781547894
9303,32094.028208103933
9304,54785.25575671795
9305,2372.4372203888465
9306,12354.144882005126
9307,49273.40553540754
9308,3286.758064866541
9309,5889.889160707372
9310,4308.543240466311
9311,14711.017956572055
9312,57443.760316001615
9313,10607.526784917723
9314,5732.510104592129
9315,4105.692540692419
9316,59789.25848312087
9317,59740.96911588384
9318,62910.992406654776
9319,5591.548414106254
9320,4013.9539213719345
9321,43311.11407681786
9322,6330.121164248187
9323,5780.552052603194
9324,51363.30841600592
9325,4871.713058475339
9326,9854.104472946567
9327,2631.7223418612593
9328,49854.65667352622
9329,5728.1708104714735
9330,5425.663512176063
9331,5627.549281160994
9332,5175.752949495118
9333,4371.872372031236
9334,10158.789284280314
9335,56015.73018745945
9336,2913.456380681817
9337,4043.9345642089356
9338,5454.3144322812705
9339,3645.5848823801616
9340,6313.84736560079
9341,5161.112426268486
9342,4945.790431224702
9343,6348.607050316754
9344,52511.07844145493
9345,4844.560457809616
9346,51080.14471687515
9347,45550.7853812298
9348,45991.90862732654
9349,6313.997408169178
9350,1974.9112816160957
9351,65809.01218937128
9352,3197.540597962336
9353,58919.54507625395
9354,57375.43239401176
9355,3788.927997023313
9356,48216.039831851136
9357,32198.282787035063
9358,10591.196485760607
9359,4814.350250606442
9360,52786.020644259144
9361,6047.209405790494
9362,53464.712950809895
9363,56928.674964208236
9364,50042.75277241251
9365,55353.89627864958
9366,11204.442372509096
9367,4331.505000815774
9368,55035.061467304135
9369,3594.3236514562072
9370,8149.257753259132
9371,7486.845174188229
9372,48712.63337149582
9373,43286.999305674646
9374,9590.020250664142
9375,5141.806761920928
9376,3742.1629179814718
9377,59768.51254599274
9378,6174.49553258344
9379,4827.743501414604
9380,7377.73290747257
9381,3867.3641304301545
9382,9323.780345514877
9383,54173.60337837033
9384,4909.133186918637
9385,62617.03156857601
9386,17513.808958073514
9387,6353.722040991769
9388,12886.054676949574
9389,11607.866524036137
9390,12276.852869935723
9391,3451.366963834552
9392,45112.58566950774
9393,17721.134581602513
9394,7498.697946338241
9395,10432.393547951026
9396,4860.412555396046
9397,5950.231503460367
9398,5679.051163462336
9399,29130.91954902385
9400,60472.79899617755
9401,5655.890829349789
9402,5233.876112848572
9403,4674.103314410498
9404,9537.388107717758
9405,3006.9964694276905
9406,16436.94631561773
9407,62385.169010360994
9408,6317.055808591011
9409,13770.87687039953
9410,50854.28569598041
9411,3766.5322592511393
9412,13647.47443735466
9413,6501.505432405393
9414,4402.725008788731
9415,63502.08181724671
9416,47641.49297101342
9417,5218.857118372751
9418,12199.652486999363
9419,7326.955911249498
9420,47174.38383142809
9421,5300.487313514963
9422,7188.319449393885
9423,11114.055813806015
9424,3796.854880493579
9425,2908.13253344429
9426,54066.18631859542
9427,3705.200560476108
9428,62963.65835689223
9429,6126.648133137954
9430,5995.98789296894
9431,6814.793158626475
9432,49484.6851006051
9433,62071.490020734906
9434,4949.160130510254
9435,2909.1283157607286
9436,10290.004653075073
9437,4849.603340029933
9438,5388.83417867226
9439,11417.870348166396
9440,54124.75259410429
9441,9864.859573164627
9442,5574.011007155987
9443,44532.571343251504
9444,5294.436198356314
9445,5812.337707603963
9446,51895.659274712714
9447,47698.85116157723
9448,2841.1825131051337
9449,7230.587697486575
9450,54743.96600824431
9451,67862.17078937744
9452,3182.8432918017347
9453,4892.163870536246
9454,7689.444329251822
9455,3067.923673024008
9456,5533.860940179865
9457,13718.41066212091
9458,48663.41133052028
9459,6366.375155693075
9460,6038.744268665756
9461,47142.90491793005
9462,61270.017153230074
9463,5980.651765909171
9464,43757.24455211715
9465,12795.80000741252
9466,5663.717398172424
9467,4512.759203107513
9468,52376.7531515353
9469,52595.74263441871
9470,8850.506675141662
9471,7219.695185236823
9472,54688.68409066244
9473,58981.95127890956
9474,11439.697294033236
9475,2450.5720059398905
9476,3913.7721467547476
9477,6576.469492468236
9478,13822.167043148223
9479,4644.507207778895
9480,5550.669097133862
9481,13264.926095924971
9482,10697.929237860551
9483,50072.30766247642
9484,10215.586284140196
9485,4292.346423065452
9486,2858.9343663745467
9487,43309.54908784217
9488,4860.514693545037
9489,65752.19538942672
9490,2470.6193002582145
9491,48545.22951393109
9492,7061.175003096028
9493,2817.5428866718403
9494,6022.328598310924
9495,7679.5010164397845
9496,6652.735594022023
9497,43825.11270286321
9498,4609.828141506242
9499,1637.1287127765736
9500,58750.90190303399
9501,11455.306848082031
9502,54736.48072521167
9503,4066.9994532081096
9504,41093.46566356263
9505,6514.000911515468
9506,9015.534348986552
9507,2286.096923796491
9508,6375.905193431179
9509,5108.237109563874
9510,4303.298145687705
9511,9949.243896929778
9512,5368.305714961179
9513,69008.94940380855
9514,8285.365175842095
9515,4230.689037827067
9516,5604.409134541218
9517,6960.473775002591
9518,5641.304413499562
9519,6434.268387280337
9520,3121.3808010417515
9521,11450.326898495612
9522,48312.131098810285
9523,4314.470311531588
9524,3112.3824986516374
9525,5109.470870564464
9526,7372.82737604188
9527,67816.35840202932
9528,3827.2577106916315
9529,18864.39515025593
9530,57965.92978011732
9531,13261.290309554364
9532,6060.317823436886
9533,42400.043409242215
9534,64659.16619846349
9535,39140.60581394317
9536,60728.233617481645
9537,4740.179147123212
9538,55780.227148276856
9539,3628.0014570274807
9540,55585.32168216765
9541,48441.81329602459
9542,55295.83307474245
9543,6717.7179041308555
9544,4622.250936121256
9545,46760.05216081845
9546,4563.857585800843
9547,4666.8229541577
9548,1997.527220843063
9549,61305.94064325826
9550,2761.8455744768685
9551,6461.503422447327
9552,55013.85405712562
9553,5356.299204594584
9554,5738.654078438074
9555,11291.124733538152
9556,23559.435964260952
9557,9007.104646847683
9558,48556.70356442656
9559,10689.095075232632
9560,4825.353544003003
9561,9654.279670204915
9562,53955.22758557438
9563,4595.332080900405
9564,4875.539269342897
9565,46363.57463359994
9566,4765.889828456517
9567,7608.890546629275
9568,5437.080528079176
9569,16070.09841117709
9570,5675.793601751411
9571,6425.510934005604
9572,54359.50722523853
9573,13112.950665351373
9574,4872.5487873351385
9575,5850.449887268831
9576,2245.352106271162
9577,62195.02611812249
9578,45705.21687770254
9579,6718.570270731667
9580,61535.75258628027
9581,20707.63932233912
9582,56204.19494824695
9583,4834.98999722466
9584,44908.07491968176
9585,41134.36623865183
9586,8340.64992507443
9587,48564.06280267906
9588,6273.90636718614
9589,6473.142130027554
9590,5604.851452140822
9591,2549.562763365343
9592,6932.911767036238
9593,5482.780495734018
9594,61515.98747735928
9595,56939.67562638664
9596,57394.7415852383
9597,5651.837912499506
9598,4856.327520016063
9599,3529.2823269934947
9600,4131.311125268321
9601,7407.217131824681
9602,37382.79598326543
9603,3102.326035744036
9604,5926.553997679978
9605,6335.763175785525
9606,40876.94699328499
9607,4510.457091745948
9608,2198.2550677350027
9609,3652.6203553835285
9610,10938.60440850746
9611,3790.3388605412515
9612,55433.893148844276
9613,54689.015497648455
9614,4868.479942289377
9615,54821.90979777211
9616,5905.653609976511
9617,5702.5932706677395
9618,59115.87787397823
9619,49274.12194371849
9620,53849.403696632704
9621,12434.76304684955
9622,5380.053757380707
9623,41100.72057000775
9624,7540.1254968404655
9625,5289.459037483767
9626,5755.673133694581
9627,3712.205910598795
9628,6906.780377351231
9629,7068.990115602624
9630,42314.61966821857
9631,4818.803505122967
9632,5829.8513801870895
9633,69033.97678096431
9634,55086.37813106153
9635,6484.715486793319
9636,4599.91758939659
9637,5898.45988804496
9638,5664.7079617224035
9639,63019.567243958445
9640,2023.9024266211447
9641,12388.752974683412
9642,5087.094114688928
9643,4816.545258270852
9644,5518.833920557477
9645,12919.475440997754
9646,2624.7180493580427
9647,4140.1821893956
9648,15612.641622025403
9649,6601.184736551886
9650,5076.419998854929
9651,4522.887622316222
9652,4476.283121640394
9653,11610.722900876302
9654,10250.51252849089
9655,3478.374559273404
9656,2213.2054757245332
9657,64601.05050612413
9658,57873.34422503682
9659,8135.624949971986
9660,6604.242239617618
9661,53173.409304193774
9662,5101.583870283092
9663,3881.4714976218984
9664,5971.221891805185
9665,2648.8592257620912
9666,40407.583904759595
9667,5995.993290487719
9668,11157.243259107294
9669,5219.952066965916
9670,53679.047055788404
9671,6840.678067431375
9672,4646.345395623586
9673,28747.433063766228
9674,52680.91542528667
9675,58857.423731276096
9676,60366.92070092002
9677,11269.077943708264
9678,45957.99416828209
9679,42630.972661039326
9680,7981.050116850352
9681,5803.92719498911
9682,7427.973796126559
9683,9513.885611313348
9684,4264.630512653303
9685,8323.428091180223
9686,62057.56408768733
9687,3378.8637641143973
9688,11450.04022540101
9689,2749.662447864717
9690,55402.12938260289
9691,62881.971221223335
9692,7393.569556807429
9693,4777.616414258953
9694,6314.620727692715
9695,51525.55561013565
9696,5991.2505704221785
9697,51905.70714661465
9698,4340.655258497795
9699,64389.277892412785
9700,5224.186351879286
9701,62439.101859372895
9702,2352.2283037054785
9703,8011.02092236063
9704,12803.365629919974
9705,39111.37029979169
9706,6833.327108317904
9707,49486.61783307146
9708,7595.996037028399
9709,29278.87927737699
9710,3763.1961440986793
9711,53322.96690541986
9712,3851.8306576614063
9713,15107.88304139193
9714,7849.065596457067
9715,5051.090970291929
9716,73040.70755996325
9717,5284.077566655711
9718,6470.54534931987
9719,5024.907416953338
9720,9534.88027129199
9721,7886.387773872171
9722,22806.661853757105
9723,5852.580064357751
9724,75862.42509370466
9725,7813.472549822013
9726,45515.03052911474
9727,5351.470095324089
9728,37391.274186228715
9729,5311.519326393486
9730,4765.542089244063
9731,16638.726936201136
9732,5723.788662427056
9733,4308.2418246462785
9734,2454.013848795711
9735,6108.689855865253
9736,9502.376806280105
9737,6135.05144309779
9738,3013.280203922941
9739,6013.602647931586
9740,6129.119504990277
9741,64625.734681312126
9742,11026.4765427814
9743,8030.317289629661
9744,40115.64499003171
9745,4925.202541692395
9746,6853.708479139343
9747,49893.55204899521
9748,4744.816000441937
9749,65894.2082286591
9750,6160.135232568885
9751,5810.987257951441
9752,53749.05144717389
9753,67624.66941380469
9754,6306.363016835528
9755,4854.740577599862
9756,41818.36016908684
9757,6544.425301289883
9758,3198.020683908265
9759,12493.319395994813
9760,51706.91312137183
9761,3105.8325019526847
9762,4656.914084519941
9763,46046.04226237808
9764,4103.9844022391
9765,2377.3643680801897
9766,5127.996463374128
9767,9688.823362959754
9768,5815.31324981847
9769,5114.122988315368
9770,6324.740554319342
9771,60029.4504746842
9772,6466.102260266945
9773,45204.210651641224
9774,9749.621146934873
9775,9010.177549448317
9776,38765.60678180154
9777,16260.762728256655
9778,5714.216796598925
9779,7463.423937488096
9780,4895.491157399674
9781,2905.9625041129993
9782,43503.786030148425
9783,6126.277891465357
9784,4979.577708854345
9785,49715.10371460307
9786,10803.132865717876
9787,1807.0042236029265
9788,52527.50652282503
9789,2547.014804689506
9790,2896.6507999699897
9791,4145.110885152505
9792,6063.522022612229
9793,51453.545655202106
9794,4104.33183163873
9795,15596.04259637069
9796,38480.40365507627
9797,59415.8657299671
9798,5087.778202444243
9799,53508.91517377053
9800,5057.3617331925625
9801,13793.974672680608
9802,35946.59902638853
9803,3184.688547495606
9804,9790.338434514837
9805,4022.0346313672253
9806,15527.395961710814
9807,5865.01331245224
9808,55884.99448344356
9809,5807.69920485119
9810,5751.706453656568
9811,5388.391592021985
9812,6452.067229619126
9813,12365.934679700586
9814,8248.162921791458
9815,5913.703358795725
9816,6412.243771489341
9817,61718.58488260469
9818,46650.027756647454
9819,16785.62616321037
9820,3920.072839457938
9821,6535.46698897918
9822,11429.577856090427
9823,52900.80866864776
9824,6302.36175282714
9825,6369.7706037372245
9826,59041.069787232744
9827,8275.521002106923
9828,28468.18043691684
9829,65969.97032034589
9830,14514.879594311296
9831,37486.72265375065
9832,3532.8478996826893
9833,5043.327742037985
9834,5423.1659506075885
9835,5941.86709934338
9836,41906.531429346265
9837,73585.94654204442
9838,4765.883456350522
9839,62607.86532700658
9840,8790.159288100564
9841,10820.102706559348
9842,4648.051695174672
9843,3407.779477189109
9844,41349.06088119039
9845,4835.406281842117
9846,4355.297610407557
9847,14479.313294535083
9848,2954.403130425607
9849,5292.953019322189
9850,4954.295664082612
9851,13383.987583285842
9852,4750.6020605756175
9853,58170.72451074105
9854,5398.943140309188
9855,5247.114876858372
9856,50422.008221826356
9857,7213.71560201809
9858,11918.534269440679
9859,50957.35272384717
9860,51580.75789435222
9861,3253.544395612383
9862,34093.607559393924
9863,51029.26760612746
9864,37021.53125147919
9865,54527.39163982665
9866,3473.6923792511107
9867,6615.269937923731
9868,63991.46394688745
9869,55717.44467895228
9870,7070.875944793652
9871,4577.876593721915
9872,5371.737320966049
9873,46982.26022547451
9874,8428.452104254093
9875,60067.56067462785
9876,4373.889373914206
9877,4146.160816786262
9878,7046.156377739159
9879,5901.799151152083
9880,3251.3792539582264
9881,56623.709144295295
9882,62909.89435316237
9883,3995.0660487789155
9884,14783.726021748584
9885,50091.45485493996
9886,63526.40136790139
9887,3961.160550849473
9888,57214.33324058005
9889,5961.8151003501935
9890,39392.05097747728
9891,24143.389964035232
9892,2737.8971741245177
9893,56101.47374981843
9894,4379.922088169624
9895,8144.722944474041
9896,4613.392070691762
9897,6804.5141103068345
9898,5691.734659111302
9899,6686.037703992874
9900,60542.93156531485
9901,5809.154053240467
9902,3194.7370849580852
9903,5659.052769840706
9904,2594.7785214779005
9905,2124.612749189347
9906,11811.3979865865
9907,5400.699683702291
9908,6383.8819038949005
9909,25161.636812164415
9910,3922.884380905625
9911,60866.56513870244
9912,4738.423883313279
9913,9597.84926304274
9914,9373.35064784563
9915,8837.946151617065
9916,53265.43148959944
9917,50035.33961515619
9918,8843.009937795598
9919,15352.956004589503
9920,4972.555408574347
9921,56904.89360223511
9922,1684.979150708918
9923,4005.604184508286
9924,11563.26937536461
9925,7905.101617729562
9926,2701.0279908966777
9927,54119.981132994755
9928,54357.18827871668
9929,2976.8491620473537
9930,3674.3842211864985
9931,60254.65668115084
9932,4023.4879819486773
9933,6342.706220506745
9934,6893.933251907512
9935,9184.973242973525
9936,5893.48673571293
9937,3801.576764254656
9938,4201.167865718059
9939,4165.007789010722
9940,4968.7245973561385
9941,3953.15394984028
9942,4130.239232398078
9943,5994.13154122749
9944,2601.489551501932
9945,9464.19272610838
9946,4767.1507443031405
9947,59632.36470172768
9948,52664.62262372141
9949,4831.7855280692875
9950,7333.5512424736735
9951,5149.787296362915
9952,4049.972088282485
9953,5001.849906421847
9954,51624.75211082669
9955,5415.602410265497
9956,4114.163886982115
9957,2507.3171358262834
9958,7189.204440091629
9959,5396.34942272351
9960,6023.584965176708
9961,5801.758658283921
9962,10792.02406558788
9963,54020.02392508927
9964,4468.837155215017
9965,7839.756664531586
9966,57959.30737449616
9967,55210.83074783586
9968,65102.3864730765
9969,6404.7620695862925
9970,48681.34231639929
9971,15106.926421559052
9972,50505.82306232303
9973,51175.705551620034
9974,5533.957178624495
9975,3158.835671117602
9976,5955.625293641469
9977,5119.432547218986
9978,2920.872202944918
9979,3120.4610840948417
9980,70330.6344078552
9981,44577.46697785647
9982,3979.2869125158404
9983,6058.675653359554
9984,2355.067785293056
9985,4848.398184491025
9986,5119.577698255691
9987,55214.8165200897
9988,5969.08325222464
9989,68047.4324633944
9990,6854.213410568279
9991,2752.304428546504
9992,4813.548145560454
9993,4685.366137211441
9994,4267.179540233412
9995,4056.1684500166693
9996,5080.587526755555
9997,72942.57816943228
9998,56454.739494962996
9999,55052.47646943873
