id,price
0,4293.845885197517
1,10058.661638084675
2,4597.777328465689
3,59236.72462767517
4,46666.17480124254
5,58557.551339681566
6,13465.809696336022
7,62117.156113606135
8,11329.74494928654
9,6576.190639758695
10,6019.190042506569
11,6263.631752333622
12,6142.733503429114
13,61615.78831755077
14,49293.59091008058
15,4384.562048953281
16,5604.864048506583
17,4993.324880360041
18,4529.432107762311
19,54090.275113343116
20,5897.672310080796
21,5822.365253222565
22,53602.74352616382
23,54894.672512459125
24,5936.717528959832
25,5029.498205361471
26,5724.5393721960445
27,6007.354606406786
28,5603.734253231838
29,60500.25694734111
30,6592.6784990515025
31,53369.06121756348
32,4841.449493911513
33,45593.975692179294
34,4962.146601512843
35,5090.815832432139
36,5598.164808089226
37,4414.588527601512
38,4377.6486549886595
39,11622.017042269717
40,5532.982746292256
41,3022.327352607321
42,49398.55781150909
43,4974.33510107563
44,4990.806807959092
45,6709.151444112622
46,49876.65468622914
47,61792.38181139446
48,5353.964932626042
49,6057.565249587387
50,5087.732760791496
51,53046.78939187505
52,5531.15794755322
53,6668.2259657271925
54,4566.309715154559
55,4578.372431587688
56,5705.904103880987
57,13936.180817822107
58,6835.633631572692
59,4659.220292282078
60,7943.2413887658795
61,4887.273460519955
62,3819.33412115097
63,45316.051349452486
64,5119.124872105431
65,5782.02819480886
66,63435.843863484144
67,3674.1716696132144
68,66836.76621777285
69,65035.37795829377
70,1475.2926084109386
71,2246.2399158260546
72,57761.92313466596
73,7332.524141604106
74,6510.458764198691
75,6136.900483369602
76,4350.527439249432
77,5886.866455875277
78,8721.489664447843
79,6314.414034399828
80,7909.837322000756
81,8138.333806722298
82,46498.071052780055
83,6922.543865187353
84,1736.782680284271
85,6832.594833098387
86,45155.63915799368
87,6366.381019086016
88,2993.642686005347
89,7439.430665146428
90,6028.041543946378
91,4645.543921176208
92,52425.29617048663
93,51289.517886465524
94,5337.561690015946
95,5438.420586094847
96,6530.917248498615
97,8120.153902477386
98,12040.355241980436
99,32069.18913444457
100,56401.98739964757
101,58268.63047314646
102,3612.5836643124753
103,3091.7896176224344
104,6113.1929913663425
105,52273.447521273614
106,14511.135592397117
107,8640.04957535278
108,7843.449323832565
109,10482.112459452226
110,4601.186336696341
111,7074.41214777723
112,27422.681237828936
113,5590.415299370134
114,5301.6481100992005
115,48400.96448984806
116,8832.81249031862
117,6328.176592129272
118,61558.94887513946
119,50252.29822812401
120,4310.098373319579
121,2511.7729318210395
122,3770.4265421986856
123,71510.20523970417
124,56219.50935714986
125,5054.043226187993
126,4173.687423617349
127,9023.116765254192
128,3198.9572793747775
129,33981.32470533991
130,9155.241056514544
131,51053.02338058018
132,5844.137704766095
133,5175.076559379275
134,24111.524302130074
135,57269.26046422217
136,5579.921278557056
137,6252.444053176056
138,2570.677694253547
139,6185.50139869829
140,4615.122934786927
141,4588.637339544204
142,53749.585477808185
143,5291.970547516773
144,11567.6047245209
145,57746.667844594704
146,10777.9719033172
147,3990.8988697875657
148,4301.2065772001
149,6994.67135172429
150,4741.135997950054
151,55803.48818616787
152,5099.435451455818
153,58410.96178621183
154,8002.321308545173
155,64502.848320234574
156,9507.00707794246
157,4203.6331859089405
158,4634.543723569423
159,6090.293672370233
160,5061.356735296263
161,15841.306342158325
162,5444.437162029636
163,5980.285079175697
164,4517.09116342883
165,3805.3750387193645
166,59424.143283589285
167,6166.1842116122925
168,4570.044931001364
169,5867.3749361831
170,4080.0261632740567
171,5912.298169418687
172,5114.776847779989
173,59600.71081370523
174,4096.877231649132
175,73199.86156854025
176,6722.368940620981
177,6041.60964611847
178,12646.833243465568
179,6509.932419157072
180,63498.52164342819
181,38978.13296300071
182,6169.758377674143
183,4905.330649530113
184,11042.235312718802
185,12027.299178347588
186,6244.217866574065
187,6274.181275545115
188,58374.49585131681
189,5817.2195558029325
190,4895.530612406126
191,51342.07880149062
192,11413.258173426304
193,5140.602871129187
194,13612.011868430018
195,5669.129930608387
196,10626.035252317684
197,17250.852816510305
198,9303.461918148136
199,5165.973396247713
200,3188.7908968502966
201,5566.761926931083
202,57017.06374719463
203,59985.95002868375
204,3174.8145032886696
205,5451.176614869262
206,5692.613743980683
207,49252.00745334233
208,4758.5084679571855
209,43230.56601748156
210,54039.186076629034
211,1709.7016205562377
212,6941.8337689549535
213,5275.302171244732
214,45620.277059637956
215,6984.9320821220535
216,5580.483611482945
217,6770.788983576003
218,2632.3496528668484
219,68174.7404056364
220,56287.69582085384
221,3938.878085633397
222,25723.047211334262
223,4742.272094453466
224,7732.685423319266
225,7524.690061076342
226,48911.61689895118
227,55516.21151477241
228,7496.500980043599
229,63386.86012141123
230,5041.777754243081
231,4300.22446787108
232,15239.840165661368
233,8882.982758541786
234,6796.418801607156
235,10235.011845374098
236,51870.019874906335
237,46999.64365647046
238,3762.883986789173
239,4874.9859363217365
240,49178.517629027236
241,4786.740656367267
242,56040.78580093238
243,7788.170368980601
244,8143.256121730288
245,45633.99434753361
246,5621.944933116807
247,47806.76618359244
248,10714.129413349448
249,11162.59108744311
250,4260.913328710405
251,2575.9085506395386
252,3790.542671189466
253,55726.486675175154
254,57153.44938828282
255,6661.618840981053
256,6303.1883640215765
257,55466.31516615703
258,52290.145132684775
259,8188.292338254962
260,6713.585433744782
261,4208.646684470625
262,3065.6224788978025
263,49231.25238386706
264,58306.032948161796
265,12651.97749611587
266,10569.426276699201
267,2227.7504801524437
268,9698.548833458477
269,3290.6722160675254
270,48524.367367778694
271,11715.667345034646
272,4969.82187560344
273,6458.464123342042
274,6045.586919497869
275,2086.3219802313934
276,58445.41333749695
277,4382.664819769649
278,47485.717591686014
279,57419.37394142219
280,11054.928256505635
281,7824.051803544386
282,48413.321155622216
283,5335.7915760936285
284,6400.653056721742
285,28526.241724883752
286,4787.820940644976
287,6277.835942662108
288,10997.938347797965
289,60621.73125782145
290,2653.8208316792634
291,28922.677463161723
292,62321.556099200905
293,50788.92566426344
294,2752.5465336835855
295,7480.144283063207
296,77137.97826757544
297,4258.420620536478
298,17754.724318839486
299,7495.734329691461
300,4526.9447019118525
301,5664.208281221315
302,54140.756429304056
303,3064.1860769619057
304,5811.44022223803
305,6574.643877732158
306,67425.28564950675
307,6168.163201597967
308,4965.721866597127
309,8986.88408293542
310,13336.491425178358
311,46638.997046952034
312,5415.042572479429
313,49877.288700562334
314,4311.605748151103
315,3855.455705569946
316,11129.717534659721
317,5207.812743528827
318,2950.963738924792
319,49781.00744268489
320,51551.3758984437
321,47706.89754503951
322,4619.089976787554
323,4339.509632943438
324,24712.913833664352
325,5736.093716232995
326,2591.523696250854
327,5199.480484811754
328,60096.65924652321
329,1989.2101318764514
330,5949.866863540614
331,5150.298622545897
332,5690.7688275522105
333,5117.487243603239
334,58257.842837820375
335,5304.340231856151
336,4526.96867253518
337,3356.907589245936
338,8715.603497312492
339,9908.132746719115
340,5201.6760396134705
341,11076.102719861521
342,7261.2490717369565
343,4691.070555672146
344,9227.504952542993
345,5789.308840052363
346,47809.386423279124
347,4697.195946710421
348,5777.558944336313
349,6843.228590319868
350,29881.746676732088
351,50672.835517629246
352,6747.599382254713
353,8074.1070665115985
354,5802.378365347357
355,4497.618970750305
356,55136.778010324524
357,11059.546504976792
358,3161.514926350078
359,57010.20874704774
360,2684.4734879393854
361,62013.32228045956
362,5791.213738090024
363,57223.06352132074
364,55867.54431462019
365,17804.35862212046
366,49670.31947287865
367,64513.16568851074
368,4801.474925797887
369,8540.527751908932
370,8534.5411070341
371,46246.040584409384
372,4998.5046659691325
373,6381.876054178998
374,8227.994807961859
375,5210.715929385613
376,28500.27536289872
377,14561.993421318373
378,6710.597454892202
379,8030.962722635662
380,5560.30472796156
381,6771.000722388919
382,4121.351551397358
383,10938.28614938389
384,5537.944039402875
385,7151.604958158285
386,4304.817011960615
387,3253.642526635571
388,10757.800919231067
389,5586.457829468511
390,5649.847804553428
391,65864.9378970815
392,4594.997748530331
393,6236.0679958156825
394,46536.99814879263
395,12041.313527867369
396,5337.480650746624
397,10402.416965244825
398,58353.31392233887
399,6098.369057542666
400,48843.124580904754
401,7533.877574816848
402,1770.823662907571
403,3105.892409016371
404,14152.888512827887
405,8914.42694362728
406,3211.789023559476
407,5644.314824406651
408,3221.7147020578013
409,61678.01066717122
410,60904.54583881622
411,6274.853474788877
412,6525.364579149473
413,4445.607627209483
414,1907.5345491097653
415,8369.937231084195
416,2812.9634743386077
417,50787.54503680569
418,8888.254959051654
419,6148.190441812458
420,5460.479966066325
421,6574.373891267896
422,46734.01484541825
423,6190.126480905525
424,47848.66090936388
425,52459.45248750398
426,3248.2460562361393
427,3207.4522829716507
428,45227.46608922555
429,5486.382695720191
430,2461.0062714611327
431,4751.3889657544405
432,63703.87417621541
433,4455.697788529797
434,2805.1720869428236
435,19177.60010452281
436,6276.07222301198
437,70215.87082888119
438,7061.259920944705
439,54261.755506754955
440,6695.3030620462305
441,5938.832613974093
442,3731.949343532943
443,43049.200420848356
444,3331.2405437558305
445,11978.74084544844
446,5546.953470462782
447,13594.48150458263
448,50021.82993757825
449,48182.19327671888
450,59933.034737794835
451,2700.4643967363445
452,9122.389705068308
453,73433.88167906212
454,5869.15428512839
455,49048.13379209196
456,41724.73207952328
457,3072.0039662512986
458,48464.4282135037
459,4143.6895869308055
460,51016.084870132174
461,59135.67563997241
462,61905.32492229321
463,7292.263961903983
464,5646.3200659319755
465,5266.98129759029
466,6014.313346120773
467,4825.211699519496
468,8290.246800166817
469,11943.941677587347
470,5234.758066925976
471,9737.897542740146
472,5763.898082316256
473,68877.06640099987
474,5912.323487186721
475,28460.656083340185
476,34115.58813621361
477,4715.048904777477
478,6072.08669058116
479,65375.1259521267
480,6818.002490300012
481,4743.535699222106
482,50734.63510941595
483,5443.0689970705125
484,27371.024379715265
485,13263.55038214913
486,9431.711886757828
487,43061.5921906775
488,4491.686678783593
489,5054.396490891192
490,6474.504869595281
491,5802.005059086394
492,59887.423995331585
493,53919.33211144278
494,57038.163329590185
495,61387.773426555534
496,12107.665865292947
497,59525.300040486516
498,3538.9022522388186
499,1820.3956868801615
500,50482.69658973777
501,46492.68556890829
502,2651.217079683807
503,43373.86084499126
504,4249.366506597996
505,49473.41890937628
506,11564.255052348059
507,6214.782096941166
508,9118.144336968326
509,5152.903657726763
510,59603.72600370004
511,4987.626515993803
512,68855.76992294771
513,5018.120826574825
514,11314.108059807684
515,7556.641035119088
516,5527.176748498795
517,48978.69605970951
518,55785.76721690826
519,12558.752768713055
520,18630.46800623757
521,5360.7441861697325
522,61826.48897111008
523,49864.68862604351
524,15932.681573322123
525,2995.528450431262
526,3771.7832191136495
527,8361.55712406824
528,2596.3705722237473
529,5527.443795445418
530,18346.7371492699
531,2663.542931654597
532,64421.65770370515
533,7668.147750680631
534,7267.618000757047
535,65897.08728242155
536,10898.366322552145
537,5608.617375420856
538,10562.939288559279
539,75581.83521706125
540,5976.84149006507
541,9860.375841029949
542,6478.860152435236
543,65439.25517134989
544,10233.095312436013
545,8453.96608736361
546,10718.224583746556
547,47698.827481755194
548,2150.498247390851
549,4147.591604588692
550,4705.922959690699
551,12847.591007536454
552,5090.766875069261
553,50271.52578790682
554,3922.0153378992045
555,4554.5205833274595
556,33146.63283941049
557,54691.15052904457
558,3975.220088036539
559,52498.51808498107
560,57279.895443528454
561,60423.39497081848
562,3406.407267320665
563,21565.910773674277
564,9306.545782080684
565,62719.702671569234
566,11794.170858883825
567,66718.97322140522
568,11533.600003930733
569,2141.809641527999
570,3178.3422841978654
571,45660.66444741585
572,4873.486038967001
573,4240.5215883367
574,22026.44400113684
575,60406.519580411805
576,28956.008487910338
577,3335.256804795198
578,67956.23549538614
579,3088.628911764988
580,3020.957003483024
581,7199.97511898245
582,6941.992924152161
583,48843.18400019503
584,10972.010593150826
585,5277.719550328302
586,4352.758590979152
587,4464.063527785762
588,5477.544543734586
589,49582.97509767732
590,2969.9625643610093
591,12532.490213090641
592,1511.554879638324
593,3279.349457439639
594,5098.137688670604
595,45935.3813318773
596,10917.295845908722
597,2288.268269353858
598,49807.31594062579
599,7197.562259852462
600,4819.53317620594
601,59838.01662090355
602,5255.672807722969
603,55334.44514297003
604,64081.185364122015
605,5378.0430364601725
606,54770.79504364151
607,64608.67018132259
608,14995.725948174186
609,6478.111301531289
610,5395.417944410882
611,63556.87188897629
612,5872.508658700282
613,75291.7809637099
614,2983.670211357212
615,62207.00033629388
616,5232.3416472141835
617,52548.16817945649
618,71064.32368659254
619,5518.850196177286
620,8468.60739401822
621,7270.651885076563
622,6777.954040516011
623,7439.194029855198
624,62894.56095562625
625,10536.948512727948
626,55999.85844379248
627,10095.876334897603
628,11658.567008566726
629,51719.135995313256
630,5543.665830921285
631,46815.818732812186
632,68886.99094367809
633,3798.7880465610933
634,4356.520501333152
635,5717.35324372687
636,2683.153029907173
637,5556.891817251268
638,8827.438281949017
639,1881.4455908653563
640,56715.26020910466
641,13498.785440938736
642,41775.713850755375
643,47974.69347420952
644,5768.197360151507
645,58074.96908162082
646,5399.469220075611
647,63456.00629017693
648,5892.862879129159
649,5876.947226301869
650,3862.1488626236005
651,61096.202711959086
652,49052.98750521627
653,6013.012792932783
654,4738.924871526804
655,5186.712595591798
656,44922.58726934758
657,5513.667641506758
658,6027.032625546968
659,5930.300440331357
660,39764.47489071831
661,7697.62921766591
662,62467.87431380442
663,4728.611132282924
664,2267.873496181848
665,10443.2572140269
666,5058.20065113372
667,7710.0839578346195
668,28753.20937898518
669,1587.010870917971
670,6243.860413297309
671,13737.780934892426
672,52777.03899390774
673,3893.466128406937
674,57166.17282116899
675,55472.680933587355
676,44475.00170554549
677,2776.155573903065
678,5425.831201586399
679,4118.488271544453
680,5129.021931770001
681,3677.173597035753
682,50937.17171069454
683,7276.365131105811
684,4718.925757076607
685,3978.3718977501085
686,52309.43246536199
687,4848.176561558694
688,12687.652119370103
689,51213.73982232368
690,5859.821292297187
691,5078.812375502666
692,53854.27109655492
693,60120.2791787155
694,6055.514307950591
695,57966.91302944884
696,2850.8825285910198
697,7343.753827936489
698,5452.59198007016
699,49198.06426342013
700,14646.1766039701
701,6632.664732490165
702,24501.710575041674
703,48916.451039458625
704,13146.638751070095
705,50192.64520406345
706,6211.026396217379
707,4870.02700704357
708,4325.947961748221
709,7286.565415425572
710,11958.114594010234
711,50289.03264202439
712,4187.131294966926
713,50640.64137187512
714,8769.519412533056
715,5256.505495754632
716,3018.677798270884
717,12199.074165033875
718,2357.1459179989142
719,62484.844137829146
720,45090.74089805229
721,52234.388146808706
722,54523.431802414045
723,6094.899310364879
724,1842.6128222070688
725,3712.9285670421773
726,4404.065293578142
727,30458.05803516766
728,4448.742744460131
729,6047.252705984288
730,63970.151101444804
731,2426.978080010387
732,3031.236889407459
733,2100.974757952339
734,64982.6192320166
735,69487.83745334965
736,5373.733163865142
737,45258.5716645651
738,20535.586013923014
739,4328.164084619507
740,6695.485666643299
741,13661.219447630385
742,8215.132533174681
743,5369.8212627045195
744,64823.999653635685
745,63094.013857334605
746,8513.152765717656
747,6362.19396692418
748,6262.4871067588765
749,9395.229700402884
750,80247.36094798989
751,5919.353300287676
752,7103.091267919718
753,6067.971895610226
754,5149.998002174903
755,56516.3249367004
756,5701.524487625666
757,6803.581245568612
758,2827.3696093051226
759,56631.21956974681
760,7151.294685277224
761,6204.415736027388
762,52691.13063130538
763,5285.634616907711
764,57796.388811486104
765,2889.6044503750454
766,5120.345238612384
767,4163.470240542441
768,3915.3968351696967
769,56679.854897211546
770,3886.92560740972
771,49207.679962898925
772,7140.605950558999
773,6982.178415760795
774,55026.86301977138
775,20816.479991507054
776,63472.90337488202
777,60959.86228159149
778,6875.461141440584
779,50060.90289231452
780,6492.40710205834
781,6751.044522325468
782,6859.123229381986
783,5391.644976716861
784,8153.489521167987
785,2716.5178346515636
786,2247.5825765546633
787,5586.733236526214
788,7644.255482946512
789,7860.874261705613
790,5758.99802296316
791,36131.72458857179
792,62297.02564471455
793,4744.266143834335
794,9499.380966382185
795,6067.393033406871
796,9650.482860811335
797,7212.854286972607
798,4647.642968823167
799,5802.451963345603
800,5146.2206206007595
801,11513.425772537565
802,2209.9631178921254
803,74546.41630391145
804,5811.986507389229
805,64122.03932886783
806,4284.980134073576
807,4218.589624066695
808,5689.647799734315
809,6391.731386709993
810,30834.842232531708
811,6924.316588484902
812,13140.425775527825
813,26778.49818207339
814,8874.267627281828
815,2487.0047181584614
816,10122.98067482076
817,6120.324516399922
818,6007.267198259302
819,5692.6199780621555
820,53739.53326111708
821,36105.451615945174
822,3798.216395545439
823,3581.444774750701
824,49751.05588600371
825,14323.94134556922
826,7998.444408101073
827,6035.275321911269
828,4479.4202455396135
829,7425.465115354222
830,17100.2170871588
831,2318.5033543576774
832,5113.501346038869
833,6984.680099609914
834,49065.75308311173
835,4908.8036255259085
836,46405.743860895935
837,5082.977749524265
838,5012.1410538577675
839,6709.018102530527
840,3156.406594500623
841,7278.721318621006
842,6483.8690730312555
843,5938.943585462055
844,5031.616019173486
845,3301.943609321884
846,8832.646701090098
847,5976.6888396970335
848,6509.150506683481
849,7173.876966220675
850,50281.70707758132
851,6211.622745973387
852,4135.660689967456
853,62850.86785778881
854,5592.317273965507
855,6970.458504618569
856,4623.426395266706
857,10346.864623333891
858,73108.1471341266
859,4838.780387555498
860,7905.530830027286
861,4538.970967282234
862,5352.229539783684
863,7058.051634752437
864,6459.601846718605
865,48072.54119012816
866,6612.965866067916
867,72834.25273002894
868,5087.625737537663
869,6035.753945351873
870,55463.16623223576
871,3417.025222628052
872,3536.7693416191014
873,13886.592633932783
874,3977.641772691186
875,57285.82840008866
876,3183.539075067821
877,13571.159288927072
878,52983.024827596004
879,13826.881536750907
880,62920.86198204514
881,2466.1707452561454
882,66430.11339709398
883,6427.889930239609
884,20817.912655637163
885,46208.82126455234
886,4214.121207833288
887,10512.899081733907
888,6985.858164333749
889,56060.97055286139
890,4234.649175271373
891,48801.28790894151
892,4576.363664826904
893,5708.358064572574
894,6443.4658333351235
895,56053.031672294615
896,4719.512883777394
897,10913.529289334941
898,47005.55983820047
899,5916.572253215013
900,2799.2010455578
901,59218.69806122681
902,8678.333600067284
903,13224.521807213394
904,52470.467798586724
905,60371.273034879916
906,6382.169982080268
907,55847.193357082535
908,7537.283013337341
909,7611.201533395884
910,51757.92829508004
911,5593.813194644974
912,53463.667839033165
913,3130.839376162123
914,3414.309173553561
915,4679.989095220459
916,51816.47176571605
917,50675.15496868108
918,13371.305723711072
919,1458.321348394548
920,50002.40477511345
921,55400.30201433394
922,4266.841114030893
923,5948.610285202221
924,6278.9264264193625
925,6408.378984906058
926,41172.36106805729
927,4817.824104676037
928,56428.675390690216
929,49174.012843613455
930,15299.2422408071
931,3750.0704511535587
932,5594.254467621402
933,9932.999049046439
934,51792.66131506472
935,60658.2736660762
936,7414.862210492177
937,7129.075473931031
938,4695.356080646298
939,5648.49208453552
940,45986.16878500049
941,51456.549477940716
942,52500.37930291185
943,46234.26229682409
944,11552.033571832573
945,11461.298191188804
946,4597.405393253588
947,51730.63735950226
948,1842.6218374100727
949,4995.681040627667
950,5312.001966067127
951,5427.317396899585
952,56196.15071404048
953,5266.4928354163
954,2698.6360564342913
955,51745.34078676894
956,6484.2520896171845
957,5344.610296266121
958,54599.20375679818
959,5285.061798833615
960,8960.191245674865
961,12165.126404036811
962,4263.59805618324
963,9152.089709309745
964,27499.739298405657
965,2669.9342712676944
966,60360.4085231021
967,72418.63332206538
968,4398.668881813208
969,46307.462627625995
970,6701.942352547014
971,4929.239593178501
972,6842.662849803515
973,7137.132473550662
974,4227.979185032804
975,6155.927376392299
976,43258.0112593786
977,4481.330568852816
978,3203.846332910003
979,10220.775082950793
980,11365.558622311393
981,8237.51892014606
982,5585.300781616635
983,4917.162869672358
984,7218.554965199421
985,6627.229307923803
986,11063.182059205526
987,5814.330110265128
988,6950.861548025814
989,63762.96859676125
990,5542.166626695527
991,2500.495200131657
992,54886.65542179422
993,6167.192347102115
994,9035.363249689124
995,7694.838034539664
996,4479.853104910808
997,49978.75527307385
998,8030.756066714664
999,5183.410169541758
1000,11025.329311289006
1001,1479.6227067543068
1002,51486.80531530104
1003,6229.836448263324
1004,12487.536682845168
1005,63623.96221645764
1006,8473.946572505767
1007,57593.69314052882
1008,8364.971263555857
1009,6156.418252132454
1010,8510.69870940504
1011,58969.02624362862
1012,9949.928590512469
1013,3731.852577945423
1014,44452.981262995876
1015,2397.3447892601143
1016,4461.37720834356
1017,5765.81728310872
1018,6067.604691246419
1019,5308.5228943279035
1020,5219.964942928119
1021,6033.919144565905
1022,6799.670864370532
1023,7113.549715459027
1024,4181.321694990491
1025,63934.13766220838
1026,3907.34119888066
1027,7450.802195453663
1028,6549.992490952685
1029,8133.331108315296
1030,40640.23158292401
1031,2714.6293531707424
1032,6211.791791058761
1033,65599.30426175134
1034,5716.465943382922
1035,4994.636933743735
1036,10026.925739058062
1037,6335.78798412365
1038,2264.1097481676343
1039,5249.92680166106
1040,52449.2721301748
1041,6126.396750963031
1042,4975.681657954735
1043,9531.118595170421
1044,4135.288536866683
1045,50036.74060635085
1046,31746.08260926343
1047,6081.638167877223
1048,66259.18964284981
1049,5983.882059332066
1050,50634.40079675692
1051,6368.534915420208
1052,57167.18471332258
1053,39076.31665224297
1054,5210.989617122421
1055,56279.25549026037
1056,6801.929381159278
1057,12629.209516113888
1058,55380.11201981061
1059,4590.024644635556
1060,4471.34379092101
1061,67797.69368567775
1062,51867.5954784276
1063,6674.405985203183
1064,46950.62006962933
1065,6296.952025139421
1066,4221.316274465997
1067,3904.0402115565716
1068,2760.450234118508
1069,55247.30792749293
1070,4235.151075584825
1071,55041.42595782019
1072,60106.515362200764
1073,70525.43574972804
1074,44564.42570580417
1075,56599.034665314735
1076,4700.402848903281
1077,5620.809706977514
1078,64196.13968716265
1079,7092.535355930846
1080,6706.059399923237
1081,3098.526218624118
1082,8419.915610241858
1083,4545.489619763732
1084,36233.45331618107
1085,6056.072670254923
1086,14793.270195322591
1087,6048.723178997963
1088,32047.73057016752
1089,5470.426290178184
1090,3227.941770999743
1091,2064.7144772525858
1092,6655.748950116093
1093,4254.323620378762
1094,6547.844022116043
1095,5931.632114083895
1096,5583.76777878931
1097,2524.51721469548
1098,7037.403107945305
1099,9559.807224079083
1100,7377.383056991718
1101,5346.586827840824
1102,50102.44068400166
1103,51448.87520288335
1104,6230.211581340043
1105,70436.07916705369
1106,5632.445339053267
1107,4782.005779131801
1108,43562.98074580802
1109,3993.1914818971773
1110,6078.35974661649
1111,5672.967334637417
1112,7429.922573772483
1113,5918.392257490148
1114,5275.858971472577
1115,48616.613592666836
1116,53827.985190019775
1117,5184.629507527377
1118,58778.97817521631
1119,7840.811473298327
1120,56295.40039451576
1121,4451.906065984586
1122,45234.233116610776
1123,10144.4156249399
1124,23711.394807146706
1125,2672.2731804829373
1126,53624.45301422011
1127,7633.803683484892
1128,1800.628148183864
1129,45819.965670108795
1130,56560.52481747215
1131,10077.05495934924
1132,7050.286707748247
1133,53198.26947217979
1134,49504.254836718435
1135,5295.557207560938
1136,7006.310887237995
1137,41413.8604926588
1138,11538.224669412342
1139,11886.938086693948
1140,5857.780233100684
1141,6832.426842557755
1142,35930.10414963021
1143,10127.760796345301
1144,6200.18979037804
1145,5802.5191119090105
1146,3328.236479829525
1147,7406.628759742086
1148,2061.0589423921274
1149,4231.126243029128
1150,3806.7894860191273
1151,2541.865417975577
1152,2949.766617241244
1153,6507.526338012463
1154,24119.272451743513
1155,61111.96289698277
1156,12933.476049251736
1157,3684.180841265922
1158,5896.798573316728
1159,52461.99841886916
1160,10874.104937258468
1161,4095.6970660137495
1162,65958.71669235145
1163,11408.790916836024
1164,5775.701097958863
1165,6544.64874853049
1166,49781.24984176891
1167,51451.970343419445
1168,1956.0980793582444
1169,53653.82482813843
1170,73034.36335604821
1171,1892.8481441760514
1172,5031.423433462828
1173,47048.08326246457
1174,5250.025425007018
1175,2236.416938228933
1176,6943.687239623441
1177,6526.55196136532
1178,5197.274899269036
1179,8996.435454467695
1180,82987.17430441883
1181,5296.492588391775
1182,4861.087997141331
1183,7751.050571826688
1184,7191.536676848263
1185,5586.871616088825
1186,13460.63856072459
1187,11449.34908369191
1188,13765.832993695745
1189,2571.2711263937354
1190,51471.94623616605
1191,3295.4596440453934
1192,12596.617221484785
1193,54213.87608760259
1194,56365.59378989604
1195,54621.81427936972
1196,11457.999380432528
1197,5140.900789880132
1198,45814.58247488049
1199,11643.152038672568
1200,2685.013735795335
1201,2947.2241754224137
1202,4790.390487348699
1203,4529.43726554657
1204,14896.887432885382
1205,5547.854989408963
1206,2677.4183845780058
1207,4960.8671686933785
1208,10523.221578492801
1209,4925.348463190402
1210,2636.5369700046695
1211,7410.49866437032
1212,5434.401732680081
1213,7717.055967442887
1214,6206.783232718308
1215,2919.409850306268
1216,9984.704696238914
1217,5169.355999378638
1218,2760.778412480783
1219,6014.843834791024
1220,5753.181448786097
1221,5222.176830124723
1222,4812.011199866177
1223,3310.7166890202952
1224,5514.024646645257
1225,3572.2578170897555
1226,12265.690756960652
1227,6043.099828837174
1228,4733.884002686313
1229,6171.491323299727
1230,3338.757240815209
1231,5574.305709424054
1232,60080.66481949908
1233,11172.220620143835
1234,34359.230782060855
1235,7138.879123287086
1236,4649.677117645999
1237,56097.40238908926
1238,7815.304354842987
1239,3562.0407859824354
1240,41696.20250721644
1241,5988.877982370957
1242,5614.829142081408
1243,4715.477484998052
1244,8364.742526803479
1245,59844.226974281024
1246,11792.16038550041
1247,2765.4023712995213
1248,52919.3795173359
1249,13217.192732737756
1250,2481.6980935566203
1251,10114.025407478857
1252,52991.896658603364
1253,11549.931111451853
1254,26517.074988146047
1255,7049.437953384508
1256,6133.939688591372
1257,44030.14123084187
1258,48103.48946042491
1259,3812.783591452018
1260,3913.858670737176
1261,4722.481062902629
1262,5252.55970021416
1263,2666.4274890135353
1264,5031.093894700109
1265,4653.879227195141
1266,6597.274930827477
1267,3424.4854963754597
1268,5959.1593992325
1269,12149.632821769712
1270,6821.863269184012
1271,4303.786279000826
1272,5030.03088399558
1273,52686.086212754526
1274,23831.19114290592
1275,51057.655316937395
1276,7264.528261612784
1277,7076.912750697011
1278,33771.351478171535
1279,4541.979400544738
1280,2482.2773804591916
1281,51491.9660478843
1282,4951.896886889277
1283,73385.023457584
1284,11061.811898617823
1285,6087.738717651104
1286,4618.540954158218
1287,7068.693928571824
1288,5770.676583198856
1289,51860.82631269374
1290,6234.512366072211
1291,4665.580535739282
1292,1728.5525454657795
1293,2869.4406352354554
1294,72277.89033536529
1295,2480.943997440466
1296,5131.289551901264
1297,46795.24176099918
1298,58567.38267674271
1299,66466.74361412862
1300,4073.36131951697
1301,5646.608354778097
1302,4806.438457499011
1303,9560.013759068686
1304,3886.561317866322
1305,61555.972579824884
1306,8234.242643410782
1307,3531.277981895448
1308,47535.25111317524
1309,5322.3122513534145
1310,4920.198161383269
1311,6375.381831198367
1312,9979.92129302946
1313,3893.060575767604
1314,7642.108220080784
1315,14286.365070953536
1316,11725.50787688907
1317,5296.436780996071
1318,3796.8725848627664
1319,5412.315934248472
1320,2751.931940528719
1321,54032.39451637467
1322,24012.232989820433
1323,58009.77507983933
1324,50299.12883758251
1325,51500.63939059846
1326,3162.4694367307447
1327,14979.662074180953
1328,7793.183533473191
1329,11862.984546978265
1330,2655.671830557165
1331,5063.001328762164
1332,9527.172289861162
1333,12513.59920410793
1334,4876.342398461986
1335,10489.360240696378
1336,13932.828313113268
1337,6082.987654210287
1338,11612.64552024734
1339,69797.26247062089
1340,5689.930411195575
1341,58953.16403308768
1342,2396.5806088648096
1343,3416.43892008649
1344,57102.998971982684
1345,12175.772254124622
1346,5740.211763966883
1347,14231.91887037624
1348,4500.335951895681
1349,7653.124978671564
1350,47016.08375220215
1351,40930.670496974155
1352,2687.2826580595256
1353,2335.204519954435
1354,4650.516672557002
1355,4706.083753784972
1356,9117.239513056466
1357,8460.721122304492
1358,5761.896118582061
1359,2979.294586337046
1360,2683.3577465466456
1361,5799.683815438889
1362,53402.02814344384
1363,7965.293103513719
1364,2823.9848998135562
1365,42560.99160872845
1366,4899.98956675533
1367,53104.370012671774
1368,6363.9951860679075
1369,25874.615863124152
1370,2546.989223631128
1371,3804.9693100591658
1372,5533.802532727073
1373,69727.2092924933
1374,8398.663889360008
1375,6164.80884114918
1376,3528.179250726755
1377,6513.535867384788
1378,8176.284245507477
1379,6200.066630898987
1380,8944.56005973429
1381,2663.5387413940784
1382,63462.16126076742
1383,53231.07763946452
1384,6717.315567721258
1385,3119.356853148894
1386,61756.41836285071
1387,5041.518930837468
1388,50057.724902119015
1389,11651.04879944988
1390,5368.129355154277
1391,5463.733788475428
1392,6076.1449645235625
1393,6428.306673442051
1394,3193.299626457567
1395,46896.71674860977
1396,44759.703693310934
1397,22140.75888352278
1398,58042.43428491478
1399,4113.1996431090365
1400,35018.99557595439
1401,4117.194317978916
1402,51459.34062150607
1403,59897.874308016384
1404,48108.00068231455
1405,3436.2075775578865
1406,4855.224247582641
1407,5564.255668748945
1408,6092.4855507942275
1409,62026.69665194398
1410,7893.790822620306
1411,5294.225580783251
1412,53246.109780805666
1413,2214.5496183997784
1414,45436.080700367354
1415,5186.5301649615885
1416,12460.691671647834
1417,9921.593873807342
1418,1720.7741116038799
1419,24639.93538786297
1420,4989.35510073202
1421,8574.156557078626
1422,5012.666512573154
1423,9659.035893906439
1424,4937.035498895175
1425,4766.952907236192
1426,7422.502541935494
1427,12290.726834834404
1428,5877.569153024291
1429,62460.787878419214
1430,13942.116759169605
1431,4259.553431202497
1432,5471.01103144531
1433,54898.66036794905
1434,3830.066386579966
1435,62673.07113578929
1436,41914.36471582518
1437,7544.283668961814
1438,11956.02265212886
1439,2997.467737133469
1440,10940.469934974495
1441,52747.719143909504
1442,3588.8361611839573
1443,5344.750759837383
1444,2305.0688054863463
1445,5069.817223495722
1446,6007.643814623378
1447,8320.304483039114
1448,5490.662951050887
1449,66715.68822626697
1450,6353.670244887806
1451,2266.0757572786915
1452,7153.013651452475
1453,68254.64839193414
1454,3482.045311655131
1455,5850.85110756313
1456,5498.837218679431
1457,55826.3265156127
1458,12745.715750906933
1459,3332.5486917649487
1460,45757.92097074666
1461,58852.91527837115
1462,11447.238094410859
1463,4309.755449935796
1464,6933.54166589325
1465,7140.572527570179
1466,43181.25969287536
1467,4761.483958069643
1468,73503.77962686491
1469,75718.40930163485
1470,10706.07621384762
1471,11643.607379777291
1472,6874.27304587508
1473,4863.0108679240075
1474,4581.29811864558
1475,5054.106465643494
1476,2297.1673276871225
1477,53439.92144918716
1478,5283.082972137199
1479,5760.172949464246
1480,6363.593743180258
1481,8014.597122892143
1482,14556.488779634094
1483,2360.513320169527
1484,2224.29028661512
1485,5284.036197311613
1486,6023.401625044009
1487,14017.071699409775
1488,5931.360307435161
1489,10968.778251728036
1490,1796.929484622574
1491,5280.4782181317005
1492,7245.3327739307315
1493,6243.204864930392
1494,8056.544380268904
1495,3341.213162575285
1496,46058.96894026311
1497,55904.9716542744
1498,3563.3176380846135
1499,5705.210258501187
1500,59453.138752987914
1501,12112.722926650773
1502,7490.664853400987
1503,4440.211418408952
1504,5548.320011575772
1505,6111.276733675517
1506,57401.08166312227
1507,55028.13721163031
1508,6292.393040084546
1509,6820.623470028061
1510,59567.54806620465
1511,6807.034249280927
1512,21075.73922302539
1513,5208.741812813554
1514,4101.316797514342
1515,4547.1476286054785
1516,4965.031420216245
1517,63071.374211051574
1518,54590.909088217355
1519,1612.5196235626197
1520,10077.79624949474
1521,5399.199783228943
1522,2580.9802620538053
1523,4288.616347311818
1524,76587.6893050101
1525,57646.24565592127
1526,3188.7897770186114
1527,4195.547945790847
1528,13287.122689086042
1529,4432.49819341312
1530,71004.42488729412
1531,44556.12295785123
1532,5413.156956284884
1533,2298.4336597099946
1534,24381.210308110487
1535,53930.95041843894
1536,5931.980573179778
1537,9578.810481825572
1538,46467.93617720805
1539,8691.884787672294
1540,5284.21474665711
1541,49568.588864537654
1542,5576.019198032996
1543,2366.9016279566695
1544,2792.1359928068737
1545,12899.081794457754
1546,43334.89302663357
1547,40441.24517150072
1548,6020.49097628227
1549,55249.92038533635
1550,1732.124763117176
1551,3195.325482526083
1552,6162.308624205971
1553,6128.505787927115
1554,5699.062908457321
1555,53161.65688945345
1556,6191.078327289151
1557,50460.69030713088
1558,23728.622362008657
1559,4830.815425561677
1560,4505.079875513535
1561,8456.608812992865
1562,57195.822155450194
1563,4242.2360728674785
1564,11565.544845085977
1565,3524.0624659131818
1566,7380.751667118499
1567,6046.821714673286
1568,6706.1027673028075
1569,5780.3485148430445
1570,52885.034590824805
1571,6333.80314493804
1572,6308.791162022686
1573,55842.353578193266
1574,60054.34269401483
1575,6759.924688189965
1576,49929.97542986906
1577,5873.0164337652905
1578,7738.80042915095
1579,4860.3873977888925
1580,54995.98006957688
1581,43991.91164875477
1582,8823.984599881678
1583,2250.237479476521
1584,4707.915957290161
1585,56378.574320133645
1586,4239.314650506738
1587,52342.50118730288
1588,62196.506249534126
1589,60585.60646829003
1590,5816.117039123179
1591,6335.1392952849965
1592,45044.08612709491
1593,3617.0742572782783
1594,13253.829231480948
1595,6621.859943343941
1596,5440.927474608809
1597,6175.31533532116
1598,2646.21402492801
1599,6286.036516311835
1600,5125.705781318706
1601,7715.875047573309
1602,6622.937808057028
1603,5849.830210759618
1604,4785.765440310818
1605,4470.090166226482
1606,6106.288993574599
1607,6625.590509846576
1608,8759.272196443952
1609,4053.355599778163
1610,57486.521673404975
1611,6547.127840326537
1612,7284.702848156753
1613,5771.792325184671
1614,9467.320591928634
1615,8245.105319580534
1616,10956.524741672867
1617,7184.47850501615
1618,15081.799480421687
1619,4843.733333155422
1620,48162.554084321455
1621,6526.319861075444
1622,63440.016729180395
1623,58784.45678604244
1624,8841.990731497493
1625,2555.8470970832077
1626,45904.11194965833
1627,3709.135272883498
1628,17723.970518166265
1629,41739.900860358
1630,75299.54174543032
1631,73553.90760601408
1632,2106.019415978821
1633,4459.437759782697
1634,38344.179806349566
1635,6210.647963555277
1636,8188.396434481912
1637,6243.284319769518
1638,48600.21204176481
1639,51165.38419184038
1640,6592.036339873841
1641,5120.204832393454
1642,6661.44957262776
1643,4647.271082587051
1644,3179.148259115734
1645,63313.53982826319
1646,5957.7469180206635
1647,1653.2047247239618
1648,7264.230022018175
1649,46284.360325453716
1650,48880.65751946558
1651,4327.1234779725455
1652,54979.35099133298
1653,58311.053712489986
1654,6188.387379532789
1655,67689.43673074267
1656,5050.494764581454
1657,14502.60859596811
1658,8091.0913816102075
1659,3362.5863275475713
1660,9965.454002220638
1661,5922.7568333678355
1662,54264.75696747118
1663,69939.63614220414
1664,4962.329286536295
1665,67631.10802407491
1666,21838.52925890011
1667,4400.8235909186415
1668,2508.500384305361
1669,60125.914351738116
1670,12410.583953488705
1671,10164.25332033767
1672,4713.050851071426
1673,53844.03131413948
1674,44288.19475608087
1675,51260.9557639128
1676,6609.636538151172
1677,5444.100215326259
1678,5320.092091661056
1679,5559.581415815768
1680,55779.94875511294
1681,50606.2592357837
1682,15190.356077540891
1683,7880.5389474627955
1684,5286.488179824948
1685,45597.12537330174
1686,5071.663484455088
1687,42122.52508966967
1688,44868.81169668301
1689,2233.6377770136023
1690,4018.705086148632
1691,4477.38612968678
1692,10441.796221033725
1693,40954.60320537939
1694,7287.425743953057
1695,6923.3900168372065
1696,10567.630222775933
1697,54261.889629107616
1698,11917.666504187662
1699,40955.61047410275
1700,4478.832657389994
1701,49224.287814502655
1702,10199.571335233439
1703,7876.050824447588
1704,5282.507677020846
1705,5142.806823183078
1706,6007.261041014104
1707,62604.62035228874
1708,5231.747087117172
1709,8072.6557842687125
1710,7116.524517737256
1711,2900.629138916093
1712,12076.923899361245
1713,5800.619966445188
1714,5884.911247743802
1715,6937.918146295328
1716,4769.484878670946
1717,6044.755161348873
1718,4353.000366818008
1719,11119.999505933149
1720,6249.6247625381575
1721,5682.233243788171
1722,60083.07997841171
1723,49593.79536314048
1724,10081.839531351012
1725,4290.250278768401
1726,22098.838462324682
1727,12640.531218519016
1728,4575.549568038448
1729,6621.923219115377
1730,45363.8374095668
1731,7983.0357982798405
1732,3087.9268313729544
1733,56100.92185487578
1734,48724.45106188903
1735,2136.016871404642
1736,2526.605516642881
1737,5322.200059714618
1738,12009.381598602995
1739,56228.034339481164
1740,44588.900866186086
1741,50909.8281244571
1742,14721.535040083778
1743,55028.660877702714
1744,7199.754932685962
1745,4817.016548173713
1746,53401.37579275516
1747,53843.110958997524
1748,5757.073354123348
1749,51106.06611405281
1750,8932.062383504643
1751,4260.004607816375
1752,11317.864010517957
1753,37475.01741823369
1754,61658.807951070965
1755,10598.48959855422
1756,3449.111373588368
1757,5735.027913237433
1758,50703.48805333441
1759,9585.228485854801
1760,5482.762351999932
1761,3511.4038448850347
1762,1746.2699412441498
1763,13788.246965338885
1764,4061.0077260079474
1765,58096.60595874243
1766,63982.97518343943
1767,2814.892136065393
1768,3054.341125194432
1769,5283.5978415764475
1770,5529.253343231775
1771,3831.6021700379442
1772,52722.99949134146
1773,4418.444243336413
1774,56835.00673072898
1775,4609.080757781334
1776,5445.201955002738
1777,4597.144930575045
1778,40095.08713971978
1779,5750.485707728216
1780,44199.71036454153
1781,5346.514128265141
1782,3172.027632960664
1783,48728.16454503341
1784,5300.358261316434
1785,45225.08599287962
1786,52599.29535968311
1787,47937.099129616865
1788,3922.2501588980995
1789,7268.352940708351
1790,10661.402561585859
1791,60985.55788018607
1792,4299.190007012741
1793,4349.12296492208
1794,10506.28755681653
1795,50647.94424694382
1796,7251.97037521007
1797,58560.55371310172
1798,9249.108978953494
1799,7621.151235077836
1800,55127.99248841652
1801,6842.965085685808
1802,7733.864272782497
1803,4473.797688148922
1804,5330.055855430662
1805,53614.51841895748
1806,46238.51078273072
1807,10297.882138457957
1808,5417.889338384897
1809,45131.0681538772
1810,60129.10447749763
1811,50563.72376416009
1812,5346.99478993948
1813,5501.017581686656
1814,3925.001664410764
1815,60831.271034913676
1816,45024.10631432286
1817,7330.969293349066
1818,9222.516274346155
1819,56666.81113917804
1820,3531.7176167998227
1821,2476.6834083480526
1822,68284.16660986288
1823,59116.52348820401
1824,50266.984679702786
1825,49000.630528271926
1826,6160.711390227023
1827,26629.25305240054
1828,1535.4000726243594
1829,7269.588618404676
1830,5385.918810475057
1831,4514.111336230597
1832,61913.8767403081
1833,6060.497115187747
1834,64985.199745647216
1835,4833.321619166945
1836,5967.403889959951
1837,5728.795334027679
1838,3875.4119533381504
1839,46034.02373838747
1840,4718.925012223215
1841,5483.182181754789
1842,8259.976920157605
1843,6011.38629104499
1844,5560.019839024106
1845,5358.400294015591
1846,4899.85633947243
1847,2331.4545340997693
1848,52840.95495842573
1849,5903.099907860618
1850,8630.345405117754
1851,59396.251442643916
1852,3319.457054303911
1853,4716.541783631553
1854,5136.873687824924
1855,4612.246459298116
1856,11790.491050449886
1857,61415.21608568503
1858,1904.6304578014983
1859,5041.934711987652
1860,6602.669533076234
1861,5999.028631500882
1862,67798.4932106623
1863,47302.00423522941
1864,20282.839364323278
1865,45904.72097154525
1866,5362.037646920987
1867,51670.42316385795
1868,56718.656120689106
1869,59306.85154852407
1870,5583.981495130721
1871,4310.698866455607
1872,5249.210538803714
1873,24748.552450268573
1874,12494.07061361846
1875,21955.263520875753
1876,53187.37637209197
1877,12237.011246000875
1878,7420.5153899983525
1879,6308.661789564413
1880,8830.61075932074
1881,5975.139799052498
1882,4889.876135250117
1883,5643.343303923804
1884,7524.923838330233
1885,3268.5926632025776
1886,63841.87934170877
1887,49489.57600091642
1888,6467.259831113135
1889,2459.969629100806
1890,53966.33444340648
1891,5841.016960326364
1892,6323.632432212822
1893,5000.375303421039
1894,45852.97455372283
1895,11954.131830143877
1896,6124.9485223683305
1897,6458.044758144213
1898,2992.3239208543746
1899,56628.15503043189
1900,4833.4665094104375
1901,24343.879524932905
1902,5727.328591869375
1903,6212.535827887368
1904,5664.082633717173
1905,5005.981798071529
1906,57172.62202848827
1907,35203.551423431956
1908,7748.126196998308
1909,6177.476630356443
1910,22858.531817861087
1911,4138.334392507759
1912,5076.892441670633
1913,6036.5993678545265
1914,4153.605148234696
1915,44923.71661915697
1916,3904.621941194583
1917,4371.679355134649
1918,6818.228756817304
1919,5825.564545880503
1920,45334.580508554
1921,5838.619309818207
1922,3881.4677848204
1923,9747.462468843662
1924,61047.89978646346
1925,6954.474310433994
1926,5811.268633549379
1927,6055.354397296259
1928,43472.37166251248
1929,4588.554802844421
1930,9656.496901234832
1931,6887.19929123401
1932,53819.43867548028
1933,43555.20902051414
1934,4998.241160484828
1935,53572.147165649236
1936,7262.13976769154
1937,2716.575993713347
1938,44334.04927356633
1939,3570.8390796855056
1940,7212.322051114036
1941,44381.641121025554
1942,8269.184285507295
1943,12652.770406054056
1944,58592.83317346353
1945,1719.0691500433395
1946,6043.929789615794
1947,53870.92905957811
1948,4168.236715386902
1949,14486.688941758643
1950,49901.39771319148
1951,3516.5359177425053
1952,50360.72148825371
1953,2426.5425309557386
1954,58900.99691666399
1955,3049.4669029713673
1956,6879.7414696290725
1957,57739.13756947509
1958,6802.950763455892
1959,21291.355494924526
1960,5397.04757612356
1961,11593.198165155049
1962,10724.176429850551
1963,2434.542335871839
1964,3872.8416739697736
1965,51346.97464262151
1966,58577.95851485698
1967,6132.307942201379
1968,11057.538099834457
1969,5954.756014964903
1970,4284.67099539088
1971,6296.817503015862
1972,4528.849657792172
1973,5909.209729669981
1974,4350.355696424576
1975,5367.259822089189
1976,27811.351166755754
1977,24395.261948392148
1978,4895.851785153427
1979,3449.5372906501925
1980,6006.305146122351
1981,4265.822011641874
1982,63928.54528463483
1983,48171.884220567736
1984,6249.612059445915
1985,59901.16627441645
1986,3566.5976024906554
1987,4525.059740517596
1988,7089.271502571134
1989,3784.6263437711104
1990,60520.610962759034
1991,51614.547273060445
1992,2752.7543924420033
1993,7037.187259121497
1994,5738.945145370474
1995,58169.67953396369
1996,11714.757546091649
1997,76123.15023403676
1998,3698.1830502731805
1999,40878.48442559317
2000,4693.262926491245
2001,54824.52327855323
2002,5944.672873244172
2003,9120.36974540705
2004,62621.10187778143
2005,10623.747706008831
2006,6633.222667383234
2007,6159.8740797003475
2008,1707.7604397820378
2009,46828.689538850274
2010,2878.656743448489
2011,54330.61197860407
2012,5176.487201735854
2013,6187.673868030552
2014,11073.824722725763
2015,51698.55137209519
2016,3914.1973925655084
2017,2553.482530520667
2018,4896.907103425512
2019,6335.0480470037155
2020,3828.060087928315
2021,5004.536714801507
2022,56424.72787624194
2023,10916.215648185218
2024,50134.4230221584
2025,3189.734801412833
2026,7425.115988509218
2027,2258.4723276872237
2028,55223.84280072801
2029,7234.585802807073
2030,4849.565355420753
2031,5749.61667792705
2032,28057.072306685608
2033,2537.582404073232
2034,66202.81398327491
2035,12618.962791376134
2036,3369.3674024739157
2037,6827.954277074636
2038,6089.640479422785
2039,67595.99000541924
2040,54038.82382124428
2041,6098.350339112258
2042,5986.640673345142
2043,5483.237182872848
2044,5645.37956091787
2045,3887.2428653303177
2046,4248.915451377141
2047,9842.458952414789
2048,4429.425263001163
2049,6723.772516457191
2050,16108.705702650717
2051,49291.03289960342
2052,10084.108372916842
2053,52066.853710595766
2054,10778.125738533196
2055,2989.370385382529
2056,51058.292188225605
2057,58112.10325882241
2058,6057.900760504581
2059,48220.92726551102
2060,8839.184122248142
2061,7352.025957089805
2062,5079.0296432259565
2063,11120.556883566567
2064,6326.7689311595495
2065,74985.63657401694
2066,12931.955386415957
2067,5111.269652165967
2068,3322.0550422294614
2069,5517.4458062684525
2070,2359.3408528865803
2071,43541.601061343456
2072,18049.11484234253
2073,6297.769133886692
2074,7359.075766867326
2075,2676.207314943046
2076,7803.775959324884
2077,6868.433144885494
2078,5556.883927689925
2079,44704.17520546242
2080,5752.454548071073
2081,6203.65212490206
2082,58708.987999574514
2083,75589.89443971432
2084,5438.75491189614
2085,49707.14301607212
2086,6077.473544743578
2087,18839.92412339647
2088,4895.22654136843
2089,6945.11096468656
2090,52579.76963722466
2091,8015.390824077931
2092,4260.359267611967
2093,3940.880498521689
2094,69544.13491867814
2095,3130.397227937524
2096,5810.527574398472
2097,7350.708903002435
2098,7821.679611576657
2099,6204.211254688852
2100,4420.141857507531
2101,6181.486727074495
2102,52480.6673606975
2103,5910.344242723274
2104,53281.26125581674
2105,5002.176861134295
2106,3505.7176840471147
2107,3601.618016164099
2108,3237.0493437672903
2109,2760.2873388462895
2110,50808.251768882765
2111,27553.102573165306
2112,5741.6942109026895
2113,2636.4038308435743
2114,4393.579567130064
2115,56442.227524099624
2116,2830.9260925832486
2117,8382.848648993555
2118,7352.100807369677
2119,68168.52636512226
2120,11248.224023684517
2121,5538.9707268677585
2122,7953.502091467789
2123,62811.76422728032
2124,7705.996338519391
2125,7119.746139898786
2126,50423.65557710364
2127,4715.081089630107
2128,5383.4120678592335
2129,4280.10428676635
2130,4837.434799776858
2131,5487.723051511275
2132,4237.919665047684
2133,56828.0791533279
2134,6834.7495422122065
2135,9351.135262356816
2136,9007.434318461877
2137,5431.769760669123
2138,77308.17070351532
2139,4579.947038293034
2140,56661.19698408256
2141,12158.567419117771
2142,13840.010330498088
2143,50791.59490222587
2144,51166.32629955717
2145,9020.132480528217
2146,48227.11984135139
2147,4537.19816411705
2148,20539.405143315547
2149,13736.988063568766
2150,7137.039667563249
2151,6523.8326942005315
2152,63368.55951794779
2153,4474.45222862167
2154,59624.89008854835
2155,5876.02915195141
2156,11698.460419098807
2157,53689.66245330982
2158,10208.7906119076
2159,53481.39426104349
2160,5353.606976624769
2161,6700.646196676515
2162,4580.1793137168825
2163,5049.554583491187
2164,49493.83773405565
2165,13495.054111300335
2166,44444.8407302932
2167,2072.605276687146
2168,41028.0228849539
2169,4025.5955815007464
2170,63242.45129353464
2171,3630.2569720576785
2172,3074.068622155517
2173,3871.53594697451
2174,3649.7846042106994
2175,8650.263585420706
2176,4069.089215796059
2177,4675.0901451776635
2178,2938.4797672204495
2179,7263.261499021095
2180,66756.31694899092
2181,22753.288875022976
2182,9932.756963423852
2183,47362.715618635615
2184,49768.95426333956
2185,11439.599853771964
2186,6356.330321396643
2187,10404.04800146107
2188,4099.993596030139
2189,56766.20831959581
2190,7543.486119330839
2191,80113.42069702031
2192,65302.67406862455
2193,6116.138594679651
2194,11683.916461593992
2195,5632.168596251626
2196,2921.4197963830493
2197,14284.870445028842
2198,9939.35542035565
2199,7683.373652988754
2200,7753.140335510436
2201,48629.37238807506
2202,4767.487915788834
2203,5854.767073092196
2204,40328.968505771496
2205,14954.654328135475
2206,7920.645966173618
2207,1668.0953041066587
2208,7447.152699126136
2209,4074.620177029463
2210,6898.601450833669
2211,66597.74140621009
2212,5605.542246228625
2213,5541.024353959122
2214,66246.34249305949
2215,3420.6208959341066
2216,6397.617347183963
2217,2704.058303262331
2218,8156.116693963745
2219,11758.753153962329
2220,6769.6261193167875
2221,38035.582269816856
2222,4962.053937676368
2223,4213.727256610087
2224,7677.369560271993
2225,4765.530893939655
2226,5069.1385502384965
2227,5399.687486009452
2228,5295.429091220937
2229,54379.53234860141
2230,11988.666824576027
2231,8829.836603537322
2232,3718.5999730199283
2233,4646.559514767025
2234,6301.52396739844
2235,6684.034454012614
2236,6760.610206246269
2237,5320.4434742196945
2238,13874.365395573237
2239,6220.157071882335
2240,3113.6570553335628
2241,2644.4602115374073
2242,49586.50492588528
2243,52800.20297895558
2244,5918.319398643094
2245,4349.940295779295
2246,21258.476897700988
2247,12183.61374469423
2248,63218.89606410779
2249,34503.31382855895
2250,6194.296732585225
2251,50865.46929784909
2252,8828.807731828869
2253,2234.291379092525
2254,3502.62358599243
2255,2603.8613542514727
2256,6906.245314581878
2257,3810.437386159835
2258,3735.823633807526
2259,3942.25482682208
2260,6720.968034621696
2261,60997.76109667047
2262,5854.349395056139
2263,50797.49524418315
2264,54758.33012158907
2265,6924.095474976591
2266,5084.159558922054
2267,13907.230117788527
2268,6184.883805029571
2269,54612.65559422382
2270,66369.68448462358
2271,52489.08968750751
2272,4739.355116853198
2273,2847.1967857834443
2274,5474.660661060492
2275,6327.99443487908
2276,3135.2453683090584
2277,50699.51018624209
2278,4981.933584455277
2279,4634.422263535195
2280,60225.055589338815
2281,57964.95597127556
2282,4642.850054065231
2283,4059.6468607573042
2284,5786.889038902034
2285,3808.309971589021
2286,2494.2272811027815
2287,13420.056264451068
2288,4847.133284139884
2289,4795.240000398184
2290,11523.52385689981
2291,57151.75541639804
2292,5603.970929733625
2293,61653.27555267825
2294,32532.911729176005
2295,8795.646781218127
2296,41177.12168526152
2297,69691.75182048316
2298,3503.6253063734875
2299,46086.085654785566
2300,22424.708266998226
2301,6629.167777822403
2302,5179.648524255338
2303,1788.8291610800534
2304,2372.3304887872328
2305,5915.473565567887
2306,2779.8824965989525
2307,4993.801642464952
2308,48802.51138304439
2309,46227.8291674105
2310,6456.020336006219
2311,1761.5115615536763
2312,6399.8462375471445
2313,4940.848115723922
2314,4089.859685381592
2315,3178.038831662845
2316,10098.690337451017
2317,5523.0853750195165
2318,4121.012932097134
2319,49063.31461062094
2320,51640.262571492596
2321,46301.621255730875
2322,4548.89222053552
2323,5243.088128287253
2324,50447.15074351753
2325,7030.971312352531
2326,25739.937054147143
2327,61179.286456842616
2328,4967.732433070105
2329,6087.085628916618
2330,7979.821477614656
2331,5613.086262313645
2332,55459.5966504812
2333,5865.367907926018
2334,5951.938239023908
2335,11880.349958070063
2336,3666.10579486644
2337,2783.465980341453
2338,17075.972832478306
2339,3897.5254528698742
2340,6510.91767245435
2341,5160.583488676302
2342,3334.789931846105
2343,58330.24276274217
2344,5212.421571708292
2345,45231.59760659572
2346,5567.274524903716
2347,5586.6933523825965
2348,14844.934968160205
2349,5405.273249126534
2350,5035.641716097911
2351,6935.17501646468
2352,49946.40998648747
2353,8140.826763146382
2354,55542.73753598114
2355,6652.183815076925
2356,6848.386781245501
2357,56483.01963383447
2358,59381.57227241804
2359,5475.29022774684
2360,5886.506681483893
2361,9536.114673258571
2362,3024.999999737942
2363,1694.5572117739675
2364,55839.25083671694
2365,52246.42340285331
2366,48089.47291470794
2367,54480.78367407933
2368,6106.309306391654
2369,3984.5301843874695
2370,5118.572599828101
2371,61477.068482247974
2372,5601.243617372691
2373,32527.111279782246
2374,10147.922333555767
2375,3366.9019439455387
2376,5734.539937703263
2377,58417.11456282262
2378,6280.808402606137
2379,5906.747338209195
2380,49829.62070098953
2381,2752.1757580930957
2382,3986.943969926775
2383,2526.402228217252
2384,4069.744314012334
2385,53500.958424585915
2386,6933.072223614043
2387,5013.6178896468355
2388,28594.811201281256
2389,5728.891958991466
2390,5725.800816258267
2391,6104.707042725317
2392,63888.130905823185
2393,52983.054853775255
2394,4618.595721439147
2395,44983.42926656036
2396,2357.7275762150966
2397,54027.75191593189
2398,61934.593056624064
2399,54584.2743834953
2400,3123.223311327657
2401,12513.559533478525
2402,5641.555242806107
2403,67534.1361972593
2404,4951.792456884142
2405,3688.2252930839704
2406,8612.704615687275
2407,7008.364018410328
2408,4202.833026431647
2409,2222.2730350176303
2410,14741.300422932443
2411,43923.09571023086
2412,6479.178065650726
2413,6486.203359426019
2414,4186.315598974581
2415,50376.332668600386
2416,5967.816225404323
2417,9545.432326684739
2418,52212.34451941331
2419,6589.138398089822
2420,6024.97152202337
2421,5024.527331995449
2422,16724.940858640133
2423,5354.421080109688
2424,62726.102475164866
2425,58372.25598220674
2426,44465.14445528036
2427,5568.4633968242
2428,5469.879553798357
2429,4863.401264854136
2430,6575.487442757516
2431,45600.802339909795
2432,11375.221448562232
2433,6145.429838432868
2434,56197.96240299396
2435,4915.029191180231
2436,4911.652267927367
2437,2732.9595292365384
2438,6537.840615536341
2439,4630.754202321505
2440,4631.4425001143445
2441,3616.209992943309
2442,2236.1798863452614
2443,60724.54271294617
2444,9569.887985880898
2445,62016.633774671005
2446,49917.42696535553
2447,3284.971306176946
2448,4339.707716214838
2449,6788.839677104319
2450,6683.5972201826025
2451,3988.388270991398
2452,5214.443033024241
2453,4965.840967241121
2454,55862.9100999186
2455,4310.096055315201
2456,12041.63181788593
2457,3932.1445045065075
2458,4993.934132519966
2459,64567.195765859025
2460,5090.323466802893
2461,52865.597225039994
2462,4589.295569491524
2463,5661.527090318323
2464,1856.08032154981
2465,4313.342811019317
2466,10161.613346812635
2467,5135.761640510436
2468,7464.262896493628
2469,49308.1877555229
2470,48461.57019953043
2471,6360.62701765098
2472,54263.461128083625
2473,5907.261945211968
2474,13138.414663046886
2475,6698.877671742978
2476,7127.972336386101
2477,2109.2547386007795
2478,2469.049407416063
2479,6416.4047688276105
2480,9321.057090181945
2481,8885.235573693575
2482,49233.01514751346
2483,6008.454657111608
2484,4455.585114843603
2485,4117.392606128639
2486,5666.014620697002
2487,6535.385929585247
2488,4184.873404887081
2489,67120.89108986345
2490,6622.964000944252
2491,5799.135297507741
2492,4340.883967452332
2493,5141.495712361821
2494,59897.874308016384
2495,4640.089602398457
2496,11785.49488389543
2497,2964.4196520342575
2498,3074.1624639076413
2499,4510.676521634426
2500,7597.763989849922
2501,59306.55979660708
2502,4654.960957850746
2503,5747.709370785511
2504,6021.648396580516
2505,6922.620059759567
2506,3276.262938830114
2507,5024.995050406158
2508,11858.910291116577
2509,47447.49967102264
2510,66114.7645487437
2511,59838.6986335926
2512,3619.870486481955
2513,5389.432248347228
2514,7326.772909450082
2515,63759.71112568285
2516,7157.522923143439
2517,4990.2842068372065
2518,5857.032356066992
2519,9299.444482246927
2520,3230.5498574826815
2521,51295.627356856334
2522,6336.372514641149
2523,2676.60481336271
2524,62333.06872426305
2525,50337.180359183054
2526,4251.341571929148
2527,52985.354205012445
2528,4801.449146197516
2529,6679.324085925404
2530,20623.86833611722
2531,6465.573691470407
2532,69652.81487826942
2533,6102.533274345078
2534,10969.827563680017
2535,10681.449596395716
2536,6250.3568259251015
2537,2554.680937175178
2538,6897.083811899127
2539,9349.84955169974
2540,51039.82683596159
2541,2961.3865851263395
2542,52802.14420361916
2543,62202.29880503987
2544,6331.680886347367
2545,6834.5998722636905
2546,54054.464734891095
2547,2583.9637997509067
2548,56459.24411994008
2549,6496.149554455392
2550,4573.906978534708
2551,51223.85982053608
2552,3369.2268926111974
2553,6322.5579500945405
2554,2369.5236098935206
2555,3629.217648155768
2556,7545.631963827799
2557,45793.47823265675
2558,6895.234115019955
2559,2077.1448361297444
2560,67602.13226654919
2561,6012.767197870908
2562,4379.671493098287
2563,48915.60300336173
2564,11199.740331359153
2565,5227.309508230544
2566,27903.23064630089
2567,49615.211919868765
2568,4352.241266470684
2569,40186.79403386487
2570,3696.4535196210245
2571,4484.498283719448
2572,51911.08147324997
2573,64494.52504019803
2574,7681.274674690974
2575,15023.972562884319
2576,72428.83333404284
2577,3823.0774087270383
2578,6324.159185965966
2579,6194.978872825064
2580,3178.054540394102
2581,2424.8499305823557
2582,3521.1333269526976
2583,6008.719999380437
2584,4811.572833363411
2585,8855.044603764993
2586,5083.7906615972415
2587,6665.836179960129
2588,7957.638081834145
2589,59464.9313496517
2590,14264.638150090552
2591,5864.352135763305
2592,3334.286098142682
2593,49206.44585926355
2594,6028.259366061389
2595,11600.93594076441
2596,69506.93833979908
2597,12205.42350336886
2598,54374.681075526954
2599,2457.844277477851
2600,10173.725432151261
2601,4255.6753555955265
2602,9870.851209686925
2603,67667.04661329495
2604,63772.59153762674
2605,4322.7832713787575
2606,61810.97482001537
2607,4414.196593820716
2608,5616.741389068254
2609,5736.623011208573
2610,52877.207716768215
2611,55879.553010725096
2612,7849.4005467028965
2613,5255.8865970913475
2614,60806.26414484769
2615,9772.228466032711
2616,5912.926872758584
2617,12041.191998003924
2618,50327.876828339504
2619,10808.474273616663
2620,64629.06975664499
2621,57929.271942336156
2622,57912.123775769796
2623,47678.998717049806
2624,16071.78598476569
2625,57269.00500844785
2626,50744.0746982127
2627,53940.84212485439
2628,47266.7541215824
2629,2971.429766172245
2630,5500.186122915344
2631,2580.0667994626797
2632,3129.8926906325723
2633,4596.527284233869
2634,75223.26653043214
2635,5737.3000870705755
2636,44138.98987298361
2637,6118.418754307664
2638,58490.46509373783
2639,57278.85394113057
2640,4594.120169156713
2641,4950.525975208243
2642,4598.691485953516
2643,8484.602932702659
2644,44235.171852223466
2645,1805.8008648788257
2646,10414.595454880135
2647,8930.683499091545
2648,11085.83166385842
2649,27322.156247541832
2650,81873.66416274974
2651,2808.769194029747
2652,54024.01656644644
2653,5813.669081314769
2654,5033.754366797155
2655,2706.083750305357
2656,38694.63982226024
2657,8471.131318544638
2658,4974.876765963221
2659,7641.6265100939745
2660,12737.730686816962
2661,8343.47440561834
2662,15337.063447646626
2663,49921.06888346338
2664,58630.59625782496
2665,52688.19589359703
2666,9654.056324951522
2667,2857.1164582131573
2668,5884.871187623961
2669,2082.9193804070374
2670,57580.784912304414
2671,5257.86298993528
2672,4258.8726701196865
2673,50679.99517236985
2674,47023.61721322908
2675,51395.198689027144
2676,5940.156174672169
2677,2375.2612699454708
2678,8561.251499321013
2679,9437.90128378068
2680,11895.483084174779
2681,41105.541016319476
2682,54703.71033304369
2683,5412.842483243139
2684,73667.41065391891
2685,5259.786204611586
2686,5765.1163379051995
2687,50287.56140421028
2688,46903.458620002384
2689,3386.9636652006257
2690,50936.56366920644
2691,4680.994865062979
2692,43434.5785939989
2693,52381.25651789266
2694,5328.754769448168
2695,66619.45802232283
2696,1968.8734884110158
2697,26904.761556587888
2698,72795.69118147992
2699,6685.188970305631
2700,3942.2478157695564
2701,45606.852456686545
2702,6338.347907258356
2703,4870.316677555418
2704,5603.723950165486
2705,2505.8151522189482
2706,2577.9409624242717
2707,6980.314168301056
2708,6408.568847021495
2709,4629.965100968159
2710,63018.85451625519
2711,3317.920058384693
2712,52036.733203793745
2713,60812.522757400395
2714,64673.38376747371
2715,47849.91824882278
2716,3349.685600484171
2717,4404.09035636555
2718,6058.833807666838
2719,7460.2726237811985
2720,5278.7484106230195
2721,7772.186617027564
2722,8416.08513245402
2723,53911.630807315654
2724,2843.920793408514
2725,7908.6632627611525
2726,5558.075282172897
2727,5457.755361387282
2728,62859.406793698654
2729,6717.715582095085
2730,56889.576217964066
2731,6307.67466362841
2732,6411.7318549287775
2733,6158.103407577142
2734,10684.012398857021
2735,6307.9961997061055
2736,5643.044480810768
2737,7992.902596621521
2738,30630.45876158076
2739,11401.830247973174
2740,4981.4421854243055
2741,59874.9425766685
2742,42984.34404453909
2743,12198.84855785318
2744,6015.667173494356
2745,6302.987470331816
2746,4429.177107064434
2747,6097.430330986477
2748,53661.86799781681
2749,8451.677044844964
2750,6195.422649810695
2751,6558.666357979763
2752,6131.009734452492
2753,66828.72572351691
2754,3272.9695097062136
2755,52080.40077332231
2756,2492.6242846775604
2757,48176.221088636215
2758,4244.017402946239
2759,66208.18592034701
2760,6056.507488511143
2761,11617.902496663777
2762,5505.90235917298
2763,34907.02955087172
2764,48996.54200297011
2765,5818.449006358107
2766,56884.84961308728
2767,5943.637550748628
2768,4445.613338514107
2769,4063.4488444112676
2770,6693.077808019076
2771,3397.4698640214256
2772,10997.379179094283
2773,5091.349377919203
2774,5305.09895447079
2775,4946.598990668959
2776,5475.110139379852
2777,6623.984331236721
2778,56239.8735756113
2779,5759.978216488301
2780,2986.7709097723596
2781,5199.7364083334105
2782,57719.28201464741
2783,3657.8047005096946
2784,5387.302611781797
2785,3555.0020287223865
2786,11833.635580196831
2787,9064.608243091065
2788,10169.137852473747
2789,4204.947013390432
2790,49289.0169873069
2791,34512.421987294816
2792,45919.15581587191
2793,7909.061393034035
2794,6367.000855586719
2795,67056.57669602272
2796,20626.871404244717
2797,6243.224744110839
2798,58431.88245738733
2799,4430.670087723069
2800,55452.05277246752
2801,71901.94776896197
2802,74504.95038500425
2803,5633.806721268003
2804,12197.922802136318
2805,61069.675029010876
2806,2081.758153839156
2807,6486.493279611661
2808,4908.202648928103
2809,2396.555536819408
2810,59934.74348010539
2811,4065.1461802970653
2812,5407.310448580431
2813,51807.27695648836
2814,2398.8380854131556
2815,53172.267807642624
2816,4827.367452369858
2817,42977.54588089694
2818,13696.351740433478
2819,1676.0510279486907
2820,59317.07132653499
2821,5480.480781808803
2822,10721.168671558102
2823,6673.669256431085
2824,9792.447709875756
2825,6963.646956078454
2826,46282.34118228443
2827,8611.609064606408
2828,17163.823769394854
2829,3243.3294590544983
2830,66035.88746376555
2831,47600.90907601428
2832,34876.44037909605
2833,9120.324052309237
2834,23656.90453912539
2835,3732.861066914349
2836,2995.6625373971074
2837,5446.525019429971
2838,50942.2433561575
2839,6113.847658095374
2840,31933.592338779523
2841,58210.67050557394
2842,7078.275029738123
2843,56751.77676192634
2844,4145.374602987244
2845,52626.19363502354
2846,4752.522364181625
2847,82527.24018589401
2848,4881.202497108491
2849,5103.1506043846275
2850,6271.569909017564
2851,5409.90229567995
2852,5601.751875023603
2853,11515.28973682821
2854,2415.302670451786
2855,4014.289184158048
2856,6074.58989427198
2857,11504.634059307777
2858,1379.0221845734382
2859,5954.274129016467
2860,4091.664787145656
2861,7444.264202083924
2862,2616.155505586496
2863,20565.282676472503
2864,4682.697259686338
2865,7827.080886932632
2866,4854.755944627554
2867,5447.3592800720035
2868,4931.831802702192
2869,11763.789558650758
2870,3249.1125438461318
2871,9700.166507390166
2872,4337.989799658013
2873,40561.86235752827
2874,62682.94050411973
2875,9237.743156788956
2876,2565.388825343979
2877,4263.130828859126
2878,3372.713994867039
2879,24349.579471152912
2880,2150.0037147325884
2881,50542.07857092869
2882,8308.99224779024
2883,4347.2302545861985
2884,55383.871747490535
2885,9181.366633727841
2886,59271.551492847866
2887,3841.8404836588816
2888,3718.104670482371
2889,3477.675634330009
2890,6063.818025247405
2891,5496.546106759472
2892,53596.2579780012
2893,5109.154186244337
2894,49894.145927159334
2895,14374.61367842424
2896,5298.082023808093
2897,49119.986062070406
2898,60606.87664365585
2899,3915.5746049323143
2900,4827.8747528842105
2901,3687.268432023383
2902,8394.276434969765
2903,5735.347976136464
2904,58245.069399400905
2905,7948.241740908986
2906,5679.555582712734
2907,5228.501277155574
2908,5907.235888273663
2909,56869.35454922597
2910,8437.894353512958
2911,5611.600957954425
2912,49770.723305848165
2913,51952.416703715986
2914,13384.649758372949
2915,54896.33824859718
2916,2025.8407785030877
2917,35145.162817470904
2918,3563.452366587652
2919,10421.333401932374
2920,5360.340886456424
2921,2838.3109309335186
2922,5273.161461545118
2923,13693.827167089523
2924,52157.89454932153
2925,12267.559272545866
2926,3782.889997845443
2927,2078.6485620173144
2928,5351.486647538795
2929,5675.640949811218
2930,4511.817215805544
2931,6221.65861762532
2932,5815.07462248921
2933,2204.5657021917523
2934,73811.85799001981
2935,2339.925333404152
2936,7350.246866632679
2937,5578.225029806505
2938,51978.78391650365
2939,13627.256528451759
2940,4811.214089572286
2941,6506.31765862077
2942,12299.986719953722
2943,63665.98615663629
2944,24349.579471152912
2945,5823.117271338626
2946,7559.936391022
2947,7379.192971328019
2948,4473.8975344448645
2949,6214.710201829303
2950,37290.69004344653
2951,46486.70403216909
2952,7996.795721438624
2953,44698.288145750426
2954,3115.2223065458174
2955,11779.56145771536
2956,30022.69269961594
2957,5335.574239249372
2958,5878.624452472183
2959,8716.054188549351
2960,1987.2091675436127
2961,59222.35278725407
2962,56221.7490006917
2963,8337.576049092539
2964,5244.214208830907
2965,4002.403405103243
2966,2044.164801384979
2967,43646.99576853575
2968,4918.462589595846
2969,9898.184377644806
2970,4126.788668887646
2971,11737.703354603113
2972,63702.56480736597
2973,57354.68795618969
2974,2647.4739830147964
2975,55198.98039323728
2976,5590.174811920828
2977,5221.484918787238
2978,32793.19445945627
2979,58944.89684831002
2980,6243.31720904928
2981,3852.0322524167123
2982,26665.401223351677
2983,8030.673625904454
2984,50386.34088830005
2985,5947.088538688025
2986,4368.197040477651
2987,53972.946452234275
2988,9940.490301111236
2989,6434.841457710501
2990,4596.94529890897
2991,50923.48005889628
2992,49531.485893523924
2993,57638.90045143863
2994,9393.427164969864
2995,5164.408321185555
2996,62384.47742899098
2997,10943.68864943624
2998,3123.3412166599874
2999,46181.722374506455
3000,35885.59125395298
3001,5317.784104020628
3002,4648.255433090631
3003,5839.437240664548
3004,50612.499774822216
3005,3999.865761811882
3006,4484.271261221428
3007,43147.20510027422
3008,4479.607965409081
3009,4150.270332234786
3010,2137.9471195350707
3011,33458.048315352484
3012,4459.884019979325
3013,5933.594998442026
3014,8125.94979938913
3015,50464.492538755665
3016,52288.00600412901
3017,12224.79924803921
3018,54843.15833789087
3019,66491.06288487368
3020,5549.0633075085625
3021,10744.665850355756
3022,5761.762318483616
3023,4239.082349323935
3024,50511.52940836841
3025,2268.9966482044492
3026,5105.007507245538
3027,57135.3873530545
3028,6030.1032680550725
3029,11660.35333661332
3030,3418.3075904559673
3031,6491.171602444824
3032,3177.8345260751535
3033,5117.748269726549
3034,58159.35484121174
3035,4508.230710394038
3036,3374.4666796246456
3037,10167.70334749093
3038,20554.359352794236
3039,11783.318343882896
3040,3759.0896508822825
3041,25982.350726517892
3042,13548.390074082992
3043,6801.592495457088
3044,49088.551426339036
3045,6169.5802825720875
3046,6362.718813694661
3047,5990.409880651534
3048,5791.788479599113
3049,14777.785252478847
3050,7831.082187060074
3051,3020.8996511173345
3052,23927.119258905375
3053,7164.515614524283
3054,65435.08033270825
3055,4327.25724935109
3056,53992.19847475455
3057,4997.189668489904
3058,53197.04538455793
3059,3108.1930311079286
3060,63061.79121812772
3061,2650.959523774906
3062,54699.89889245027
3063,60747.878302071724
3064,4320.813465489351
3065,4538.705578563248
3066,6469.717419210021
3067,59512.01622035752
3068,8486.376616846097
3069,6046.942997980435
3070,5593.06370568119
3071,44773.40280342771
3072,5482.177442178636
3073,6064.816271660706
3074,5267.252409619556
3075,54762.41086404519
3076,5036.760315656407
3077,41718.0576315784
3078,4462.653701037319
3079,5704.351741636692
3080,1607.5074385605337
3081,44348.36177133719
3082,7379.3610756553435
3083,49725.254995114774
3084,5157.8712597260055
3085,18189.55334753338
3086,60764.9624560096
3087,2706.3665352052626
3088,5789.183756314794
3089,53862.60398663314
3090,6043.447686839709
3091,52361.649117079935
3092,5359.484103530298
3093,45731.99874838699
3094,4190.158304661829
3095,68774.1180389678
3096,5803.585895913846
3097,7088.657042133731
3098,5364.62943495609
3099,55037.944881179195
3100,5582.858852598258
3101,6418.716131211809
3102,49557.018728365016
3103,5343.916691614467
3104,49784.398409041874
3105,3346.950083663083
3106,13637.91356096898
3107,4192.775804668689
3108,9333.038072381241
3109,61868.87409974044
3110,4361.417735990499
3111,4635.910634282669
3112,51579.5733659338
3113,4474.043882615371
3114,7455.148968152463
3115,49755.12156431495
3116,10465.600061206911
3117,2956.562097932806
3118,22171.58591383828
3119,66385.57692693896
3120,2886.313058413546
3121,40645.69971189654
3122,6076.9052843238915
3123,5854.6495881547935
3124,9115.459950569853
3125,7620.7194333017815
3126,10270.036788347445
3127,5228.758406596349
3128,27894.369838016566
3129,43059.74614845516
3130,5830.489252688198
3131,5382.326090976186
3132,56284.61796479052
3133,7162.727764744196
3134,4959.617225387712
3135,49690.08346101061
3136,59275.27318778036
3137,4403.340680020301
3138,49702.272321390876
3139,56107.53246683009
3140,2832.1255148794808
3141,2602.7201659968287
3142,5878.77091127294
3143,10989.709967772229
3144,5355.768153335344
3145,6999.768136065251
3146,8288.144494018625
3147,50127.89533964992
3148,6605.274510414846
3149,12521.860454716863
3150,6044.355746334907
3151,58375.80086637419
3152,8848.600458930618
3153,5448.826018333466
3154,5918.214158093557
3155,51136.27344363601
3156,2954.8453677672487
3157,56258.491227129656
3158,6419.4423823879615
3159,6315.841985702964
3160,4308.944590386927
3161,8617.384926985009
3162,5278.391082408815
3163,4772.417779782936
3164,41853.7077791185
3165,49406.49155164328
3166,5702.8509225185335
3167,8157.581269911192
3168,5985.849490798926
3169,58648.833045081585
3170,5116.7310932222645
3171,4250.258217261271
3172,49207.88222875839
3173,5656.2567451462455
3174,5767.152699802022
3175,3378.4763892638193
3176,14161.341647053165
3177,36498.31966863859
3178,7097.248600619667
3179,53569.24390840192
3180,48844.190339277295
3181,7524.478410702476
3182,61703.452048089006
3183,60005.644033529636
3184,4213.875697648548
3185,6694.801893050715
3186,2914.589117531309
3187,56045.19809778474
3188,6345.172320120171
3189,8462.741366282131
3190,23630.485625169502
3191,4784.699335838083
3192,48915.48290175723
3193,54916.2679334661
3194,45260.836104590504
3195,20048.969027777683
3196,7571.323896513668
3197,50915.46844694008
3198,4892.844262808569
3199,6993.18932756659
3200,4103.96089816043
3201,52527.229821234505
3202,45557.924678516574
3203,5255.2939929017675
3204,63160.25976570272
3205,25093.939224467675
3206,13020.316045984524
3207,21970.843515046086
3208,4810.214530732901
3209,6698.502209642212
3210,58520.32527945523
3211,6687.647564682565
3212,23827.009206729228
3213,52887.302506489155
3214,4881.30928882584
3215,10351.286061430192
3216,53191.50290954791
3217,6916.095102897003
3218,55032.35157943574
3219,56762.44976382782
3220,60971.36868425652
3221,5713.448517059987
3222,4926.161968845769
3223,6985.964691207194
3224,6778.854703557488
3225,3493.8034807053346
3226,2199.9653753418324
3227,2677.670270273449
3228,5593.480009148159
3229,2749.8684901158167
3230,5036.026794971173
3231,4801.916828138421
3232,5613.239680057341
3233,4988.925226195524
3234,54465.76790886636
3235,6754.243213505106
3236,14654.894352806325
3237,50122.01296893098
3238,5522.421014189922
3239,4425.007645398619
3240,2792.700853115608
3241,9139.337437802616
3242,6663.362539515258
3243,6680.566900118288
3244,6465.71488168785
3245,62942.55433893586
3246,8530.720548059438
3247,52367.38036023232
3248,52070.26885851566
3249,50799.947023051194
3250,5979.487896508622
3251,67271.379883544
3252,4880.903646923337
3253,4872.874753612544
3254,5460.70678162463
3255,4319.75165819668
3256,5786.008866092183
3257,11522.996789423974
3258,6001.85949697587
3259,9726.34465790851
3260,4360.717063105437
3261,6588.727436867843
3262,52860.49528866197
3263,14270.986037912391
3264,45933.80071988138
3265,6290.681933051964
3266,12153.595487573422
3267,53743.2722575009
3268,5971.359904313618
3269,49214.124912899024
3270,64093.35289439852
3271,9103.271517593927
3272,5523.044075365035
3273,5031.616541077934
3274,43144.025317599066
3275,52766.8357108158
3276,48752.72393789956
3277,3819.5278868646838
3278,2239.016473888829
3279,6852.181327558894
3280,5145.455693377275
3281,5013.958139875512
3282,6011.147656559044
3283,5029.591050110029
3284,6660.4878018194995
3285,6749.253746284546
3286,55232.215925754965
3287,49478.14456482562
3288,62315.88742160285
3289,14365.290501427146
3290,11110.280925837622
3291,5531.26185191681
3292,4469.693483359257
3293,3292.072093758375
3294,6283.233406476933
3295,4808.406199933637
3296,7514.510615851574
3297,64310.84475877581
3298,7991.4301430631995
3299,6098.730918871252
3300,6651.475941006271
3301,20814.364431357662
3302,34373.04572432152
3303,7507.63998780731
3304,4565.036944391869
3305,6348.878606171961
3306,46595.052673250815
3307,4353.044313476594
3308,6878.835794330442
3309,9822.426170705838
3310,4932.954685811829
3311,4597.8463605214665
3312,5714.0046060709665
3313,54431.455468906264
3314,4791.230866259179
3315,7650.456604696414
3316,12902.657088868214
3317,2979.787873477114
3318,9476.995102999965
3319,3062.4837783492467
3320,33307.62625558651
3321,2564.068619752419
3322,4353.744660780834
3323,73417.95091542944
3324,5646.602356452679
3325,51445.97660518612
3326,4586.424278917548
3327,5918.071833525266
3328,55625.162499136044
3329,17648.976724912805
3330,4409.692163038547
3331,5101.994316912061
3332,5354.522356252337
3333,47068.5568108766
3334,52822.975376234914
3335,64156.22701677569
3336,48160.92712625784
3337,53370.052528888744
3338,62136.1329505778
3339,38299.215889001265
3340,58292.31547239226
3341,2798.86383645195
3342,11128.649518909155
3343,47355.88657633959
3344,6419.8862680389175
3345,38261.21244944344
3346,6604.974000239645
3347,5272.026701973795
3348,7205.943151399272
3349,42069.7889166121
3350,53745.70659083933
3351,2807.322174780127
3352,3122.0625282972933
3353,5392.395342241781
3354,33505.67673947733
3355,4028.977509175534
3356,17593.444870585678
3357,5042.074750727225
3358,54649.36121703399
3359,2722.19331269456
3360,5644.519041383779
3361,46825.534500235386
3362,5037.191394355665
3363,75841.50205386193
3364,5493.061863691925
3365,24190.61585809411
3366,6253.666382364361
3367,4071.4504385781083
3368,5857.025765803738
3369,45103.64498057657
3370,47113.016494675685
3371,2910.846385572994
3372,4521.61549289379
3373,5482.938969029543
3374,11141.293977252073
3375,5972.997911267832
3376,4683.593167376189
3377,45180.47963674416
3378,6589.179819275081
3379,10768.288237317827
3380,5593.351166458151
3381,48720.20900237648
3382,29767.249867277973
3383,6372.015580693014
3384,10523.493351313627
3385,6511.520184564448
3386,29847.372279015184
3387,45604.484828692584
3388,2836.6830549182187
3389,5370.514255891173
3390,14964.095522651853
3391,48466.310434041
3392,6961.554522914377
3393,37048.414099342466
3394,2400.465594268153
3395,6028.779620476475
3396,58929.86785548855
3397,1663.6995542228383
3398,52306.73159417792
3399,4219.747650663665
3400,5495.88253724923
3401,4730.600730839897
3402,58365.99765199869
3403,4848.9148432355505
3404,6887.548152220867
3405,7701.93666710525
3406,7194.9089585822885
3407,42791.290429626264
3408,2932.2870389001237
3409,7310.837156260899
3410,7626.139159793529
3411,5744.576135457421
3412,13309.24879778153
3413,5279.561580763526
3414,4867.163083975201
3415,3947.0130519690188
3416,4598.243796478417
3417,4103.821702381684
3418,11151.35648631668
3419,4602.435321818328
3420,2145.088606806697
3421,3732.124774382232
3422,5484.514360188523
3423,7556.007789469654
3424,57324.17650212502
3425,5095.876979863568
3426,5091.519001866816
3427,11774.153359758362
3428,8174.997536161007
3429,3890.882101130129
3430,6005.414734227917
3431,6300.628128368602
3432,4940.843034474457
3433,36666.60865136119
3434,5049.257456721367
3435,3295.7799923939942
3436,3663.324647655384
3437,46696.22215749328
3438,51475.85218263819
3439,4909.748604496914
3440,4492.8219336340735
3441,2492.3117230473194
3442,4420.382040655661
3443,8642.42242579258
3444,8948.365565540564
3445,5753.139147877978
3446,7112.903650237153
3447,55955.58163497264
3448,3945.4903759986937
3449,16346.803397207299
3450,4905.373524056538
3451,3343.983353261809
3452,5437.801592431716
3453,5717.875115442732
3454,2951.519274049543
3455,6706.059399923237
3456,7266.240506572326
3457,7048.222070763208
3458,4248.830119137795
3459,2526.879103998883
3460,5090.757748498969
3461,10809.534120671233
3462,58806.03118394643
3463,11606.945111470639
3464,6526.764227159734
3465,4197.978571372356
3466,3888.51853992783
3467,56589.73937776875
3468,3360.251842021611
3469,2473.1872476858716
3470,9189.028190878005
3471,57777.344577617965
3472,4809.45822790638
3473,54968.006901155706
3474,4425.010992798585
3475,10987.078697184235
3476,4127.983590368781
3477,68708.71645282704
3478,7736.567723632732
3479,12478.173912375985
3480,6144.047672819172
3481,56110.92068781843
3482,6031.598696667317
3483,3623.4447882376753
3484,7177.883434204827
3485,45653.789544359875
3486,46813.58225731452
3487,12719.606139477344
3488,46928.90723905302
3489,4300.888187139177
3490,6400.556115018819
3491,5197.728306297822
3492,38636.10306571661
3493,2404.68813005496
3494,56194.625655265794
3495,6496.895693183758
3496,1741.307595681161
3497,6243.754685381347
3498,32432.372608872072
3499,12207.563864795187
3500,3789.99024727746
3501,7250.044194371397
3502,8050.876654520722
3503,8642.282641976828
3504,60789.44401091259
3505,9185.237462568444
3506,6250.227662112971
3507,6312.082784582888
3508,4708.773738706848
3509,6311.956594017147
3510,7190.649886864655
3511,11895.809554983534
3512,4645.121681396584
3513,57196.98324831157
3514,55661.05793594748
3515,4309.57232086922
3516,3675.1477076530646
3517,6224.17445742346
3518,7398.751166797873
3519,57178.765003335284
3520,6241.114384883327
3521,28670.978475557513
3522,3713.7928677710593
3523,57844.282474706306
3524,45348.58150526113
3525,55323.99513169342
3526,5484.245228748989
3527,5136.458323593111
3528,55887.52310336795
3529,13457.259976447262
3530,8555.03280892512
3531,4145.846114685223
3532,55275.95842636954
3533,57016.56121402544
3534,16902.13136397321
3535,2681.880616002505
3536,4731.207542953459
3537,3992.575664844631
3538,61754.1495673056
3539,59561.64906676751
3540,55123.305387417146
3541,6472.2267716891765
3542,6917.551087683561
3543,45193.99416419679
3544,4184.834149769025
3545,50821.4155997945
3546,64226.25204876642
3547,6444.768886872434
3548,5427.579977622416
3549,6777.292543660635
3550,57806.340918777154
3551,50088.48005056042
3552,4135.6645014013875
3553,6748.597343016077
3554,6872.18819123157
3555,5491.277752490074
3556,50925.03918675796
3557,7127.082588211402
3558,60809.37961339152
3559,5564.098420107409
3560,7083.932313800188
3561,4331.477979115833
3562,6662.916485011348
3563,56341.52430111478
3564,13166.426350880462
3565,47980.59340091955
3566,4854.52436469938
3567,4568.512552981165
3568,11449.120661452813
3569,11520.841649753766
3570,58470.51355714076
3571,5057.8337699956155
3572,1765.2522171223134
3573,5295.461909412714
3574,4891.457154737119
3575,10658.297472219072
3576,45355.030519588705
3577,10823.559996948377
3578,14199.619985065843
3579,3332.5122837970594
3580,6217.621123052187
3581,3711.192905221168
3582,52770.38802467812
3583,51369.20176653136
3584,5722.523087546006
3585,2186.024937536303
3586,53103.488396698565
3587,8788.879512159565
3588,74506.78547512293
3589,4326.102771946967
3590,34005.06465670353
3591,4886.329101437275
3592,5718.471930836387
3593,14563.11636382958
3594,5675.048131181395
3595,2142.1069103144428
3596,5986.857844493929
3597,3771.7556391759545
3598,5914.184998172482
3599,8245.105319580534
3600,6676.6020355816545
3601,6613.806468490593
3602,61611.95078577849
3603,4876.102008595207
3604,6178.430080260816
3605,45203.203117868936
3606,27194.96252251864
3607,5961.926360169087
3608,52812.1121983213
3609,6524.405525101335
3610,52819.437448242505
3611,9889.753758385084
3612,52678.81559160894
3613,4448.793487195882
3614,51226.50557788881
3615,47913.418034113514
3616,57263.55704484419
3617,5879.744780506677
3618,5286.00429758834
3619,7851.327410210408
3620,6162.260095519712
3621,5099.073920242399
3622,61266.85899322959
3623,57278.6390340291
3624,57525.848749251956
3625,6433.244361172951
3626,58602.48573610652
3627,55925.56506547466
3628,8666.08619543996
3629,61404.0451644033
3630,65369.06463756724
3631,3990.9731473805687
3632,5663.091163839077
3633,58602.96994031601
3634,4913.492318451563
3635,11277.476283338645
3636,22376.841075320684
3637,6191.250471122905
3638,40791.082635515166
3639,5447.254391383554
3640,7376.156427634251
3641,60655.102193897925
3642,6822.868741445528
3643,42875.640761256625
3644,43484.410540135534
3645,11906.8058015235
3646,8023.271451647537
3647,56834.88585803016
3648,3054.314567743436
3649,2525.018410460256
3650,60274.54303150926
3651,9466.438339218825
3652,7432.050762866491
3653,11311.290184163234
3654,52179.98717029252
3655,61197.75547795894
3656,44806.029958978645
3657,25253.917446344192
3658,4109.832721319332
3659,5447.611723332462
3660,8994.645078979007
3661,4457.1748990633005
3662,27209.354454591536
3663,6718.908835821694
3664,36160.38530528854
3665,6286.564074425518
3666,44566.424321155166
3667,53454.81126395883
3668,5909.694734581055
3669,63842.873101858306
3670,5458.109676754382
3671,56073.444898739835
3672,5394.559260158738
3673,3404.9684715076637
3674,60801.98233480196
3675,8387.959998098386
3676,5673.399629384541
3677,8173.48501051216
3678,49809.11248110795
3679,4963.636441046297
3680,7454.456136892125
3681,7009.162042485637
3682,4377.527022412504
3683,5764.017645415293
3684,4852.992901176276
3685,3079.6407276610494
3686,6035.3896787415215
3687,9982.60375812188
3688,61774.07227082508
3689,11419.882929312482
3690,5651.552602847345
3691,4846.817734596132
3692,56170.795073195375
3693,5995.930721093367
3694,2489.625802569136
3695,6460.705902119022
3696,65606.04390536313
3697,4155.53626575206
3698,7420.516431584876
3699,49759.40246734021
3700,8363.56139149746
3701,6108.753205109881
3702,4928.230453414449
3703,4895.6465862158875
3704,5364.727378372569
3705,5699.665920092091
3706,1799.9688309773774
3707,12105.323270312325
3708,3832.712020028202
3709,4514.861584103053
3710,6804.017793353664
3711,6423.615422778761
3712,7576.768126375613
3713,51855.8555023762
3714,3077.761527661596
3715,5012.202106549629
3716,49213.74860759604
3717,31815.411262624904
3718,4763.615537835014
3719,9020.801938602719
3720,37809.85630731938
3721,4552.1878970316975
3722,6850.452290567439
3723,3987.694476485204
3724,6031.629222819185
3725,6018.55079343443
3726,41579.30190320466
3727,15343.304746413723
3728,3524.8610607269343
3729,44018.32383192188
3730,4993.616074572616
3731,44593.919788862295
3732,5689.0506954005505
3733,3370.623466506351
3734,6881.309765891273
3735,5339.654740018259
3736,54493.354507848984
3737,11108.362573198061
3738,61321.55743078134
3739,51640.076321444634
3740,5836.993520189928
3741,11882.046054885597
3742,7763.421069243324
3743,8127.056527844385
3744,4447.995984348781
3745,50190.185151335056
3746,6323.543177523823
3747,4924.088000087935
3748,10413.928233654215
3749,7917.451856538516
3750,7201.850963612555
3751,7148.922224825928
3752,40462.59717742952
3753,4709.230965343337
3754,64223.67647251689
3755,64736.75294819134
3756,54094.15514423142
3757,5365.434542005622
3758,11595.38167944788
3759,6800.134556341511
3760,47458.245797550495
3761,2642.7205607770074
3762,5691.386249036062
3763,6702.1381982995645
3764,30803.6897019623
3765,5228.8972560994525
3766,6619.7685691887045
3767,3876.944617817894
3768,3288.6434942757746
3769,30486.346183065478
3770,49500.21511411125
3771,7259.05040766129
3772,8564.521026271997
3773,5547.519838926359
3774,7030.564411311968
3775,11298.812154367133
3776,4051.623635049021
3777,56771.67489575231
3778,8814.379255585125
3779,60296.96514186876
3780,6323.826513247655
3781,50972.89281792418
3782,2728.2326396094086
3783,7864.958997502211
3784,64768.35473429293
3785,2933.5127158796936
3786,5560.390111633247
3787,4485.3450960747705
3788,63959.84152115049
3789,5016.0692445291115
3790,5912.804122746595
3791,57806.340918777154
3792,4384.1167854706055
3793,7396.638002361743
3794,6124.796153363632
3795,2714.9637434170636
3796,5988.201962784438
3797,9835.072321016683
3798,52104.28289530815
3799,61199.45284580524
3800,5803.560725400985
3801,5870.502645508272
3802,53501.6726406269
3803,4295.751818005725
3804,4053.667131775368
3805,4558.610171761881
3806,2136.3591823701586
3807,11184.13090021707
3808,3685.8064858212647
3809,5144.822719924739
3810,7254.113006852173
3811,9963.060832636806
3812,5459.985109422443
3813,4072.302286189631
3814,5029.494846718647
3815,4801.931155943761
3816,4867.6996501345475
3817,12582.521924824177
3818,5173.372128762063
3819,4771.971505283507
3820,56706.337414208145
3821,65755.97963359627
3822,14958.003699767498
3823,18302.38045650232
3824,11776.625128100717
3825,4270.87921331229
3826,10077.42813337727
3827,2932.824442745602
3828,60475.226600334674
3829,7512.868692469699
3830,54084.00172940814
3831,67754.77129683038
3832,53287.237518203416
3833,5562.144926722544
3834,4998.312282479506
3835,59898.5780564217
3836,36112.599848823156
3837,62521.78321713579
3838,51006.83671368587
3839,4069.076443198558
3840,2411.6478664147867
3841,4429.717765119796
3842,32856.99556337851
3843,8130.3616272088875
3844,54796.083171009406
3845,53961.76418661575
3846,3571.856137933626
3847,5808.756037457968
3848,55335.04053309097
3849,4053.7595159671023
3850,4476.784686859128
3851,3623.1605595061537
3852,2662.211562667689
3853,61642.278437533634
3854,2129.8587043586767
3855,3611.0032768883275
3856,39989.27717119006
3857,45386.996927139495
3858,27945.84228176367
3859,8697.998998867626
3860,50215.04809236272
3861,4400.3304350392655
3862,14050.423455430766
3863,59175.58349583034
3864,4809.3566044567515
3865,8131.384289190267
3866,4666.092688978288
3867,31534.828953127962
3868,46155.08166017733
3869,4829.500237519451
3870,4046.265034696571
3871,5797.688472706648
3872,2331.901725952239
3873,56049.50122469087
3874,3523.858903590711
3875,11672.095087591291
3876,6928.712996940301
3877,43681.47211520833
3878,6559.962100463112
3879,6620.09777321052
3880,4445.144389254741
3881,2661.0327413719333
3882,58496.90422779098
3883,4241.923662739499
3884,16080.192949019554
3885,63759.751852132074
3886,3449.7875925306143
3887,6318.763477992175
3888,71011.30330997772
3889,41203.286502019364
3890,7169.513334988977
3891,62111.95253776373
3892,52757.79122278055
3893,6156.409051327546
3894,65273.01970307622
3895,3075.2001275207513
3896,9501.659534909455
3897,6191.816195677671
3898,61086.93922368479
3899,6754.660223963289
3900,7129.863036093968
3901,5247.107161617358
3902,24515.96418816194
3903,4531.885120068853
3904,6429.3853591688585
3905,73524.54579592319
3906,3509.3012345516763
3907,68444.79910043394
3908,53113.56213194903
3909,16986.50910233016
3910,42301.60549842918
3911,8588.905422068374
3912,58131.986436945444
3913,48500.60490920083
3914,9965.185846673001
3915,22297.37744744185
3916,4598.823134634953
3917,3567.54254117033
3918,13084.8920629539
3919,4350.461393968113
3920,3346.2365125821198
3921,3322.727021222636
3922,10265.00573502752
3923,6833.495532043333
3924,51454.9689702142
3925,5186.5301649615885
3926,59642.52233761111
3927,4748.3071904268845
3928,5165.486853616026
3929,47609.64441187486
3930,5182.274234653974
3931,3143.493924861646
3932,3723.03430986113
3933,59636.614296894106
3934,55511.36528787157
3935,2429.885478017221
3936,77718.83150836863
3937,11108.272585192419
3938,3069.043889929661
3939,53816.33538201694
3940,13629.31967111301
3941,6505.787419195917
3942,64819.94259053221
3943,7197.364993992861
3944,6136.178568271181
3945,6046.21184876523
3946,54801.25648718266
3947,50560.21517960886
3948,53490.68679403866
3949,12634.92061806471
3950,5690.150293712465
3951,10868.181115808242
3952,54472.335197456996
3953,4313.324107621891
3954,38674.26805116517
3955,4464.391193618703
3956,32946.076418850076
3957,60370.88959695109
3958,62065.769518346584
3959,6870.791995497877
3960,3461.0020243068066
3961,2746.6027035190136
3962,7827.122155192421
3963,5212.15940110765
3964,47219.705872131985
3965,59015.71548383357
3966,3731.9050833005717
3967,52137.60204960749
3968,40537.99165962462
3969,5677.122206611518
3970,4065.2293737894097
3971,4279.588023440938
3972,6408.3518828027145
3973,6949.523460992924
3974,46781.59920185177
3975,6200.535264694749
3976,11882.5502520421
3977,6832.041055260256
3978,4307.313517141279
3979,4668.672149490576
3980,60483.60210744424
3981,3221.9601543172444
3982,5506.8547214678965
3983,6193.559259119128
3984,46204.79795917461
3985,63120.75366286104
3986,59855.52938511084
3987,57549.88727491165
3988,4645.61684080206
3989,3131.5006982698505
3990,74473.0156805873
3991,5365.9008770441815
3992,4707.104448354696
3993,58416.98454599953
3994,5667.3018790013575
3995,11441.490795601238
3996,6711.704542660518
3997,4626.758832278276
3998,66005.52694311278
3999,4805.488358849241
4000,11814.952146501844
4001,6040.208551016487
4002,63189.293909497006
4003,5237.051609409986
4004,12034.48498475373
4005,3228.586903458106
4006,7840.338312071394
4007,51739.450568398344
4008,6515.108253023886
4009,52006.75351271352
4010,54148.664516639736
4011,60717.755272550596
4012,54055.92120589111
4013,8693.831735902682
4014,55896.199510160994
4015,5338.072293559887
4016,3194.791548196955
4017,5677.111939559165
4018,6949.116602506736
4019,5825.31282627258
4020,64721.21322941259
4021,29085.63419277902
4022,10464.149240131203
4023,6192.703891085215
4024,10672.337676269959
4025,58214.876741822765
4026,14325.068594048986
4027,42082.34899457533
4028,42297.41377307653
4029,2482.3734866426735
4030,7554.070402174565
4031,68544.14941163754
4032,53881.576043469235
4033,51514.830592420214
4034,2086.562097731252
4035,2392.7636093774095
4036,61150.95509999722
4037,52363.7760584533
4038,3932.523407745124
4039,6239.276501852939
4040,7597.432884749851
4041,4539.355207693736
4042,9382.49327471124
4043,5903.994388593567
4044,6868.110190532234
4045,7713.701322498393
4046,6773.4331331175
4047,58386.2045479869
4048,5692.770005536433
4049,7666.3983435309
4050,57589.71889399091
4051,59823.34519382227
4052,10970.437876410677
4053,51404.071436570826
4054,53708.72468920671
4055,53840.32867403888
4056,5240.235415333858
4057,1942.2421958228008
4058,6364.506076042562
4059,4071.114230300891
4060,7524.615817851147
4061,32470.95840869128
4062,2420.0000778993217
4063,61466.76011615103
4064,8219.341763725915
4065,7156.8484158256015
4066,50209.14030145122
4067,5232.039304359338
4068,11974.525578936667
4069,5403.579919489041
4070,38873.168380167335
4071,2819.1320810186917
4072,57276.89742637407
4073,52817.51753722465
4074,13163.086808312215
4075,3987.1651637276423
4076,8423.659198499896
4077,62277.17943827186
4078,49591.95855543867
4079,6351.73145818372
4080,63514.47370566477
4081,4576.651215714963
4082,31426.99552596602
4083,5932.4273863146445
4084,56611.37001975401
4085,59582.46728896994
4086,4851.793286792936
4087,4731.480852817158
4088,41984.79263924977
4089,2419.5691861136256
4090,51400.77675001275
4091,3543.2074511187957
4092,6315.38347865829
4093,53500.919590910395
4094,52388.64763638886
4095,47229.27726380085
4096,10370.946682144979
4097,6070.223609216057
4098,9802.381733031258
4099,38799.70324727263
4100,7992.523806419747
4101,46466.0899702983
4102,5770.256705652337
4103,5625.747118736475
4104,4688.798517564869
4105,5576.370047423425
4106,52595.04446327275
4107,15024.009867238863
4108,4782.946963809184
4109,5561.1652417499245
4110,6192.95734841951
4111,9707.139830634827
4112,2039.378713979245
4113,13588.615444892092
4114,4230.296816191874
4115,2518.4554430172975
4116,4623.965149064132
4117,5073.375108969256
4118,5957.883735752986
4119,4561.374170458811
4120,53386.59693118629
4121,7030.584198387482
4122,11323.133815829293
4123,11922.889538958436
4124,4681.715857228863
4125,5720.6032123217465
4126,8891.740334733857
4127,4713.132021724867
4128,5871.346155314821
4129,4518.169653076875
4130,15606.06774009202
4131,71353.08023842282
4132,47466.32715531072
4133,7664.689942341311
4134,3589.4034568190514
4135,4587.516783588122
4136,4043.7590582488906
4137,9726.929921986295
4138,5047.718205506021
4139,2081.2447179364954
4140,4541.179641597211
4141,59172.78724517717
4142,5886.95404850181
4143,4696.497948541805
4144,6665.899748280499
4145,6863.629835411115
4146,5845.092929512828
4147,5505.938846333565
4148,51871.05688569008
4149,49810.69943255217
4150,12386.316728800788
4151,22337.04126758176
4152,72419.54165210894
4153,13064.624237077625
4154,51902.574795226945
4155,50848.939757418375
4156,47830.20271410674
4157,2589.356507924907
4158,40958.989275276545
4159,4100.510790471119
4160,8979.094218268114
4161,69108.10635713072
4162,4147.815484957486
4163,13105.637482104692
4164,31664.72443076472
4165,5763.121597533817
4166,5738.121557928291
4167,5472.180370589467
4168,7429.244447367488
4169,7168.590564667906
4170,33680.58740661064
4171,5464.896718375861
4172,3880.147020846707
4173,5149.882329876891
4174,6148.004690100639
4175,55832.36047896555
4176,38887.41617492269
4177,7305.237223122494
4178,4345.643818396953
4179,51349.63203372909
4180,68129.02988970213
4181,42788.43243065234
4182,52220.89561551161
4183,7287.357262757627
4184,53095.85636567126
4185,4087.5622010220927
4186,5632.832896343335
4187,11395.057693343566
4188,46288.60719601785
4189,4403.8950913598455
4190,51140.69995902368
4191,51776.41026462002
4192,5082.6816786033305
4193,5480.168481217335
4194,1858.0997897378772
4195,10212.874536656369
4196,61001.4257438522
4197,5515.522089615332
4198,12894.674788329507
4199,6241.783834496098
4200,6568.790400292439
4201,58172.93200779057
4202,1875.8962039387984
4203,49633.821476995916
4204,2480.592515730339
4205,6829.2143059747705
4206,56409.22494624223
4207,48151.0049054619
4208,61611.52582376405
4209,4883.321730121929
4210,6028.8134968306185
4211,4328.985908798198
4212,9323.351360502367
4213,51200.25807162786
4214,48726.52242192865
4215,6308.276166523214
4216,7332.118179709118
4217,4877.795194391489
4218,4964.899149510313
4219,3058.5326033205424
4220,2796.0289961713397
4221,1736.0630703116753
4222,50182.432377583544
4223,6744.908536490824
4224,6186.046910412384
4225,55495.52314041508
4226,59019.52838850957
4227,62190.831189184806
4228,8914.840944216898
4229,6931.975159045302
4230,5388.597499990023
4231,30452.214572088968
4232,4012.594739847512
4233,6525.396284082217
4234,59803.72034208519
4235,4201.04811435271
4236,50564.6399709887
4237,6010.823814159666
4238,43899.33939221193
4239,4970.036800252932
4240,49774.35973986662
4241,49648.924615796626
4242,2985.8424937647287
4243,55205.55609549851
4244,55886.35511108645
4245,4242.0871512505855
4246,55555.260325894196
4247,55631.338823860715
4248,5925.248737809225
4249,6018.034736887879
4250,8679.351475413805
4251,12421.381554569056
4252,5212.1027848182985
4253,4949.439369927335
4254,63170.99674159812
4255,3509.999946469474
4256,44421.8209344949
4257,51126.14324966687
4258,4680.405079440126
4259,5164.309773146861
4260,6536.785526692747
4261,3035.9064261880767
4262,22643.302764316155
4263,2428.8039779657765
4264,5091.203025492174
4265,5845.092929512828
4266,7071.71361780072
4267,49343.96663571389
4268,4258.521839449262
4269,6209.807440342479
4270,5596.770288557515
4271,25760.17419345148
4272,10627.73833078964
4273,3668.1981367042813
4274,51348.53807632919
4275,4749.316830712656
4276,54087.394103093524
4277,57467.03118270697
4278,12467.148188804875
4279,55247.34607890535
4280,54691.9766898769
4281,7449.763540883562
4282,62759.24972353215
4283,3275.0401038091613
4284,6848.125210766863
4285,2418.007081336954
4286,56660.74297241254
4287,56902.631997731805
4288,6717.223859561283
4289,2344.4252417018724
4290,9361.884399640556
4291,49763.904202199126
4292,5675.618228689458
4293,11586.956029931325
4294,7590.861695662634
4295,42564.28324699812
4296,58623.57335519901
4297,6002.111890918589
4298,3594.2519052756734
4299,31424.179351109986
4300,3875.6711427186824
4301,69421.74305074211
4302,5306.5457992428655
4303,4502.7865645735865
4304,61289.77491801111
4305,6749.601282720283
4306,56083.756135062926
4307,3935.0226300117465
4308,56882.97432161139
4309,6159.277746839974
4310,4532.248832149811
4311,5874.6339695853585
4312,3030.1161461411475
4313,3645.109478265147
4314,3055.9288461725387
4315,3929.5933753635636
4316,1892.5385556518354
4317,6310.2981445168325
4318,10434.653334538476
4319,7750.820183641859
4320,63268.71860106403
4321,6109.370437027841
4322,5070.390726880067
4323,47568.85366024618
4324,57274.6477138645
4325,5799.902768761852
4326,7308.486955674018
4327,4549.267228061173
4328,6932.736075438455
4329,57574.49287547756
4330,7118.238430801828
4331,55434.239567710494
4332,3830.7887708190015
4333,5052.36652313949
4334,58701.657647850996
4335,54710.0196295232
4336,7225.545577265214
4337,3016.73989801761
4338,3795.8116505718845
4339,3465.1108227865197
4340,46736.7980779808
4341,64179.32199464023
4342,6630.496521286201
4343,50436.254573990445
4344,4809.194109856753
4345,3345.2123136048194
4346,4996.411348759226
4347,5758.16508266334
4348,4853.911193175093
4349,4666.52480354698
4350,9827.29876306401
4351,7453.256982746348
4352,6585.788500842054
4353,2707.891570071649
4354,49163.30894145573
4355,3129.670525762239
4356,6951.661316485126
4357,9024.07198642099
4358,4871.368967643493
4359,1681.5740624685031
4360,65283.99888830882
4361,2184.0068204290756
4362,2272.678757692245
4363,13332.960998561506
4364,6588.992988427771
4365,7268.940313092506
4366,5872.161061732813
4367,54635.353039217516
4368,2741.0350258217004
4369,3718.0486668482736
4370,4086.9193974651716
4371,4940.881548058993
4372,20003.107466526802
4373,5977.938548732499
4374,3797.9740430840016
4375,63022.13897429196
4376,46659.673198596225
4377,5213.608740541777
4378,47354.44326026979
4379,5972.279240005826
4380,41044.18262675262
4381,55465.728029805796
4382,5503.001896386887
4383,6699.297504639379
4384,6770.303652827795
4385,23871.744749081154
4386,10923.654379908967
4387,46792.419525781814
4388,6864.763397684231
4389,5500.590173837267
4390,4452.678578182902
4391,8775.899909461874
4392,52127.53927751757
4393,43136.73778604383
4394,50710.51043740689
4395,17847.526235715082
4396,6185.243666848546
4397,6311.964598392207
4398,6028.832074739256
4399,6776.080405506788
4400,32733.930683546703
4401,7565.409251718853
4402,69221.57152041681
4403,49102.664510510884
4404,9175.615882885459
4405,12763.92857046643
4406,13345.06651322901
4407,6325.908533067515
4408,7102.36443480828
4409,14929.030607293538
4410,5679.46965461063
4411,3453.047343761452
4412,8171.220367664901
4413,3084.141277533724
4414,69179.20964856907
4415,11895.00223722867
4416,13140.41678944829
4417,56651.61588510826
4418,6593.728040730592
4419,6566.516798314296
4420,3992.789009930289
4421,6024.463499412465
4422,5407.8355088272565
4423,50417.50473489023
4424,6674.066473266034
4425,50289.237317203435
4426,9847.603624484622
4427,1709.7571626916156
4428,55957.99497745988
4429,4427.804630112998
4430,5582.901829950558
4431,6598.768792741079
4432,6416.33753815112
4433,32449.07008867638
4434,5785.257670632411
4435,59568.60423681665
4436,14704.101174998223
4437,4682.492832099011
4438,5965.429327677381
4439,5411.723924389151
4440,49253.787735101396
4441,47039.776127664314
4442,4491.949058151449
4443,5443.6644369992555
4444,5807.157135140973
4445,6897.58422221479
4446,7137.31934045848
4447,9038.95166181807
4448,4091.1911621437885
4449,4747.63288321453
4450,9534.705792945653
4451,4795.041177846326
4452,59659.968216504305
4453,1868.0064162715908
4454,10340.443870940635
4455,3233.648584359163
4456,6014.29963140843
4457,2474.5840293799347
4458,6134.096677922303
4459,10679.777006934277
4460,6772.037224041014
4461,6184.143540195911
4462,6058.961845611276
4463,4397.915999150061
4464,11060.716590708857
4465,3293.8338569304833
4466,65077.31237079998
4467,5351.046618305134
4468,5520.003874580085
4469,13238.587434264035
4470,58392.83697655297
4471,64628.040843915864
4472,53915.16049548928
4473,56617.31749929914
4474,5835.694090406896
4475,3697.8166865584917
4476,7479.07565354741
4477,5032.018325647314
4478,32925.89274793076
4479,12959.45380422076
4480,54524.235101956525
4481,3667.7330729612013
4482,3206.279764192389
4483,4018.205498620123
4484,5718.393884795449
4485,22669.071881887896
4486,45012.47157533969
4487,4818.173439322614
4488,3138.997439813881
4489,2274.1377384699235
4490,4402.647755733042
4491,3551.512772225269
4492,8751.334381547003
4493,2898.3258807416396
4494,4908.484200679559
4495,9983.502659658148
4496,7309.451001954247
4497,14281.713823987364
4498,7286.943164327558
4499,62959.58821987048
4500,5023.086243116395
4501,5329.493811673874
4502,6438.094507806787
4503,6134.782166585972
4504,10368.500362297855
4505,6913.559543322846
4506,51299.607828110486
4507,6682.096550396532
4508,4556.627539355965
4509,6218.718665295166
4510,4791.933823438202
4511,50239.116728184206
4512,4098.054146536589
4513,4093.420554205672
4514,45762.48976262832
4515,5083.940457108552
4516,49783.85413582002
4517,4161.208370230177
4518,4707.868693435317
4519,6436.277499265083
4520,56245.42347218198
4521,6698.66181347965
4522,31594.41685078477
4523,5171.247831008865
4524,5699.42355746199
4525,55109.361795569144
4526,3634.1949076155515
4527,48271.63904127187
4528,62206.177711357006
4529,61340.2035900462
4530,5206.6944349951455
4531,51848.39622419226
4532,2774.0159115293286
4533,5467.716491987106
4534,57413.08790400412
4535,57669.51932788304
4536,5690.108283355175
4537,4466.38295685409
4538,46361.491208884596
4539,3802.2714557110594
4540,5783.71671979752
4541,45079.98796096995
4542,5946.412786652871
4543,5890.630892306852
4544,28302.926263814177
4545,9839.120582170297
4546,58167.99914657675
4547,11143.943398239098
4548,12138.779613083922
4549,11040.845400534961
4550,2213.9782362331857
4551,5115.709013726015
4552,53378.176193828454
4553,6330.113198101345
4554,53000.78183641855
4555,6138.618276701714
4556,11245.259033822897
4557,7068.139024882514
4558,58804.83127731667
4559,9643.94957257996
4560,1677.1774396549042
4561,5496.393031413641
4562,50265.4947415855
4563,4416.138241724114
4564,5019.932436874274
4565,54137.74414559725
4566,5280.101594409959
4567,48371.61808572074
4568,4357.030220421777
4569,14991.413150405064
4570,4388.226358611587
4571,4176.457253848641
4572,6649.619584046114
4573,21492.940729383765
4574,4947.654120658997
4575,17940.347970086732
4576,4858.42446531498
4577,4025.6658823024427
4578,51065.055595002224
4579,6403.617759012241
4580,7554.883827022297
4581,54763.356405236715
4582,5796.076190733928
4583,4540.075466392582
4584,5554.8646331003
4585,3515.8190731106392
4586,10899.717171292612
4587,5127.371156857704
4588,5097.61280431983
4589,10161.652216254794
4590,50536.2131460968
4591,57567.921555147
4592,2090.398430651266
4593,5420.553784004026
4594,9255.866312974322
4595,4457.5591880477
4596,2566.6084380059665
4597,4336.31284308829
4598,6021.972071927486
4599,2282.9242703650625
4600,4134.732248992594
4601,4186.957903286004
4602,6734.700748628737
4603,4915.840292136027
4604,5182.262887722991
4605,5643.383302042301
4606,27667.55750073906
4607,2582.16111385152
4608,12124.793507997485
4609,4497.870713904421
4610,10237.299312193927
4611,23260.896421668105
4612,3397.6075922232067
4613,5000.334761698663
4614,6886.73993890322
4615,68276.30625129635
4616,16425.481216290667
4617,52198.973200331675
4618,5327.5882121874665
4619,7769.200745625004
4620,61628.17248295294
4621,1943.972349443158
4622,11386.818963481059
4623,11242.64686263875
4624,5887.778715267941
4625,6776.151897429196
4626,6312.044024184357
4627,4181.250556878948
4628,8055.507575889569
4629,2613.9940699347135
4630,6129.058191724738
4631,4212.233803860373
4632,7873.046704012172
4633,46561.736887216415
4634,64895.64408441921
4635,2212.2394742799042
4636,6380.639801054329
4637,7204.760055391658
4638,7060.5700779197705
4639,2660.305628945056
4640,3566.2712668460563
4641,20715.705897870906
4642,5916.188167535784
4643,4460.856650096674
4644,5907.976107726778
4645,6270.31990558783
4646,59196.80845341352
4647,5098.630244729122
4648,72365.99287134301
4649,58217.21086632405
4650,7685.738235789717
4651,5587.3462952409445
4652,5184.194389446826
4653,4410.057535714679
4654,1928.4242502842633
4655,11747.020325425092
4656,2288.9199005601595
4657,56820.85794873866
4658,9712.003212630603
4659,8647.603192030365
4660,5198.134611199828
4661,46522.43106904763
4662,5605.067342382201
4663,4958.187300028641
4664,57479.09799153089
4665,56437.686631583994
4666,4284.802170477489
4667,7130.920731111326
4668,65129.54977078931
4669,3586.0417623975145
4670,45986.357421082415
4671,47804.734067440266
4672,21670.47330951581
4673,2771.607296989539
4674,3700.28257488492
4675,4391.335091238431
4676,5408.940600981581
4677,5320.856917079616
4678,62250.83315475966
4679,5653.159494975194
4680,65548.43291661055
4681,63067.66182315844
4682,4074.5236337390934
4683,10506.490719867448
4684,6291.913260995507
4685,12130.980678141761
4686,57243.663374134354
4687,4021.629151342608
4688,14535.430451984334
4689,5757.57124893597
4690,50521.22624293345
4691,1776.1475035073954
4692,6094.280445127712
4693,61084.096438540466
4694,41402.89423432003
4695,5331.942114857575
4696,57552.99501026828
4697,12579.45070700478
4698,14928.972303027469
4699,5020.1825662394995
4700,4690.291974366874
4701,60739.94822682214
4702,67221.12944187163
4703,3387.9884573585377
4704,47192.43780102576
4705,4029.5465748823563
4706,9348.258581257312
4707,11385.169912688367
4708,6288.45101569078
4709,50176.63146393963
4710,12564.857188164342
4711,6161.612458201789
4712,7303.929532955222
4713,4557.61697572149
4714,50075.61606248756
4715,6703.033279048095
4716,5146.52496167266
4717,11860.61376658182
4718,10993.218441934021
4719,3724.6175766905158
4720,4703.775437623379
4721,24196.17616257284
4722,5709.583623709094
4723,4877.453751070099
4724,7657.225088014
4725,11624.72862793643
4726,6224.24727642938
4727,54616.91672495521
4728,5312.124691094985
4729,60136.915584466384
4730,10451.107886087095
4731,6104.2961486778795
4732,6333.49902816187
4733,5637.6342790176
4734,2734.6394073235833
4735,5218.46045909446
4736,5429.785039405197
4737,2800.743055068068
4738,4795.503128339876
4739,60067.30620018896
4740,5591.966424022639
4741,62973.349596218584
4742,50084.20773094804
4743,4483.560949589257
4744,56006.896845575
4745,49706.368712203475
4746,20984.39825472681
4747,7142.044589165682
4748,49349.999680093984
4749,10935.032916872184
4750,4214.106266445273
4751,49542.87750545138
4752,6185.046174658998
4753,6155.558138427799
4754,5206.215276188022
4755,55087.62271290135
4756,5985.601928846598
4757,7553.851111867469
4758,5395.830051116191
4759,2624.4311829868457
4760,30203.15785860816
4761,12599.892102223686
4762,2854.487841654109
4763,3084.1582687796126
4764,6167.967563551811
4765,6847.347403853993
4766,49878.83737353667
4767,31094.86619219886
4768,4449.574834537666
4769,5975.039533463929
4770,58183.162005800325
4771,3252.8565146965075
4772,7065.209207016796
4773,5949.055723931408
4774,20112.297564325658
4775,8796.743003136133
4776,4955.082638826891
4777,3329.659813795959
4778,4348.2653444676835
4779,4447.948063445153
4780,3109.6832687184224
4781,5368.278445216994
4782,5385.593326456226
4783,5780.158787713437
4784,6152.813664382222
4785,8728.843813941987
4786,57439.23175966297
4787,2504.7639890956243
4788,14150.341306487031
4789,5571.002355102574
4790,5434.588587810059
4791,5391.174052390425
4792,3644.9803970028806
4793,4681.099904505567
4794,5984.304799891348
4795,53436.24156819649
4796,4937.930939878306
4797,46765.07450884811
4798,5881.464835268295
4799,67192.30326101309
4800,12065.23894105592
4801,3223.4226815852917
4802,54899.84275200928
4803,3853.198663142443
4804,10334.267144822046
4805,6141.392133731966
4806,43193.99954397946
4807,52848.65710809938
4808,51238.38824558603
4809,2985.7300763628227
4810,77773.08891864639
4811,5320.697238265825
4812,9181.11267282303
4813,21272.496311433322
4814,11632.506715446072
4815,2651.3454542274085
4816,2706.371484360352
4817,6224.238760980928
4818,7760.687923765101
4819,13404.540511259202
4820,65182.25213115607
4821,5400.7493277570065
4822,55143.44178901259
4823,12045.481285132806
4824,49213.84492233715
4825,4394.444109381002
4826,4425.120101121282
4827,7119.892320283953
4828,2330.3914019231597
4829,7676.777409643009
4830,6881.019733950972
4831,54921.04890329024
4832,4653.0895891329155
4833,49125.64809255155
4834,8875.75113630839
4835,62166.35264502046
4836,2001.2722039261703
4837,5026.230244374667
4838,6869.071116216867
4839,9456.158519544271
4840,61805.905292271505
4841,67796.15922787739
4842,8395.237762396571
4843,7983.81148991503
4844,9763.357679614019
4845,56748.25609527432
4846,5843.374778920819
4847,5526.166282802729
4848,63889.590659086374
4849,47508.75216306004
4850,61907.06192296911
4851,55869.462940288766
4852,49634.81780757112
4853,4967.557070120738
4854,11131.855651409258
4855,53030.329082039614
4856,4945.491231247106
4857,32940.38106678882
4858,5478.230405419741
4859,3018.6800907512
4860,3700.438106569667
4861,5889.483884324149
4862,45659.74510646047
4863,4927.505730587387
4864,3317.753378227469
4865,10932.237821735805
4866,7044.696612774449
4867,5174.960380780107
4868,6668.6185199782285
4869,61313.820821290974
4870,56639.24039176911
4871,51976.44496819512
4872,10715.187228454404
4873,3837.336069859021
4874,11406.596497995379
4875,4615.237878668465
4876,3605.806892734323
4877,5843.265669182465
4878,4738.8454607849235
4879,4465.940263973601
4880,5398.762253157215
4881,5080.249615439789
4882,8010.57997064308
4883,6866.278526364591
4884,5395.196266632084
4885,3404.2114033966127
4886,4091.5289542624005
4887,6075.6521453298765
4888,2992.61522023392
4889,5714.099065278781
4890,7119.507590819898
4891,8592.254160793796
4892,5008.477014531463
4893,13749.002911107922
4894,9865.22258272826
4895,7208.5749082675
4896,9087.979627320674
4897,31971.680807499353
4898,2951.5215719898642
4899,27251.145624797697
4900,44741.90783561616
4901,46288.60753078338
4902,34995.06721175775
4903,6274.62552335742
4904,55423.452733579856
4905,44883.267686021194
4906,6009.347657690358
4907,54483.06895374223
4908,2242.873999031846
4909,7592.027173180077
4910,6338.813652250584
4911,3317.4681899847105
4912,5504.259380612133
4913,5705.502871973554
4914,4295.898119583788
4915,11303.124051510244
4916,3204.692950003574
4917,4333.62549787631
4918,4776.132507688943
4919,2703.502470944634
4920,42681.889031250845
4921,57293.2730311183
4922,2721.575568573754
4923,4337.1627195000665
4924,14281.445013139162
4925,4311.614247081066
4926,3590.1258140338377
4927,59920.0233846062
4928,41426.53666063291
4929,75604.69856809563
4930,5259.0604354790485
4931,5739.5571412426325
4932,5490.1258988357395
4933,8464.904444824473
4934,49757.31929288994
4935,3356.798823091098
4936,54636.27242934206
4937,4009.830481761993
4938,6851.485478075172
4939,5038.198877998897
4940,59781.735469448584
4941,2670.8253234080485
4942,4265.299415202037
4943,6013.825976556973
4944,5194.026351627037
4945,5782.630589401049
4946,8741.721810405368
4947,4876.759168465251
4948,3124.8415520921753
4949,60641.19578034704
4950,3242.5209471303688
4951,5956.139773451108
4952,61443.885364541
4953,12176.585180169195
4954,6134.130717408982
4955,28745.23562050968
4956,3943.2207340769346
4957,38260.60306785979
4958,3454.5411312993706
4959,4398.09217767687
4960,12001.634054363407
4961,5331.058645722043
4962,9606.238876380918
4963,4319.68310899914
4964,23214.234248201807
4965,43406.167002998714
4966,4431.23197348732
4967,8560.313813385474
4968,56809.53266029277
4969,7800.673019993446
4970,2830.067824184458
4971,6326.99897688969
4972,5646.459908642137
4973,2102.2152617500587
4974,6380.487575063667
4975,3248.1190685596825
4976,10683.494048236853
4977,2363.883257432459
4978,56802.60104351979
4979,5843.261692983668
4980,5833.84368135827
4981,12747.2267289609
4982,3903.171859978287
4983,3314.914425740649
4984,1576.887688503272
4985,7107.585051804592
4986,6054.087910345843
4987,7297.9170336829175
4988,6039.043667448386
4989,5041.197600330217
4990,13402.184241712277
4991,15194.25312942591
4992,63623.370591105486
4993,45449.19020398203
4994,11149.935376586112
4995,7776.51328297255
4996,24118.640405583687
4997,5272.785400862893
4998,60138.227425647085
4999,56193.71000994403
5000,11807.839067160534
5001,4667.431856971369
5002,5146.455337603424
5003,5300.805141475676
5004,4492.5446556311035
5005,6098.805374868407
5006,4986.215174813431
5007,6410.210513680789
5008,4148.543679059147
5009,4841.575587971142
5010,11078.016585965317
5011,4129.116299430287
5012,4672.771830714521
5013,10945.731743517325
5014,12014.383549261569
5015,5208.650892045476
5016,6278.39721725524
5017,3642.951097677612
5018,70892.70617093358
5019,6406.950009253908
5020,4535.65854963988
5021,7335.727333226507
5022,8949.030679790732
5023,54380.55060897075
5024,7938.547905160174
5025,56978.28847777538
5026,4045.2272943463695
5027,5387.34851179119
5028,58053.78729045429
5029,2888.273660202943
5030,4510.696205025017
5031,4708.35217814359
5032,8892.517756233014
5033,20716.790410783167
5034,3430.862887352596
5035,4749.749559516793
5036,36707.14254878876
5037,8026.329192350934
5038,40107.36088305434
5039,2261.64284033478
5040,56090.43194918279
5041,5398.772101088982
5042,4909.492715900227
5043,12445.906953841044
5044,5662.254789977382
5045,59536.41845381921
5046,60773.20120404495
5047,5702.060153892396
5048,52605.349093683784
5049,50722.33988268582
5050,69714.02005609896
5051,12471.333981531843
5052,11129.51236290544
5053,18289.720985615662
5054,57284.5450538554
5055,5414.810125863393
5056,1798.4980170218
5057,59771.07878895347
5058,4441.545026815323
5059,3067.905472315073
5060,6841.539938064496
5061,55411.51696820078
5062,4717.521354644532
5063,59269.98120702244
5064,3750.625647824948
5065,57535.310201078915
5066,27867.10066783063
5067,4965.576590052059
5068,48884.372818114294
5069,15774.48689599153
5070,3957.503966831154
5071,5738.5282226466425
5072,48520.89190015703
5073,52721.94794163524
5074,4903.684002258377
5075,5641.589551623616
5076,4636.678891322321
5077,47429.24186803593
5078,5523.2584180287195
5079,56490.49074283457
5080,3494.2365173997387
5081,8769.440960468104
5082,2749.7893338018885
5083,49871.668695442335
5084,56177.42633844526
5085,4977.164120106119
5086,6378.541542587063
5087,8871.168367450877
5088,6993.339269803992
5089,4936.200548095336
5090,49832.14179204898
5091,3508.698804705958
5092,61754.01537014666
5093,5886.14509829045
5094,32292.260932116274
5095,4924.955260461224
5096,5711.051451842235
5097,2026.744859556256
5098,51014.12412171175
5099,40229.22027134714
5100,44030.18165879953
5101,5130.600526288486
5102,39790.59540483977
5103,5050.216962233717
5104,5602.447865274264
5105,13201.612573871655
5106,5611.092810317682
5107,4247.687196455516
5108,14552.890190616516
5109,5497.739322933665
5110,3887.223107762955
5111,60283.07544845056
5112,54181.53577663935
5113,57522.46832354409
5114,60379.478562220465
5115,52276.1150923104
5116,6868.249490975394
5117,5307.768881829346
5118,13462.045004517619
5119,7987.395414465553
5120,40971.899852341456
5121,4776.98753029289
5122,70129.24048767099
5123,45668.30923825441
5124,4905.508680343068
5125,45568.91182499642
5126,8035.461564273343
5127,7243.439617334208
5128,22080.353095414554
5129,4548.225243569785
5130,54124.53438327522
5131,42737.02489194242
5132,4810.022277390128
5133,56292.26052221238
5134,7388.097288930478
5135,48101.71707332255
5136,3047.4862474842116
5137,54673.956349751636
5138,5181.856533011107
5139,10106.661719612322
5140,6733.284645837315
5141,4828.981301532427
5142,64139.68216307274
5143,8996.86180495919
5144,7806.529949906782
5145,45198.096906897386
5146,48226.369735430475
5147,55572.494053380426
5148,50849.026550861454
5149,43946.483019511026
5150,62973.44053629463
5151,7526.050355243662
5152,5987.896046303606
5153,52793.562784822905
5154,6608.429719318573
5155,6725.469902035578
5156,43354.97700632413
5157,2943.5198318705743
5158,6061.395957169683
5159,5780.817722289636
5160,59508.85113911652
5161,2612.8505034767422
5162,5436.944832287718
5163,5540.371061437091
5164,5247.0654844038
5165,5425.707453354142
5166,4801.981410924083
5167,55771.65053508009
5168,71953.85970366801
5169,5979.612910353455
5170,2520.9431539921497
5171,6511.561596975498
5172,52046.632209904245
5173,4470.885315998686
5174,53822.42470155853
5175,6706.059660271489
5176,57365.19011120174
5177,17505.242207003954
5178,2579.354248491628
5179,6886.5288970263655
5180,6955.219804015141
5181,59216.706072939116
5182,4950.729832633138
5183,12919.66039080902
5184,7297.046164003401
5185,2415.724998581283
5186,42307.359648285594
5187,5776.581408927803
5188,57138.15914970453
5189,2732.4993085988153
5190,2070.673590528174
5191,3212.8529450918413
5192,12881.634170632957
5193,6082.149236041621
5194,53212.93373335883
5195,11122.345414347063
5196,52384.508458771656
5197,7343.818327920953
5198,4805.754427814154
5199,53643.75651337026
5200,46511.855991777564
5201,5596.916083657489
5202,3814.0338921856974
5203,4002.4565525629114
5204,51036.27262277635
5205,2045.3117748258392
5206,5631.357616761168
5207,7161.190050996636
5208,5434.345132424258
5209,5597.7848288712075
5210,2135.3394712636255
5211,56859.3456645339
5212,5105.764652502297
5213,62684.95952414136
5214,18060.4591283868
5215,8385.723710213451
5216,5362.419296554612
5217,5818.62928327511
5218,2430.797090959398
5219,2666.6843532180037
5220,52922.674278940496
5221,61274.53813081156
5222,4617.852721039611
5223,5206.664026014119
5224,4846.505230639781
5225,8019.144818817554
5226,4339.882380328016
5227,3513.1084872459915
5228,69116.9569738179
5229,5760.353308360203
5230,46749.44808836852
5231,59347.99664515686
5232,2568.621193016578
5233,4919.70570249356
5234,4920.085040933098
5235,8421.135397814964
5236,10123.383565962182
5237,50438.9524112875
5238,9770.218859416476
5239,48878.03794396076
5240,4730.619729285076
5241,4394.337387973577
5242,11198.418556586555
5243,2888.292750082057
5244,3756.214687858469
5245,3688.2413641548364
5246,6093.098488641755
5247,7571.814140386644
5248,2250.535598876776
5249,56920.930031385025
5250,5316.559239418257
5251,10927.947272556514
5252,11396.215863761458
5253,6649.615122812572
5254,4189.0289784341785
5255,6770.892437516489
5256,5601.940611127746
5257,45735.38454603829
5258,6048.990966223658
5259,59117.405307220906
5260,10933.161321455947
5261,54229.90102510954
5262,4330.665654644519
5263,2402.487640623621
5264,6281.309139826474
5265,56986.63013110771
5266,13169.925333261082
5267,6033.669359876139
5268,59305.33659329971
5269,5244.4117116690595
5270,4151.097575664124
5271,52337.898443574086
5272,16285.242924928461
5273,5635.754304565018
5274,6786.467739123069
5275,43740.65683031723
5276,4189.514117456609
5277,4854.896844443367
5278,7110.719362607419
5279,58498.89262193075
5280,6053.276010827045
5281,33411.39682961289
5282,6299.641874713053
5283,2941.8254759946017
5284,4230.620618651903
5285,5739.713160971965
5286,5297.723635208233
5287,6764.907636183396
5288,3831.809044354054
5289,12632.486836928503
5290,24469.545131691284
5291,5475.996745390648
5292,46318.17133240306
5293,5478.229375555378
5294,2621.6484360851073
5295,5615.689640532623
5296,6373.688180573592
5297,52721.01184771868
5298,2696.1218337717582
5299,9976.056644195774
5300,68441.56536248316
5301,30655.887627174725
5302,4697.6116774470975
5303,28836.084346780524
5304,52425.47007427645
5305,2104.056703881004
5306,4487.836733483515
5307,44844.5101325958
5308,7976.226638685388
5309,5723.377323860271
5310,36547.286402471786
5311,53125.83125646795
5312,5349.458878686833
5313,35018.235367938905
5314,7782.743367318674
5315,4539.452218972834
5316,16127.80306156086
5317,51188.387648697695
5318,49895.18380558974
5319,4083.432616636454
5320,8295.950379068585
5321,3833.0596059141835
5322,3547.4982313976925
5323,11738.304416061124
5324,6400.174786483125
5325,2806.0615601776185
5326,48126.39948305214
5327,5640.0909478127915
5328,4751.665679027301
5329,12282.582216005185
5330,69499.0271725941
5331,3350.4947300310714
5332,4486.442398822087
5333,3476.683028269048
5334,6672.913335544072
5335,4627.575770998469
5336,4848.044836333987
5337,8147.885127724217
5338,4955.447701631065
5339,69936.62693970764
5340,6178.4335427614715
5341,6026.576719021048
5342,51496.469557357355
5343,12935.256736994637
5344,5584.089155201504
5345,3134.200026804635
5346,3162.600546184485
5347,6986.982677986671
5348,22159.288450627755
5349,5342.874177814527
5350,46304.63599066565
5351,11398.753221310668
5352,2692.425384507129
5353,29343.257901869867
5354,6087.560082815222
5355,4836.347405481487
5356,10654.362219410614
5357,59024.33318915127
5358,67343.32711083617
5359,4948.569055781067
5360,13478.879412534458
5361,64363.81356940924
5362,53131.94779484483
5363,57164.52765115196
5364,8294.99484330015
5365,6684.087771074482
5366,6901.143698915181
5367,7061.959793669331
5368,2835.268636164844
5369,4166.9348229931475
5370,72925.36085902926
5371,4985.85941877728
5372,55043.14316044921
5373,2907.2668614275417
5374,59210.49123552376
5375,54963.62290128465
5376,4173.018522531122
5377,50063.5792104576
5378,5399.880123648987
5379,6121.466555523077
5380,7072.248639470744
5381,55722.065923301896
5382,59342.32768092632
5383,48441.519664334985
5384,7331.719958656004
5385,53297.69890264474
5386,6748.64959172144
5387,10942.466018550476
5388,3591.3443418627803
5389,55991.550798268
5390,7430.926969719699
5391,2394.6588513008364
5392,10920.300231063433
5393,34004.50815511178
5394,11991.05268878778
5395,75124.79340448056
5396,55616.436817682756
5397,51098.02858693728
5398,7535.973764933142
5399,3023.340237110288
5400,2238.8597020253355
5401,6890.786979016082
5402,10973.303116119409
5403,2622.383092252852
5404,55201.20166442541
5405,50060.83442101069
5406,49828.596649590545
5407,14307.154302530285
5408,5539.179973281963
5409,2960.9936728620123
5410,4232.647766303286
5411,5861.603290775531
5412,7260.3158216215015
5413,6855.463652329673
5414,8209.239051106932
5415,52085.40094786929
5416,7649.178010252499
5417,6594.772184925415
5418,5089.707881069407
5419,25630.08156909807
5420,8104.283249304122
5421,6732.046036136307
5422,5030.476837270986
5423,5569.87524086379
5424,62320.369648635286
5425,26897.713414173195
5426,9736.607406968411
5427,53320.26556580591
5428,52096.237197389215
5429,45987.536379829195
5430,49371.31083420533
5431,4967.0270871192715
5432,48709.88502134562
5433,5420.819566007325
5434,5120.7082485035535
5435,8806.706646747542
5436,2192.532245344124
5437,43996.08311184629
5438,53864.66799601857
5439,51554.274856448996
5440,5171.398757729481
5441,4293.65142610282
5442,4237.946107856085
5443,7897.348166880396
5444,11105.7801053697
5445,19224.1628347167
5446,6989.435159780818
5447,6860.55464991278
5448,11986.14786195952
5449,4665.948186640264
5450,4218.390024201041
5451,5116.035296651231
5452,4025.1609700156455
5453,59288.07106055596
5454,8751.45528731628
5455,2116.003563863528
5456,3887.3716301142886
5457,6618.504236763228
5458,7957.499991948713
5459,8971.557823597726
5460,4977.124807612719
5461,6616.311326338549
5462,6007.684296945565
5463,64625.90288129037
5464,6396.65378394063
5465,55502.56513299506
5466,3247.9755833783747
5467,54475.0175953322
5468,3031.102158106671
5469,5815.234021886531
5470,4869.087841081992
5471,62249.72281198519
5472,48483.6851785031
5473,4531.857248731061
5474,5051.059343209075
5475,12093.013027886696
5476,6170.145885010346
5477,4603.880536829559
5478,54426.14947824732
5479,5708.977890464272
5480,56062.04089112772
5481,39628.25795006077
5482,9649.919710442133
5483,5272.085482459012
5484,10571.920464340961
5485,5578.826582602296
5486,70752.79013714952
5487,5486.755370674255
5488,7876.896892113826
5489,6630.496521286201
5490,11146.844867637736
5491,55712.95111263828
5492,62423.095475261616
5493,48582.93458019769
5494,80086.54317764522
5495,9416.14074339379
5496,62517.20736761462
5497,6088.222135663833
5498,59338.17050515246
5499,6377.246117582834
5500,62620.013040309525
5501,4560.802814324685
5502,28022.21018764061
5503,7537.3186275121025
5504,55054.66437457818
5505,7333.399362192907
5506,61999.749845028346
5507,2190.508830881075
5508,55915.55312454584
5509,61638.984625265344
5510,59088.86700218756
5511,8645.583247199393
5512,6977.875150624024
5513,3151.073899232618
5514,5118.645548876148
5515,6515.4015249216345
5516,57764.447369964364
5517,59138.65730290174
5518,4365.486720735519
5519,4427.856704240981
5520,49407.9767752553
5521,4342.589484413375
5522,68501.62029377682
5523,48592.16634933899
5524,50180.54071935189
5525,6811.299157300151
5526,5635.914738345017
5527,5957.670074387171
5528,6384.821464633611
5529,4626.162368347956
5530,5048.5267600042625
5531,6456.889668854439
5532,6122.956171367301
5533,11374.111082006551
5534,24308.586345911586
5535,3446.984834691805
5536,68250.06363876269
5537,5365.132144416395
5538,2609.407040400766
5539,6342.814845700828
5540,59051.61763836253
5541,10143.603537414998
5542,26346.88995682476
5543,4896.452649815035
5544,52460.591037218954
5545,8285.0970989251
5546,11478.350161058115
5547,3009.7094129474226
5548,5113.708977281939
5549,28795.498851699434
5550,2465.519625226612
5551,4075.8246342370685
5552,5189.577953497885
5553,6101.033873261764
5554,5554.962675356404
5555,4458.045244191748
5556,57473.10488076484
5557,3507.2825236068875
5558,5566.128604321151
5559,6950.935106370067
5560,73813.66181022547
5561,2398.885844815115
5562,6468.69782698326
5563,11028.737965179778
5564,9126.108554822753
5565,6665.530399075348
5566,2705.8167819612063
5567,5827.737072893064
5568,3173.817515689915
5569,2429.2893276351488
5570,39296.553486637036
5571,46420.742221939785
5572,24704.736779920448
5573,63484.4183190381
5574,80075.38281406616
5575,8007.893060692808
5576,3836.849669827184
5577,42170.910523483864
5578,73106.6623546028
5579,41609.82734007212
5580,6228.267630495241
5581,52311.289342242926
5582,58468.01324628046
5583,62246.00445304171
5584,57568.32021491506
5585,5240.235415333858
5586,5675.326359223796
5587,4433.490526056135
5588,24959.81474282891
5589,3049.890720197831
5590,56191.50144223019
5591,5083.256985046968
5592,44808.80336499597
5593,5338.6676413035
5594,50567.44017069629
5595,59437.255185871865
5596,47859.73785393905
5597,63360.210475703825
5598,8663.08428588001
5599,40460.72715806062
5600,10292.800409682864
5601,64245.29172954274
5602,3638.1981426973525
5603,3348.370619186335
5604,5143.038831771225
5605,5962.676267443297
5606,7860.074441354608
5607,11228.335339379035
5608,6999.900761473149
5609,4756.466928151971
5610,4870.474337697591
5611,2646.987126798847
5612,14678.78989625271
5613,2169.113628255068
5614,60097.66138180718
5615,8253.511370586728
5616,9631.901720167742
5617,5162.230450150253
5618,67135.68366256717
5619,57933.62094098471
5620,4222.300495372458
5621,5959.830891527168
5622,68053.80912631506
5623,30245.886688938866
5624,6124.561343161564
5625,1680.9914556862798
5626,2829.903029645033
5627,24566.222734863215
5628,42819.76881402224
5629,47495.88594513066
5630,4277.021130972789
5631,52303.117659125535
5632,62655.79506182921
5633,45890.37066155834
5634,53440.5500971619
5635,1850.0141458196413
5636,2996.4193749070137
5637,2492.344110693717
5638,58333.453070268864
5639,7710.3888489647525
5640,51844.40102634491
5641,3282.697004097669
5642,59565.80695746481
5643,53184.21161094522
5644,4405.759195986147
5645,5097.868374693151
5646,6195.5104124233285
5647,5407.546539948784
5648,6199.819034603341
5649,33062.692609263075
5650,10806.396632501943
5651,44278.740609347915
5652,30712.00879471576
5653,5167.239065793433
5654,5036.302831409481
5655,46039.475841075095
5656,13179.509671884325
5657,44197.13479199084
5658,4129.56076026258
5659,58580.72955465501
5660,5846.737460877583
5661,35230.85380589098
5662,49267.58817446675
5663,4384.65584779882
5664,59724.677045495206
5665,51477.49690056477
5666,65089.560077229966
5667,7721.127398681024
5668,7272.120569445878
5669,12510.981617111589
5670,11807.452982570647
5671,9748.981043418815
5672,3906.242156006021
5673,61523.64767609793
5674,61997.46662698434
5675,61658.11762135349
5676,59250.12643274893
5677,79522.39324089568
5678,7837.520324567148
5679,7253.252971915145
5680,44018.69623074416
5681,38404.02799641807
5682,20210.441897838908
5683,6442.050082473628
5684,53317.77282232347
5685,2723.690467729527
5686,6931.467042103692
5687,6766.5928500087575
5688,6604.848104959068
5689,69028.35637927217
5690,5372.58290374014
5691,4448.448182608063
5692,2437.4379531102813
5693,4565.361736063406
5694,5751.444780813464
5695,5137.955423978125
5696,1990.435662619444
5697,8476.050704748384
5698,2904.73164058791
5699,6257.107630490041
5700,60521.15564073826
5701,72467.54660311958
5702,8264.882343272693
5703,6736.134893919047
5704,3810.1568692807546
5705,12884.677381208538
5706,6034.882387731568
5707,4705.307221668338
5708,61616.7284841158
5709,59004.04587155834
5710,4342.736583301672
5711,5505.46698330466
5712,12209.910737816495
5713,2408.4854965189834
5714,9599.45372062115
5715,4148.80617239397
5716,3709.5606274752568
5717,6362.997766510376
5718,2325.686177169169
5719,60783.99438609641
5720,61175.71075597785
5721,8998.654100936477
5722,63908.54714657883
5723,43441.557477291426
5724,52948.743710385825
5725,63046.66369410914
5726,2590.8270294819704
5727,5052.073294288653
5728,2471.934155114297
5729,51065.45041180348
5730,49631.571400551264
5731,71355.32833277523
5732,23780.546349256987
5733,48231.74223302951
5734,7379.597877102589
5735,57704.372026513476
5736,7434.245339587012
5737,6870.894267529401
5738,50008.10759986552
5739,5952.023975339587
5740,64261.112923737055
5741,35175.54510910077
5742,4186.249671318573
5743,10570.554837322605
5744,40951.62604673054
5745,9131.910474715347
5746,2383.9282684020436
5747,2421.6928235329783
5748,1520.7016272455598
5749,7691.678845392349
5750,3162.7962200077013
5751,61435.35027524619
5752,5542.127152870637
5753,54031.65045834813
5754,10610.585113048994
5755,4665.193957853116
5756,4800.192614109586
5757,2981.1562601642354
5758,3473.3090453457266
5759,6489.8597243880085
5760,6434.433057761506
5761,4761.738983507952
5762,3109.239890043591
5763,5448.572564884839
5764,17426.62532244753
5765,4836.7466313846935
5766,5802.50872973414
5767,6176.401525230168
5768,49269.4117497129
5769,45718.1149504524
5770,36492.276745005904
5771,9184.523932944563
5772,5883.687400280509
5773,52306.606355099706
5774,54459.469739827655
5775,48320.33195185731
5776,7301.956361072388
5777,7975.468383395027
5778,7005.666612288624
5779,2991.1116489350234
5780,8621.957442154173
5781,7537.648255688862
5782,68447.01648531755
5783,5416.868188936643
5784,5324.5042646185875
5785,5423.492937235665
5786,5954.661689030836
5787,6662.320207252829
5788,23134.424335964453
5789,5937.398796039479
5790,6288.665836921573
5791,5341.053190376669
5792,63874.33535270056
5793,3578.8051349697535
5794,3861.8055883247516
5795,58347.350197071224
5796,88144.38894551106
5797,11298.820623785967
5798,44228.087738925504
5799,46958.00690001518
5800,6230.767830318531
5801,3584.5722270730794
5802,12195.732773761494
5803,43232.60567021482
5804,5372.945379054693
5805,3273.309496516664
5806,6133.562423056408
5807,52962.84489840604
5808,2523.726934031601
5809,2224.6321937432035
5810,55990.30384514161
5811,1482.6479768264653
5812,5970.981994703199
5813,5475.937360182328
5814,64490.208240945685
5815,2117.044753035875
5816,10158.141844856174
5817,11561.506725200656
5818,4944.597077565677
5819,15553.231705118982
5820,4783.538046339618
5821,55590.679395117804
5822,5528.99315493522
5823,2408.5709879856627
5824,5249.519211233561
5825,4995.752200759016
5826,9441.208644815797
5827,12561.290592542295
5828,4635.170507684603
5829,28232.03601094051
5830,63144.05080749242
5831,3097.5412702705253
5832,11651.52514789949
5833,4374.457787803309
5834,3404.8978980810466
5835,3956.741501249415
5836,23841.37270599701
5837,7529.1304337938345
5838,67572.25631151238
5839,3791.5804286677017
5840,4892.623829033684
5841,51755.66680808561
5842,11607.690637221125
5843,56175.53004019959
5844,4172.476449806473
5845,4518.494999814147
5846,5917.336908765032
5847,7922.539959618445
5848,4060.516731804807
5849,10125.833236744504
5850,14425.152780965327
5851,6103.340444417832
5852,4174.919974647869
5853,2200.24596420972
5854,52425.457285536235
5855,5473.096559899225
5856,3153.3997384428685
5857,4729.0825473653
5858,10113.297130300538
5859,4780.1177749385915
5860,5709.385740250239
5861,4790.797691925678
5862,3733.629681867673
5863,4487.395095771068
5864,45678.234638371
5865,5967.335312031354
5866,13681.600094998932
5867,5973.427334807663
5868,54006.76177469045
5869,5103.373802716008
5870,51314.99290697876
5871,61445.224293944004
5872,59526.22214913003
5873,2568.547519704979
5874,9088.913834352128
5875,6152.900437258077
5876,6416.357311339669
5877,11544.290872968177
5878,13866.318256373688
5879,6694.671368287718
5880,5786.882189227115
5881,65383.40465631352
5882,4356.155515245294
5883,4301.1229031617095
5884,6485.674386619992
5885,6673.058459934944
5886,2462.812063074591
5887,3693.48382207781
5888,49232.76602324554
5889,58059.45928985699
5890,5122.882186544972
5891,2725.872034006179
5892,5741.602519060286
5893,3076.225856767832
5894,7361.763862254789
5895,17479.86784228123
5896,5481.898248373323
5897,3092.464347821355
5898,28456.249212862316
5899,2358.943599785587
5900,7065.872292057865
5901,5654.5939021335635
5902,24455.77741884796
5903,46329.63400113185
5904,3891.8871090124176
5905,7892.511024431219
5906,50065.696263161924
5907,56453.937820459134
5908,59013.17296923342
5909,55800.33602787325
5910,57102.11136717823
5911,59980.6459721931
5912,5439.245655497865
5913,4818.703748558562
5914,5752.8539286682035
5915,5239.4534182907
5916,57965.417535936635
5917,44926.32172808001
5918,2627.790752859899
5919,49972.42603941407
5920,40644.64698648286
5921,63972.37042819671
5922,4504.010832614259
5923,5592.886431863575
5924,3097.988321030165
5925,45203.139166972236
5926,3863.3962723052528
5927,62765.29156238987
5928,4553.727157032859
5929,51007.88924127254
5930,5622.597687293628
5931,64857.31581731349
5932,5765.740209163434
5933,3315.155317764107
5934,12352.08098721841
5935,25770.49637399986
5936,5026.551820877337
5937,2376.6712848344114
5938,4620.516050444747
5939,5600.049959170556
5940,9638.78983209281
5941,10128.732399120727
5942,6108.276959182065
5943,6411.459132599701
5944,2373.85572185813
5945,4499.248714991007
5946,2000.0977186590412
5947,13209.264404116086
5948,56354.29003700527
5949,13424.299706722615
5950,5363.720946553324
5951,15105.141440567157
5952,5116.575013144007
5953,3343.8101590319766
5954,4873.786880683785
5955,52409.34526891135
5956,14395.207186174484
5957,5564.4322295074235
5958,2255.8181248850237
5959,5165.589770740013
5960,4584.839044465844
5961,7243.0243966916205
5962,3587.83303311059
5963,2373.7180618523325
5964,43923.987438605196
5965,62988.21695077744
5966,6889.006871261727
5967,7145.743375665574
5968,41539.025724857
5969,50545.49527703642
5970,57765.682616627855
5971,7666.508610198374
5972,5596.690343092159
5973,4958.265987361258
5974,50777.71852920849
5975,48338.3534262593
5976,4729.190743010241
5977,5917.676090057017
5978,24060.306065088516
5979,44456.41648617336
5980,55162.311765288796
5981,8259.036783891042
5982,9987.181190607953
5983,8034.518568757992
5984,46874.11056390921
5985,59093.83343501831
5986,53461.11131802313
5987,6715.458414098679
5988,5095.350926452281
5989,56875.13241840813
5990,6482.583037740272
5991,55535.887514708396
5992,5611.8526268410715
5993,12202.037070663671
5994,6004.657041201277
5995,5967.419006227177
5996,49088.33205357042
5997,54794.84237908626
5998,52062.98413435774
5999,54778.142768835154
6000,44236.88899530491
6001,55910.55738183787
6002,2030.7576087758607
6003,5383.123223346995
6004,51936.516729321156
6005,4416.9717387824385
6006,6129.014917887567
6007,70936.16741918377
6008,4290.4234554702425
6009,47319.80953374617
6010,33339.88014473357
6011,60781.14763413983
6012,5461.414494362223
6013,9573.28123577524
6014,4586.485006395366
6015,45426.7516726695
6016,6227.633110014319
6017,5416.373864470791
6018,3749.3095960275214
6019,4135.766399220606
6020,4732.125913555054
6021,51676.20985146332
6022,38221.45444417844
6023,4238.263169338286
6024,53049.29773071884
6025,55898.52039431273
6026,52276.091078080455
6027,6308.475795279238
6028,6126.187953515859
6029,5706.59103299981
6030,57887.84413296342
6031,58404.20835499588
6032,6409.341661041013
6033,5031.46436080928
6034,47517.997299560826
6035,3164.991209037833
6036,3426.4785089471243
6037,4611.829753891516
6038,6708.620835533889
6039,4405.7474181835205
6040,41034.990823635904
6041,5437.486437185405
6042,3719.3429965896275
6043,5359.175459534169
6044,56044.25673909325
6045,4241.104263350726
6046,4332.665462652489
6047,8130.79213872433
6048,10445.572653690513
6049,18707.232363855837
6050,48317.031725924375
6051,58769.20282206386
6052,5431.88689578465
6053,2617.184791636768
6054,4937.887051796405
6055,6797.499219243681
6056,11894.643221888487
6057,61226.56251689815
6058,7044.080398794502
6059,2256.8279436355338
6060,34352.78384398559
6061,56456.49542687653
6062,55042.89870767023
6063,61310.30605770444
6064,46360.6054436506
6065,4379.61106554228
6066,3935.279540857444
6067,5379.881829894907
6068,30537.130161890225
6069,51919.657186282944
6070,45368.2782028956
6071,4937.59527883342
6072,55882.27942119461
6073,46469.29271535695
6074,3103.39537901513
6075,56097.920347172345
6076,30550.11503376937
6077,11791.05671952853
6078,2392.889853085888
6079,40329.63838793227
6080,4916.921001447341
6081,4654.434952023602
6082,7617.890043816789
6083,3187.4606360616563
6084,52733.74907316258
6085,31848.124999017873
6086,7930.953838764264
6087,4702.907009709338
6088,5862.938614656516
6089,13627.581319172394
6090,6037.044669660059
6091,3636.334416698267
6092,5395.950629437628
6093,11492.027135172622
6094,7359.4704658672
6095,3865.7052315343562
6096,44456.40701307438
6097,59577.61757389401
6098,11908.455007020893
6099,63411.141754934084
6100,60716.299689537256
6101,5921.959301224675
6102,18507.62459012582
6103,7119.762945886614
6104,3628.832549194545
6105,2234.3202497531743
6106,6225.68868154327
6107,5957.51398407848
6108,5687.960733734542
6109,1959.6740892044606
6110,56185.17577941687
6111,60219.84256885506
6112,49037.12207334252
6113,52969.49117898379
6114,7151.101765423604
6115,4215.720109405223
6116,5875.020837816609
6117,5942.868481654328
6118,55182.145166599694
6119,58414.6138163017
6120,5592.294726502139
6121,3554.3114840706276
6122,5607.9822557124135
6123,5486.010984213579
6124,28111.086396693263
6125,52885.80015590597
6126,5280.75920000123
6127,33317.878672308354
6128,6412.472519223555
6129,67773.59930960744
6130,15045.675294415822
6131,58860.1377473168
6132,6400.782375704985
6133,3522.8231836664263
6134,4890.7024099786995
6135,5316.799904889393
6136,13522.463295328553
6137,4958.641688072354
6138,40646.4562024156
6139,54478.794577802124
6140,11897.985033924726
6141,54699.90877255893
6142,5201.718882612164
6143,29332.569331423023
6144,5908.005676326663
6145,41687.83578275475
6146,4587.524448005874
6147,4898.407473841789
6148,65920.14547635427
6149,6913.0483344671175
6150,49314.19776229566
6151,58994.15828141046
6152,43994.76100755884
6153,55498.760030210135
6154,68646.28846263219
6155,5290.659507358148
6156,44191.167351486554
6157,5007.998513990549
6158,5884.44976200268
6159,7229.563584434634
6160,57035.54431577833
6161,58338.80985177151
6162,5484.577402890509
6163,4349.7581016563645
6164,8881.993285795585
6165,5748.379337020202
6166,10152.974509150887
6167,2925.113056770958
6168,7918.577346941309
6169,49827.56995663247
6170,48942.4857176574
6171,5048.446121671988
6172,2059.3153291379613
6173,12556.460778562254
6174,50080.59169884444
6175,4000.9400137310886
6176,7210.356195496596
6177,59318.46566366506
6178,4978.0274704093345
6179,6687.252294473529
6180,6500.488227641135
6181,4730.166531950346
6182,8338.828892680183
6183,15321.80908518076
6184,5839.808936305535
6185,7780.0479181014825
6186,9228.280883897709
6187,3698.1658055218622
6188,10427.03668621185
6189,6046.163618575882
6190,49993.75225895608
6191,6121.394124277726
6192,5447.090092382113
6193,5540.3335072806585
6194,27505.47718286899
6195,9924.9868210347
6196,7470.3814984091405
6197,2709.3390942156193
6198,4608.063763900854
6199,6173.610515954005
6200,12029.858880964284
6201,4526.965312424093
6202,11528.808888767542
6203,48969.64251344696
6204,6912.43613177786
6205,53157.0963951812
6206,9938.92878058926
6207,13423.592958991137
6208,11102.884829936202
6209,5370.055372475877
6210,5644.7387409555295
6211,61730.216736214374
6212,38158.06799356625
6213,3105.7413354746814
6214,6343.769877954652
6215,4791.604897898812
6216,5348.884840009427
6217,6308.675260992926
6218,8509.343303324373
6219,4998.787454964733
6220,5264.609493280819
6221,6112.240268521393
6222,45870.87527932535
6223,61986.982977667874
6224,5927.909625575974
6225,5376.022819756865
6226,56194.667960688195
6227,62891.68082257778
6228,39259.395390256905
6229,6784.37793903731
6230,67000.08292025024
6231,49545.04269271364
6232,68066.30819751913
6233,5162.185135205007
6234,6466.2081677546175
6235,4912.2918063929665
6236,10290.96528365096
6237,6354.521097709457
6238,6437.424841957787
6239,50542.1225298106
6240,2946.166937480776
6241,54070.98761197412
6242,61501.65332057367
6243,53065.40483265789
6244,15147.17012180789
6245,45714.19135665921
6246,7329.2920033495575
6247,3872.410501413484
6248,11399.894831185129
6249,5782.854629927985
6250,4892.175285035173
6251,60907.559739423275
6252,3402.6733650759847
6253,3636.979849762129
6254,44567.930104971114
6255,46851.73774503924
6256,6605.006846103646
6257,7939.7766144781
6258,45355.25773039882
6259,5847.940991297128
6260,7286.506649805954
6261,2316.631810386364
6262,6530.406683453765
6263,5985.399793383325
6264,49850.39191658409
6265,2869.080326031646
6266,50082.35596456408
6267,7707.882868821729
6268,3845.860811295611
6269,55851.726414769815
6270,35607.65465364866
6271,22339.863927661354
6272,12412.318092759455
6273,4379.728035283006
6274,5133.304047381747
6275,3980.833246938493
6276,60000.587241698115
6277,7462.846182282288
6278,15444.899469227446
6279,58918.77579874998
6280,1882.4156441018176
6281,24203.055722347646
6282,6229.876818120252
6283,5877.151000555401
6284,10500.782629874706
6285,4192.969535102247
6286,3645.885148742263
6287,8615.507693373718
6288,4924.3153755148305
6289,3761.0282880571685
6290,55226.746388433545
6291,4267.691246540015
6292,2712.353771444801
6293,5134.779819613852
6294,5927.073191794719
6295,4811.604826848079
6296,51658.27430704648
6297,6415.772559756704
6298,6089.927921448152
6299,2812.9603230312578
6300,5499.146350886749
6301,4687.20531470944
6302,4736.072081311349
6303,59378.54464863744
6304,2993.4039923915125
6305,4359.446503167061
6306,4947.994326560131
6307,4654.583606251617
6308,5658.595644191141
6309,53828.75692933295
6310,8694.76589260813
6311,2644.529328785727
6312,14683.363160773391
6313,9224.00198438286
6314,3285.361724465818
6315,5347.116617914786
6316,4881.234467148492
6317,4016.57240383325
6318,6076.061448278966
6319,2445.833607711666
6320,5174.718270467574
6321,2745.1014643513035
6322,5983.0917691588365
6323,42916.2202864861
6324,5920.8767680585115
6325,53785.774087154205
6326,44890.0943679779
6327,40102.25864150222
6328,3485.9001896942445
6329,57176.82005310523
6330,11368.54597367092
6331,67161.97369678415
6332,5720.012637523822
6333,49109.77176585778
6334,7865.1379218779275
6335,7680.818298114465
6336,6142.608420405112
6337,13542.70602129877
6338,4752.614694550315
6339,4245.917749645371
6340,44882.13005413038
6341,5029.8580976811045
6342,61236.606741294716
6343,6302.435854472393
6344,4522.832951958091
6345,4362.357344178739
6346,58236.52306547872
6347,5080.992254008088
6348,5975.1518157833
6349,6158.047152147949
6350,24089.16091471838
6351,35666.89086870063
6352,3681.031733867544
6353,5802.166640842021
6354,5620.514513625929
6355,3140.928688805668
6356,4321.662825855494
6357,5547.344426007789
6358,63817.847855664186
6359,38627.34851061535
6360,5755.988405070961
6361,62066.47683751791
6362,12759.095226918575
6363,22948.939696405876
6364,41551.4532900355
6365,46339.322463373566
6366,11356.158487832336
6367,2619.795630269191
6368,56226.806334916655
6369,6575.749899681415
6370,3735.2414569176794
6371,63360.62376712688
6372,4387.754669373297
6373,6301.524589142256
6374,4429.063827727487
6375,4726.04535676455
6376,10922.997871984073
6377,4821.882922470242
6378,6906.366190189254
6379,61906.775731022186
6380,5244.726415807085
6381,10832.507217245184
6382,6616.800013417394
6383,47789.08936447165
6384,8665.840720850814
6385,6230.091069942755
6386,1905.486588472836
6387,4953.038762942013
6388,2348.5844366038777
6389,1454.9453001396823
6390,4898.33069286107
6391,55450.9884203753
6392,7511.880956103497
6393,6327.065605084115
6394,56886.13006167774
6395,4987.706119648101
6396,4526.194394615807
6397,5666.511559367966
6398,3206.6645167105758
6399,46212.926096772244
6400,5596.293685854236
6401,64092.72013937976
6402,8337.317332108865
6403,3942.1354842170254
6404,4339.729727326825
6405,13581.702831554454
6406,5226.672167441128
6407,4996.410640089109
6408,6191.6714028504875
6409,6782.256315249785
6410,2526.2702669014648
6411,50821.84509284571
6412,20871.496087727788
6413,1590.8129375297349
6414,50351.667783898025
6415,55319.03624825273
6416,2342.011904632146
6417,51664.44631565416
6418,58538.15880091487
6419,12521.295063584017
6420,44869.33100918279
6421,48573.56684117262
6422,54303.014818510484
6423,5308.264499663612
6424,2976.8800233327765
6425,2542.9089014484953
6426,72798.66004972726
6427,52743.806064655546
6428,6601.584026304892
6429,8319.107334033299
6430,45513.70097250389
6431,5412.393922812608
6432,8833.379821616656
6433,5632.7088063885985
6434,6749.506715018498
6435,45760.74149742359
6436,4746.186350152077
6437,43110.27307247411
6438,13313.470380461706
6439,5613.57775250301
6440,58852.75262930825
6441,49890.34778136802
6442,7001.280357536503
6443,62823.396379760394
6444,3084.7845655608935
6445,11395.96049042821
6446,4871.283390599085
6447,42521.725782463
6448,5027.053525967114
6449,9453.031337034754
6450,58211.69202331469
6451,4216.150765153725
6452,8211.210539723832
6453,13586.585104335258
6454,51914.28839376985
6455,6085.518505938204
6456,11556.934028253681
6457,2572.958552102292
6458,4069.3056614567095
6459,49461.18363798855
6460,51856.89081722952
6461,8837.024036852752
6462,5316.724703778399
6463,2751.33845324132
6464,3519.5569398686303
6465,32481.194193920586
6466,4514.992113694745
6467,13220.239476071278
6468,2536.892141641165
6469,58837.68585844469
6470,8442.113211543654
6471,72315.33036718353
6472,3051.074551283363
6473,69127.74608424833
6474,44961.185212100696
6475,6825.333410291194
6476,53217.627079139944
6477,6333.80314493804
6478,4325.010306154472
6479,2302.8456813564985
6480,4735.905830446041
6481,13262.387722648455
6482,7990.143471007632
6483,50837.134536881334
6484,6347.446339842105
6485,38224.64588493284
6486,36826.53816802601
6487,66372.5567088362
6488,48177.323945127995
6489,58246.063397875536
6490,5065.75383195569
6491,24914.413664835974
6492,53123.98752255812
6493,56813.460816912135
6494,48847.66882490607
6495,73840.83366013988
6496,6330.705492480089
6497,8491.055462128928
6498,43420.20475247958
6499,56810.78006232209
6500,3989.706595461775
6501,5757.91791806218
6502,7441.512183197975
6503,4862.336865391065
6504,57349.72046953968
6505,65144.62068878229
6506,4464.8286166890775
6507,4555.052404143949
6508,5256.544450093868
6509,6165.345400288009
6510,68340.11121443973
6511,4480.926431273099
6512,5999.250342679519
6513,3919.0347402025845
6514,49863.45844033424
6515,44408.807290971825
6516,65150.091127236294
6517,54775.109565118655
6518,4300.276991896575
6519,48885.76521351643
6520,8012.184269275419
6521,4797.131869899686
6522,60572.77634894504
6523,4430.509563053973
6524,10503.86381101712
6525,12201.997614525033
6526,4739.350952377939
6527,13648.669004897318
6528,5836.845443674793
6529,24098.42119217434
6530,2618.716365268351
6531,10154.408011070587
6532,4747.047996479108
6533,5205.662642562527
6534,11805.017197776633
6535,4535.084453044892
6536,3596.6732679398256
6537,11335.504610921273
6538,7242.573839782116
6539,57190.04374737485
6540,25391.256825545563
6541,2009.4034883400986
6542,12167.386561786494
6543,51912.31649295048
6544,54882.765225015624
6545,7106.329464083194
6546,5628.038673407807
6547,6779.556776483476
6548,5120.689565347167
6549,11192.988542713909
6550,57063.08610915201
6551,2218.786436611166
6552,3381.6437433667743
6553,5724.143581959341
6554,4256.080504252213
6555,3714.937533673661
6556,5074.247547045175
6557,52922.748842944726
6558,4295.855873258879
6559,5702.416912885443
6560,5443.3171047300975
6561,19329.233425677834
6562,4221.771315455527
6563,3262.2296463893813
6564,5918.120049538417
6565,8948.900130926435
6566,6441.81179871018
6567,51312.72624699259
6568,4767.00391496879
6569,5320.181638661322
6570,5392.512040980104
6571,5690.96900962924
6572,5804.863354791258
6573,41969.13440517089
6574,11138.524762745757
6575,4225.1856712101635
6576,6696.4952971663115
6577,5629.7521409601295
6578,3989.243997795249
6579,53739.314789754484
6580,5644.167837272686
6581,4201.428033514379
6582,3162.600546184485
6583,5505.028278049256
6584,2927.3387022014604
6585,2996.7726068742927
6586,53397.77950263077
6587,5576.903076715564
6588,10526.41650830057
6589,5907.342755639037
6590,27661.301226752275
6591,2455.5612780941756
6592,55871.79742262518
6593,11438.39494771721
6594,50973.84560209999
6595,4666.0893524773755
6596,34218.43881793387
6597,5788.447890869614
6598,30574.539929496634
6599,55536.11386545884
6600,5387.8468264771145
6601,8745.388598938314
6602,57655.350125471996
6603,51854.248205950076
6604,22051.364504140536
6605,4931.516491309469
6606,50841.05882536217
6607,6502.997147632092
6608,13260.5476361621
6609,13882.915222270773
6610,7985.56143554092
6611,6699.184097520125
6612,62429.14770134655
6613,4976.805182766786
6614,6186.817655401155
6615,58067.40816422548
6616,4093.9538150463304
6617,64647.35338484144
6618,11783.372840064781
6619,23367.92385675032
6620,55318.40915090547
6621,13471.284185790875
6622,46969.87205878895
6623,59604.12400549691
6624,11475.942932481392
6625,5456.104743198142
6626,2682.8152676759964
6627,4921.063408120137
6628,15932.720988440793
6629,7427.4951454487045
6630,41762.080486528415
6631,5385.998027691404
6632,7769.788507310145
6633,5753.250008527508
6634,5598.072950366305
6635,5950.798476117753
6636,12289.035606632151
6637,7944.329104368937
6638,6984.001911883852
6639,6673.172092809402
6640,6911.390250654284
6641,32015.12928807823
6642,9880.735368618207
6643,5486.482653961653
6644,64733.38871787033
6645,5927.5209637724865
6646,5673.224153045168
6647,21273.342348543134
6648,6307.1263687709015
6649,47221.24629649303
6650,6277.897841327451
6651,53591.30679946372
6652,14259.475725383183
6653,10372.595667959902
6654,4866.1040665582805
6655,11413.807091619574
6656,45982.53819351251
6657,58323.540242860356
6658,7468.481537327383
6659,9873.499085578926
6660,4544.91759103693
6661,5667.5390172972075
6662,5359.69764998041
6663,5001.098576445568
6664,3257.1176502578537
6665,2014.157376467567
6666,62588.77319801522
6667,17454.579459939552
6668,6607.405470483212
6669,3883.7772770342062
6670,6481.490205976241
6671,6038.851214143621
6672,5834.505066832328
6673,5929.522293778358
6674,6196.217783841064
6675,4963.698804591963
6676,11926.307328419163
6677,6270.607333141534
6678,14888.391296184815
6679,4084.654781206287
6680,9030.776637695744
6681,7222.528761330383
6682,5642.749193196112
6683,52549.30927679208
6684,54590.167682529696
6685,62437.35067716532
6686,57813.1092100915
6687,49328.924997784285
6688,11812.117108273238
6689,1932.1577490280374
6690,6957.092893322758
6691,3702.7682670012437
6692,6553.0826808026395
6693,6693.747437549643
6694,51216.27390060184
6695,49622.88443406149
6696,5040.417890876689
6697,5940.141259292013
6698,14406.792292767226
6699,59119.21108331974
6700,5570.613803783252
6701,4099.861536213872
6702,5504.189623276565
6703,44531.78656945807
6704,10845.25051811022
6705,5993.678720503114
6706,47261.818047658984
6707,6133.957686330361
6708,2862.8812544013754
6709,12951.39530706374
6710,22571.79394113283
6711,45813.25987557703
6712,5375.210097121435
6713,69809.10123980977
6714,2834.7585551884604
6715,50984.95538258919
6716,10781.467333650677
6717,5078.030201394488
6718,7117.393394159193
6719,2527.685915215768
6720,5470.911599237806
6721,51231.346094485474
6722,53205.14731649482
6723,5941.946954584373
6724,47282.55942387649
6725,48629.33451439021
6726,7284.117059195272
6727,44073.99732527575
6728,55023.04333191721
6729,11658.029975781708
6730,52080.561494587404
6731,43679.16784129415
6732,4288.385413833181
6733,4232.59222291745
6734,2098.8328390957968
6735,5265.766610919882
6736,53995.85483242865
6737,15630.385746164444
6738,7831.854542063101
6739,53965.62716099064
6740,5465.743832245105
6741,22237.328396980876
6742,5363.625441669501
6743,51482.17897530222
6744,11699.299520887284
6745,5782.912338863134
6746,3280.3154837104153
6747,5130.7347755897645
6748,12572.084465467698
6749,53035.89642287174
6750,5001.195060876508
6751,6091.886647448243
6752,4297.285101581507
6753,5328.153206752523
6754,71393.3608311106
6755,4331.302668152894
6756,53211.78030094538
6757,3341.4938102164165
6758,8334.389935152003
6759,5907.792963170807
6760,5438.098275974689
6761,49038.94778882802
6762,4993.217768478183
6763,52809.37993979786
6764,7753.140335510436
6765,4640.441306200166
6766,60822.68214214337
6767,3955.047832016915
6768,11999.348058550033
6769,4682.251718847898
6770,50136.71971397672
6771,4802.434593804404
6772,5339.829870359967
6773,3318.6334874394834
6774,47923.1309643017
6775,60599.06620434862
6776,41611.062593787836
6777,48717.245286309204
6778,6293.731100625601
6779,47025.73364251839
6780,52101.30542385921
6781,5615.258384917983
6782,3022.3910456306185
6783,5228.208631398002
6784,47857.9570775728
6785,6234.7630100114275
6786,4704.553656606246
6787,5523.253961097166
6788,5173.17614564693
6789,7907.87115165123
6790,54691.310307403284
6791,46528.98594264938
6792,62462.355971209705
6793,5643.693665393736
6794,10659.154174948937
6795,64488.45530920614
6796,46835.096742087364
6797,4386.734383031681
6798,32395.139668038988
6799,2409.4485701989834
6800,62728.152107815564
6801,6057.7046577427855
6802,54949.22780272367
6803,4268.687993652856
6804,62328.746964874066
6805,4610.863804302928
6806,55133.65440199492
6807,5562.772266769434
6808,50402.10991502623
6809,42729.49197268464
6810,6495.924861631205
6811,4919.926740393725
6812,7367.32586949506
6813,51819.36218569834
6814,5926.237548496221
6815,2092.865007817895
6816,4913.297738051006
6817,59796.393976543404
6818,63678.6157342468
6819,5788.179449267317
6820,7073.827014658429
6821,2943.809816712678
6822,6245.744241762179
6823,3821.428085705818
6824,14991.05735631684
6825,5912.382692448253
6826,12081.553391575897
6827,48635.72284895209
6828,2729.9455044148217
6829,5619.405536218263
6830,23138.805435664777
6831,14892.832269970306
6832,56884.063410425624
6833,5697.17060597831
6834,62421.13593821018
6835,3538.597327111816
6836,2710.9120108905954
6837,54313.84540783013
6838,10514.237402597037
6839,9462.109868075098
6840,6157.139789624358
6841,41291.41786700323
6842,3717.274066621304
6843,4608.719531107627
6844,3654.0828102750193
6845,58122.44209961247
6846,48704.946406934105
6847,49178.37611524238
6848,5884.787274519414
6849,60387.35317462098
6850,4333.12185412209
6851,56073.83979313889
6852,59888.13740372687
6853,5549.091662903362
6854,6493.497905193017
6855,6160.8450911787395
6856,60657.38699345222
6857,5984.256552544533
6858,6740.192529771518
6859,2828.9101344474416
6860,52554.38617405405
6861,12465.086502904232
6862,12120.593332314922
6863,46521.63664574252
6864,22557.65408697354
6865,4424.200406987016
6866,5822.086644118255
6867,7019.198493752383
6868,6672.30875529297
6869,5555.198435727282
6870,4563.981189395055
6871,5283.509747976934
6872,5187.103974294714
6873,36810.70871521758
6874,5432.805694751372
6875,85464.30951054231
6876,5355.018174139208
6877,48746.48238968404
6878,52086.869587257344
6879,4828.208389361695
6880,12709.761452843653
6881,43768.116195707116
6882,45412.44258694886
6883,4690.302177244962
6884,2191.9924573255485
6885,7688.471454640007
6886,58924.477330547656
6887,4528.354949863934
6888,54093.94819744176
6889,5118.858864638928
6890,12026.911663254421
6891,5425.908969849145
6892,5166.693364347711
6893,55202.56089287072
6894,84556.99159265534
6895,3786.406223611244
6896,43777.87608753757
6897,3200.7464582802986
6898,4877.714183410582
6899,52330.466960962585
6900,10165.944445733448
6901,5380.035830552355
6902,72034.34257474175
6903,4138.155816250763
6904,3230.062565337462
6905,50217.93884658504
6906,60862.06644829716
6907,48173.73237870943
6908,4653.414612056518
6909,1888.5889765026614
6910,6083.939413202191
6911,5770.57823443138
6912,57729.70835222959
6913,44385.84950626008
6914,2202.0396849918448
6915,2944.7827064971507
6916,6142.718555621181
6917,3664.4502219432766
6918,48677.01242357998
6919,6758.2069442148795
6920,11261.165458764352
6921,7215.455231262105
6922,6604.640562603084
6923,6559.847869286259
6924,59484.71120745638
6925,28987.485687618704
6926,5967.324980795425
6927,5290.675468541269
6928,4463.910114116415
6929,6726.6576178584655
6930,54012.70446798543
6931,5275.32709982454
6932,5968.286187320438
6933,61329.65014222583
6934,4251.976788090707
6935,9393.533288208251
6936,1823.0679454534497
6937,4704.371783270206
6938,55174.75308635825
6939,7174.211635998194
6940,46833.14068479091
6941,5100.081379304147
6942,4433.757482546189
6943,9850.611705342353
6944,5536.581395050136
6945,11956.706758421891
6946,45966.455359663145
6947,4457.371389356499
6948,53297.388394238056
6949,2440.380694168647
6950,4594.837581520639
6951,12353.22193467896
6952,54278.50210758748
6953,60930.940139097496
6954,9706.187116771385
6955,59447.030947916806
6956,5823.287122744879
6957,5764.282525282031
6958,63504.2343077195
6959,6309.859796112545
6960,11293.992521291246
6961,4156.208815095242
6962,61467.85166978616
6963,5709.936203037543
6964,58695.07326276011
6965,4116.599628383867
6966,3300.1910058799476
6967,42301.662324772
6968,5982.159054065104
6969,67171.74399922573
6970,10910.527750625784
6971,7354.763679165098
6972,62180.865013594965
6973,61981.6214180207
6974,53582.53131868586
6975,61561.04430251464
6976,5257.24798184401
6977,6586.647151679375
6978,27847.937746780226
6979,3040.8402093512364
6980,8532.107271493387
6981,4512.037611474256
6982,6398.9028803511
6983,65733.57837743207
6984,6280.963833641663
6985,2933.681119370822
6986,5076.273375531042
6987,11136.640390216335
6988,7765.8422215310375
6989,5523.08347251923
6990,7599.095166189609
6991,58658.49680361798
6992,50826.46444898391
6993,7414.919558434906
6994,14557.175281586355
6995,4323.34306225069
6996,5147.945033759819
6997,5291.148587469439
6998,5678.450586893379
6999,12116.300239130578
7000,53179.28497135233
7001,10491.6725713094
7002,72748.47189571694
7003,5653.8046666457285
7004,5933.008940010538
7005,2900.6296551636296
7006,17989.568133196
7007,6038.759136916067
7008,69840.90023837937
7009,4606.4481146025555
7010,57949.07235465298
7011,5186.0536417311905
7012,43324.776576545904
7013,53638.96317148528
7014,4994.464199558358
7015,42329.22127413022
7016,5617.281038889213
7017,8352.36608129253
7018,11177.374897539874
7019,63807.500904597924
7020,4656.843061647812
7021,7109.181941694738
7022,10427.167433012695
7023,5721.120055539357
7024,66673.41621939195
7025,15511.236925599826
7026,6065.269618013362
7027,13748.466817934777
7028,5775.830438003246
7029,5538.545386477701
7030,72893.21063867079
7031,4377.201225985067
7032,2844.1830129716172
7033,6355.618252984604
7034,8375.60593294772
7035,5710.079327946755
7036,8540.161641519524
7037,50059.29103384974
7038,5617.467999305643
7039,55963.07184095314
7040,36006.970675141914
7041,1869.406871604428
7042,3079.7482105367562
7043,55558.12594022935
7044,6573.865524875266
7045,5044.784983672403
7046,27286.611511252337
7047,59265.10418290126
7048,51485.2065824729
7049,58306.23419974288
7050,18388.595332351026
7051,5685.843111552857
7052,52562.806522785424
7053,48444.70162649534
7054,7904.193983204655
7055,6398.797110143749
7056,55611.34268010924
7057,5672.542451189549
7058,2761.3973780569854
7059,58757.143388901015
7060,35008.12880112718
7061,4916.709207799652
7062,2521.5293118412774
7063,5942.0112993145685
7064,4677.95535984875
7065,8975.234250756648
7066,9183.28557188997
7067,3737.416435030009
7068,54145.19355456971
7069,32948.904555079374
7070,10633.388569187457
7071,45330.02002898097
7072,59967.85586427334
7073,6041.922154880173
7074,8859.804142918736
7075,52470.39318709402
7076,55931.13262102408
7077,10489.766927064113
7078,3327.1683653197915
7079,6942.904279285355
7080,5557.279001175145
7081,5576.877014182106
7082,3599.7986192149287
7083,54062.903008670255
7084,53389.480296248206
7085,5594.425233955875
7086,43566.81771558633
7087,6903.558479113634
7088,12225.935063563207
7089,59751.95374046481
7090,5427.797067307636
7091,9162.419139981928
7092,5819.250069119864
7093,4534.1152432983945
7094,4343.829471153673
7095,5753.314348977761
7096,7345.118130589824
7097,5956.419558538255
7098,6026.064469563662
7099,47965.059634054865
7100,6343.495950288079
7101,4020.3802396510237
7102,5888.041617336893
7103,3085.2278086890256
7104,72997.33639827481
7105,3045.9178162856015
7106,5497.894011067719
7107,4142.814803043088
7108,3656.355857317389
7109,5536.829636942186
7110,6119.9844985612735
7111,10373.126493668566
7112,2260.440238036126
7113,57449.599407904665
7114,6474.751645674928
7115,4691.579756248081
7116,5476.30812845173
7117,4709.399263524649
7118,61978.588719768406
7119,3252.006533434039
7120,4349.273303266493
7121,67736.89676713334
7122,6142.932186266378
7123,4345.979448993956
7124,45962.94791679451
7125,7527.418183006911
7126,49786.80012035987
7127,6834.335051385617
7128,44847.6538042076
7129,56038.610509809674
7130,54495.9775005808
7131,9391.287727533978
7132,4722.240050302214
7133,8717.89428300425
7134,3054.151762814714
7135,5528.825909852749
7136,23528.73579937628
7137,50189.37121660261
7138,59318.46566366506
7139,8055.8557410670555
7140,52930.33769911083
7141,7305.257206210718
7142,60038.30363478066
7143,4386.0579206466155
7144,8947.499049329275
7145,2472.0234282019305
7146,2423.6057801866455
7147,49843.60472787416
7148,10771.264199232799
7149,9303.730907750869
7150,6240.773736428615
7151,8294.448861490508
7152,7975.60982922294
7153,2100.8983820752474
7154,6666.6886580762
7155,3624.924420052585
7156,5201.51940730219
7157,4839.362702822487
7158,56917.412808584486
7159,16530.10005852619
7160,9010.695725336218
7161,12111.977007471633
7162,54854.67406355185
7163,3279.8444798034225
7164,8133.311289720972
7165,5517.235099234144
7166,9292.75073062645
7167,4921.011724862663
7168,4629.295366602939
7169,4948.4425955613515
7170,65508.69081209456
7171,15526.932636156198
7172,5518.809379536465
7173,56574.86992995289
7174,13320.670585909265
7175,2162.2401519337873
7176,6110.9436278746325
7177,4497.660083963661
7178,5079.0278661002485
7179,5956.476616716962
7180,50085.2100429875
7181,61703.308261572834
7182,6758.414389705651
7183,61317.748628079964
7184,6018.204270022199
7185,7744.700831733604
7186,56852.9328720873
7187,10816.162333397482
7188,5198.44848269085
7189,45167.83387940444
7190,4000.5541924858717
7191,6232.853018459866
7192,2148.1946310245376
7193,4821.21812944738
7194,2065.089634825088
7195,5174.662559933537
7196,42628.47061763717
7197,12831.48833919031
7198,2677.670270273449
7199,62462.87026706466
7200,7393.238339889063
7201,4461.494692735991
7202,4660.520630583649
7203,3755.5125837430123
7204,4991.561577807399
7205,7175.747742481224
7206,5436.735026456105
7207,53943.37064697553
7208,5817.443454768878
7209,2861.3927735984644
7210,3729.9751811029087
7211,6483.668390495473
7212,6022.811487004177
7213,6430.925975773998
7214,10905.62104994792
7215,62363.88333790969
7216,1661.0832855594356
7217,46225.19080224849
7218,5629.182562410746
7219,5362.835040187154
7220,4734.01405771964
7221,53932.69100594451
7222,6109.390694304339
7223,4670.919983907481
7224,4645.198507136966
7225,59758.56737031293
7226,57018.35182096681
7227,4187.7142993240905
7228,3985.001818802518
7229,69725.33006648981
7230,48163.395375640415
7231,5917.007349670559
7232,2357.340173584665
7233,4220.158048222824
7234,11186.149422118382
7235,3172.767284329105
7236,55242.24864198722
7237,50663.56692237669
7238,5587.744591075973
7239,5370.538457600565
7240,55064.696851144065
7241,3788.7829997554777
7242,59702.523675337274
7243,57768.568691767636
7244,11358.115100047835
7245,56151.47793366447
7246,6276.775816694265
7247,5481.782283529046
7248,49672.81548593672
7249,6581.739241762766
7250,52245.34058994196
7251,6649.144433675287
7252,54481.560000957565
7253,17755.917563942756
7254,57605.99059646898
7255,6988.686622710365
7256,8455.582572965308
7257,4995.947273493131
7258,4876.4528938423355
7259,7415.766878519709
7260,3531.2123413527825
7261,55207.927328953316
7262,4920.005654812267
7263,71532.37724504762
7264,57464.95289245146
7265,4644.474468164604
7266,10501.25043008489
7267,4588.925042460796
7268,1780.5890835726502
7269,41350.80211119848
7270,62080.4729430943
7271,69534.78766848704
7272,53042.80950549575
7273,7739.619444231606
7274,4328.5859353698925
7275,7899.259586954306
7276,67597.95101599643
7277,4855.743524676869
7278,3645.3534804217393
7279,45690.738235904784
7280,61156.83360671735
7281,4854.253868534073
7282,34172.15919435246
7283,4681.70364102836
7284,4493.014410356265
7285,40056.66727317975
7286,5906.267189888525
7287,9225.128313801019
7288,49324.107736225065
7289,3266.313541926018
7290,60012.04077835204
7291,8352.574420957857
7292,57809.09031528044
7293,7838.478576028355
7294,4193.685445690413
7295,6817.093677324026
7296,4661.297511899029
7297,49425.18670619074
7298,12936.420623857957
7299,30846.05333933665
7300,9830.815855669021
7301,3264.3454855559276
7302,10769.808712871287
7303,7128.304517422677
7304,11640.463294767404
7305,4744.880859598812
7306,51269.15275045496
7307,12067.491126622139
7308,2463.7434126241133
7309,6910.350515649393
7310,11940.888633896911
7311,5737.650584701737
7312,6331.475934305254
7313,5360.637327112989
7314,6462.5010962096385
7315,54783.35877511777
7316,48487.22091209193
7317,55887.92428304425
7318,9978.577013114535
7319,60353.585388059226
7320,57535.008049013326
7321,6177.194539123195
7322,4369.392968089128
7323,9238.852357391599
7324,57548.137455183954
7325,52802.346112507046
7326,5955.906873898695
7327,5451.600791015
7328,4953.861521395695
7329,7205.161392529442
7330,49404.61796306333
7331,5132.742993736027
7332,55545.38600388907
7333,2501.6045278026922
7334,5010.5102595051285
7335,11465.66989134291
7336,11442.024276962642
7337,5921.66368013778
7338,6381.315300691047
7339,4262.294744672715
7340,11051.669831548776
7341,7306.717152850019
7342,4342.620569206284
7343,5040.095830720578
7344,65812.20279917147
7345,6896.750054784661
7346,8252.312888597993
7347,42891.55818984783
7348,6940.973062966863
7349,3462.8940077356847
7350,6017.350798061605
7351,13976.207193623846
7352,49636.287270912966
7353,56258.324866139366
7354,46484.37473503981
7355,11121.113176975232
7356,3909.619570670913
7357,23589.32485283352
7358,3553.890328803702
7359,57889.08151534144
7360,14342.452390518687
7361,4395.77008501226
7362,5350.352965271072
7363,4604.5356875443895
7364,6537.620614603699
7365,5805.600005282953
7366,4988.165650139417
7367,6081.845915607356
7368,55200.994565739675
7369,11234.639322534618
7370,4136.317063642644
7371,3458.0817831401037
7372,54938.9214644486
7373,44289.07054170167
7374,12778.511315701513
7375,5807.37245185079
7376,56248.19495719612
7377,5864.477833171908
7378,5235.015787593075
7379,53635.07434654264
7380,5908.514740389816
7381,64969.141923943855
7382,48952.94680797326
7383,51419.988778417806
7384,11059.241530285432
7385,7130.28688567525
7386,5584.384870031917
7387,5089.090576546145
7388,11663.933452267549
7389,4433.1210254150055
7390,5515.528747067933
7391,49104.05069060094
7392,58660.71807540611
7393,4948.807943567601
7394,6680.13591740487
7395,6807.593954942879
7396,1492.9487068260742
7397,3376.1337085103805
7398,4872.674599721915
7399,54444.03885401013
7400,4653.300850739955
7401,48094.266274538764
7402,3584.002014428761
7403,5148.730932861068
7404,2455.795059010601
7405,58441.29901001054
7406,3613.6994944736134
7407,5372.149912228982
7408,3955.1368128833883
7409,44278.04848381239
7410,9398.344081371066
7411,64065.43026648788
7412,9151.36480030811
7413,3787.0730706026134
7414,63592.44832479197
7415,3813.2309423040824
7416,16702.322969075456
7417,5801.8047740478905
7418,56307.23020824321
7419,4890.74199807233
7420,5884.306681341874
7421,2726.6124092748196
7422,4239.54277614751
7423,3186.487410159294
7424,6170.491515368309
7425,63799.80395695236
7426,16739.639556623933
7427,60732.529833225264
7428,7638.856928682003
7429,52541.2257934495
7430,2212.3938083669173
7431,6278.6941613889285
7432,4892.224236582708
7433,11729.80562745248
7434,63750.86777538401
7435,5075.554518900322
7436,5387.382360869751
7437,10783.829827531725
7438,3002.3819584501884
7439,18608.022241853592
7440,6047.633174958102
7441,12101.53275481174
7442,55614.9709334405
7443,5123.3483022209475
7444,12323.789436319146
7445,6419.8862680389175
7446,7831.082187060074
7447,67073.77520657095
7448,6649.771839723424
7449,6550.105962836059
7450,6645.888105810091
7451,4977.116326321302
7452,5592.884952628819
7453,2645.4049956948666
7454,55070.20875626235
7455,58648.224152972274
7456,5948.304035835776
7457,11517.403717883504
7458,47508.94798707166
7459,66273.00365456581
7460,2172.6063605185354
7461,7104.3560787436
7462,10886.863111034092
7463,3969.9335738497466
7464,45212.02754827055
7465,4754.626356595019
7466,1763.7540081486202
7467,54081.07962483237
7468,4101.118740423826
7469,2780.853507617481
7470,45492.33968311899
7471,2050.9550304155846
7472,60696.12447309744
7473,49747.992716510096
7474,14579.832317236753
7475,54768.566452153194
7476,6281.739495626405
7477,2397.334962891688
7478,32911.394719015465
7479,5932.065688339815
7480,3237.489022411941
7481,7641.550015107599
7482,6704.010155853764
7483,3663.9590296398374
7484,6358.438643053417
7485,6701.819899027196
7486,3780.8959046596074
7487,8085.493419635866
7488,67986.05212031768
7489,5575.1822391746355
7490,46552.05671549828
7491,2208.133707067819
7492,55052.40260899621
7493,7092.060056708943
7494,6889.4238846287435
7495,5155.077769623636
7496,5622.834670142563
7497,5511.233305085643
7498,3840.2693350158506
7499,6256.541400583137
7500,6648.2825604038735
7501,13598.934582801749
7502,8136.186246357197
7503,46347.50890691005
7504,56960.04419886865
7505,5355.316909557696
7506,42378.68666594844
7507,5782.069230992869
7508,5964.383785159605
7509,53776.2736703518
7510,38938.01383305258
7511,41002.85478902825
7512,4937.3380525958455
7513,61544.27244827952
7514,5992.940085039658
7515,56848.69943779333
7516,4427.330491900428
7517,34119.6694816578
7518,31278.14666819296
7519,2735.864014278548
7520,11090.897781594656
7521,67957.48394443889
7522,5674.746583370797
7523,50468.19413525453
7524,29535.040551768296
7525,4537.72602332708
7526,5723.019207195417
7527,2994.797786772031
7528,58488.10726123561
7529,32311.404233387322
7530,6982.606768110401
7531,53675.54935130454
7532,48173.11094437852
7533,5191.871213086133
7534,5086.865637635529
7535,50403.78258797888
7536,7464.258622310741
7537,5526.529896142923
7538,5634.078192503186
7539,50856.72571487256
7540,61880.74864223189
7541,5808.613593280837
7542,4975.803733681907
7543,64240.497467267225
7544,3978.166170305738
7545,30433.980041789517
7546,57810.433968387806
7547,2897.5109910110214
7548,3445.4877645614397
7549,4168.579308016434
7550,5009.473151109983
7551,46078.99645582991
7552,5837.156077964924
7553,51302.09565748363
7554,4885.010631395624
7555,51311.97352347045
7556,5027.994943082824
7557,5789.8202910094615
7558,4774.177616390807
7559,44765.35845966607
7560,5149.166109849941
7561,2314.7877164462757
7562,2560.0836636779995
7563,3402.548748031024
7564,66797.12835758063
7565,9545.039563342303
7566,4483.457404002638
7567,7373.0975722839885
7568,80189.07013622447
7569,5399.222827648657
7570,6497.298086217177
7571,5368.278445216994
7572,55338.122866111065
7573,57697.493887762794
7574,45342.64068459374
7575,9820.581416368957
7576,43361.31418432036
7577,5093.363769926025
7578,8518.679444944351
7579,4671.162978694692
7580,6795.190206589912
7581,6861.446894525896
7582,51767.03547437287
7583,55168.45364526674
7584,50872.779172249946
7585,8958.457916157258
7586,5120.265562057601
7587,4599.870661174227
7588,6918.593658477407
7589,30717.429138101455
7590,41073.23908608002
7591,3093.355723079715
7592,11530.571971566736
7593,58108.31939950517
7594,5035.665300269145
7595,6972.951791895996
7596,4889.945208759081
7597,5958.66420838487
7598,7114.376515908996
7599,7217.097864517855
7600,61084.096438540466
7601,50396.086208137436
7602,70423.40131355051
7603,4863.151948330992
7604,8450.225609095643
7605,44264.35567979702
7606,5607.519129137247
7607,38704.86970706512
7608,10382.03868082397
7609,2774.238312632997
7610,5410.197291700457
7611,49680.729099930046
7612,44152.34974864988
7613,70864.22975589125
7614,15340.30541091911
7615,7882.506026491324
7616,54946.50671834321
7617,2967.37841667503
7618,2569.478568804395
7619,6009.939484302013
7620,48979.28772205507
7621,61216.81318418107
7622,78472.301070202
7623,11830.785369264788
7624,60668.9186728496
7625,3456.738092563472
7626,61918.97234029477
7627,5081.935865015962
7628,10690.898841379767
7629,51211.15733173762
7630,64242.25298841769
7631,5077.513444226539
7632,12295.65886730887
7633,5834.797011198487
7634,56787.26851943781
7635,10698.965307903722
7636,5390.194806006348
7637,3960.3466980784824
7638,6393.14890342886
7639,7457.949218039146
7640,10305.851357906144
7641,5347.372075916918
7642,47139.7024719221
7643,5354.144241547856
7644,49847.71393261873
7645,47135.921795634946
7646,6527.446908030253
7647,56858.7841906683
7648,12432.866287421875
7649,4136.551128552264
7650,7189.961269801548
7651,4399.523761162539
7652,41676.46772120024
7653,3813.988795752336
7654,6834.331984968398
7655,10327.175728231809
7656,50070.47930093738
7657,3091.680477670859
7658,7720.661032088506
7659,9369.129859743576
7660,53766.55649859858
7661,6719.071546863508
7662,8541.18100682738
7663,5563.869242102515
7664,6016.066278560994
7665,4876.084798389315
7666,3986.63537959295
7667,6252.972905916041
7668,8276.686239883187
7669,4350.912592588587
7670,14778.602885796245
7671,11227.961975205868
7672,7180.968061654194
7673,8725.89680339549
7674,63761.0154799525
7675,6532.476597156066
7676,5302.956087157621
7677,54419.81746283939
7678,10395.292751024936
7679,5608.41785632486
7680,46327.878069045895
7681,7009.065995315583
7682,4457.628351243786
7683,55636.65207248928
7684,7861.676924829624
7685,6774.7344043520425
7686,68928.77128285344
7687,6261.410750367073
7688,4705.769546080392
7689,63011.119462770774
7690,7405.286865052991
7691,2347.9461255785527
7692,6077.79414199592
7693,6473.749444571507
7694,5828.192702040844
7695,4002.4651074826124
7696,6642.207096133827
7697,4880.06264589922
7698,3534.8764874665476
7699,54719.39558098682
7700,1750.30839499917
7701,7858.101287805479
7702,55014.013636731834
7703,2870.6985545978782
7704,7382.941996718667
7705,5497.032356740717
7706,6380.863845842263
7707,65310.34535492916
7708,46655.19539853938
7709,8738.06700227869
7710,5234.895168474435
7711,2126.2972504452778
7712,6629.269667495334
7713,37999.4005781752
7714,61037.474197308504
7715,62895.730199860656
7716,6932.927908969641
7717,2538.7721374867697
7718,3340.083938098863
7719,5072.204159357307
7720,6752.254708321103
7721,3913.5260615130937
7722,41581.43729976549
7723,6032.260027978109
7724,57036.12861372479
7725,5307.544700505048
7726,4482.138968605973
7727,9369.148524376873
7728,57643.36674120839
7729,10939.267213205218
7730,53406.04158072047
7731,7261.494474826675
7732,6538.039138224981
7733,5442.846182843734
7734,4147.138327754315
7735,4425.1647178237245
7736,6108.437733754221
7737,62936.476076226885
7738,24343.592861470628
7739,53157.8182328567
7740,7912.809955004597
7741,6363.945658664303
7742,4675.06135440959
7743,56299.855154843666
7744,74381.57578237628
7745,61136.11296696493
7746,2625.2868042560704
7747,8712.790012972953
7748,2678.632869933329
7749,4859.524951923333
7750,63694.32778329545
7751,10360.699706047424
7752,40968.597552542866
7753,5344.592761191372
7754,4663.483835958891
7755,47013.98830522069
7756,7840.478123653648
7757,6672.266838959819
7758,4683.694170730084
7759,3348.726884163553
7760,6363.949839399489
7761,2497.937063765273
7762,3852.8411927724264
7763,2897.972909592546
7764,5576.689365021724
7765,13212.876546251071
7766,6276.092843273484
7767,7428.468126126474
7768,3470.185836380485
7769,4758.74981529586
7770,9912.12885925929
7771,22976.990972820946
7772,61166.41942460234
7773,52297.55965138348
7774,5412.654430999326
7775,6651.131713924329
7776,52165.52733019472
7777,6741.694385613966
7778,5185.0063754332805
7779,66200.02309974408
7780,4447.701661723984
7781,60858.60698663622
7782,3894.0277797915587
7783,50085.49716001471
7784,10715.79278707051
7785,5705.023101865693
7786,46343.37523241331
7787,6692.760946714705
7788,10487.885441902396
7789,58663.29591570675
7790,11405.800384670441
7791,4725.548599336824
7792,49575.64955497693
7793,57558.14260990929
7794,4970.086846040651
7795,10559.625445647624
7796,3463.5356112538425
7797,6271.269679907935
7798,4363.411097449127
7799,55180.27622817963
7800,5047.874614981149
7801,6170.331138381962
7802,6854.307215806455
7803,62725.088505010805
7804,2314.729007772383
7805,6854.403526402647
7806,5360.715127227
7807,8833.627077904526
7808,69712.09447774189
7809,82771.34003303671
7810,14705.374358283612
7811,4535.184683577969
7812,6953.314376348166
7813,14281.683554025796
7814,3281.371530512919
7815,4300.44211832865
7816,43980.52924471168
7817,52747.500398537
7818,53567.57835092953
7819,12098.292512006872
7820,9129.345442177833
7821,5152.089122699614
7822,4654.954851504992
7823,4627.674840719561
7824,46790.49207147782
7825,6241.951513714361
7826,6110.185478014341
7827,6869.076430621764
7828,5863.656974514906
7829,6891.193479811351
7830,4922.363238677214
7831,10902.635484667713
7832,8797.442505241139
7833,28416.29210601571
7834,66759.56626830068
7835,6632.28972113909
7836,25166.074809270027
7837,5626.0868001584095
7838,5192.1279095377095
7839,3799.0218495149265
7840,4968.872972698193
7841,24850.605972380083
7842,41269.76144810945
7843,3559.4227616972003
7844,10820.403901997586
7845,4715.711637113371
7846,5944.667344862436
7847,8748.958863500136
7848,54845.895903484
7849,11045.649566201646
7850,5509.644845523085
7851,9955.282444808385
7852,50132.94977175788
7853,16042.264766324584
7854,13235.233864145648
7855,6539.012021573042
7856,4574.65807040465
7857,9342.00446695875
7858,46819.00851529061
7859,6185.167483414689
7860,5787.328478776215
7861,3177.539987708156
7862,2196.980097889643
7863,64998.39352171781
7864,6093.8335947472115
7865,6570.352598476979
7866,60624.30782881399
7867,4086.268376757675
7868,3809.5708327121984
7869,6159.070547679907
7870,5153.7234860884455
7871,5812.633554177248
7872,49712.67366930819
7873,6932.913465907731
7874,68621.66040623724
7875,50284.69127939974
7876,65713.22657860581
7877,2460.163265676809
7878,10818.557575837378
7879,4760.871367437838
7880,60518.55110827886
7881,55134.62523545735
7882,48880.43062272541
7883,11582.261212124198
7884,58743.60437179112
7885,6917.126557865211
7886,4311.400738372296
7887,16072.227045875197
7888,9008.089053763582
7889,7270.721917514726
7890,58367.26457669035
7891,4929.89509718832
7892,5467.678396396108
7893,62250.396628269875
7894,57512.87306192038
7895,53728.62630376766
7896,4842.38126511783
7897,4395.63392555704
7898,7636.485469180747
7899,6302.012403790022
7900,6500.705130988975
7901,2935.5805107437573
7902,3673.9097003686943
7903,4794.552722323582
7904,4992.173169015639
7905,43800.02886289172
7906,5204.552202660608
7907,6019.987215491683
7908,7683.333088231158
7909,63582.47443882919
7910,5353.669666257141
7911,45316.81929285292
7912,10900.753853236944
7913,62174.611317770665
7914,9113.388171495124
7915,6451.861494603639
7916,2536.4455954695213
7917,4396.867616417817
7918,38207.8142799856
7919,4528.460624442156
7920,50317.13572634457
7921,4921.640999188334
7922,40180.532194010884
7923,2855.485850008868
7924,6076.041990088121
7925,5740.426372663489
7926,4744.806663229851
7927,5872.007359546701
7928,52835.907883802545
7929,4568.149468079409
7930,56635.12984232433
7931,3161.3827972965632
7932,3377.3159992480787
7933,11593.3071541078
7934,29343.257901869867
7935,44530.853236279174
7936,6209.354016443415
7937,3706.6831640963564
7938,5778.987802468139
7939,5102.027191315776
7940,6588.081026273247
7941,6077.752852900905
7942,70149.1599404595
7943,11647.130517502377
7944,57498.07667618524
7945,10227.46818295019
7946,1854.5044216522779
7947,5957.692700628968
7948,33280.57433717489
7949,38465.837352835806
7950,2356.516767607601
7951,4759.902477010689
7952,5333.528813952093
7953,8517.150169297718
7954,5486.897152701515
7955,42244.67253502838
7956,53967.9388711091
7957,7384.753500235006
7958,6312.426484403959
7959,4583.531755818509
7960,4737.731557551157
7961,2923.7634450468804
7962,47360.13048438994
7963,41106.77300480187
7964,6039.944177775567
7965,36712.292140399586
7966,6502.345046722477
7967,5422.706233673275
7968,60859.306214564494
7969,57909.14757510836
7970,63547.85817806529
7971,7312.463385761319
7972,5258.291652782324
7973,9039.04068433092
7974,60644.363801210566
7975,44261.14207216105
7976,7257.873131423315
7977,14301.76304215724
7978,53718.06692863907
7979,3787.6307637949794
7980,53839.53541307022
7981,67803.67528424534
7982,5648.791076440576
7983,4255.714115971614
7984,48777.43249024244
7985,5266.105772149156
7986,57526.58738350254
7987,20406.03113280109
7988,46346.673989039475
7989,4674.694377810627
7990,8145.8137911099875
7991,5584.4764047000635
7992,56601.67000656448
7993,4281.84557848771
7994,5146.769079721501
7995,31395.22340594187
7996,6535.375324831211
7997,5437.708608776311
7998,4605.540863398421
7999,45840.52908333996
8000,6115.38237519464
8001,6167.438214333308
8002,53292.09924305693
8003,43695.784780288755
8004,4529.500748880259
8005,4259.937695414287
8006,53414.282517243686
8007,6176.022047778318
8008,5649.536904052598
8009,10653.027914956976
8010,61602.581937967756
8011,4267.848538208244
8012,5514.067701298267
8013,5677.501081723365
8014,23714.016564546637
8015,57605.247071392296
8016,55614.0978873171
8017,5521.780739197169
8018,6640.0357287029165
8019,8714.979767923513
8020,43571.308572605536
8021,10834.857127336414
8022,4782.765015928431
8023,2968.0337247953958
8024,6547.86191836961
8025,49569.57356796565
8026,55747.294250919746
8027,4612.935757438638
8028,47472.658122993606
8029,49457.00973512542
8030,65751.73531533372
8031,59308.44899499233
8032,4178.489932231206
8033,6558.125066705603
8034,5398.107145283729
8035,6006.145118674269
8036,8863.842134678203
8037,6372.861310115284
8038,5223.492239836833
8039,69235.13499201983
8040,3910.8806163627855
8041,50984.95646238534
8042,9346.400086380716
8043,6248.390945813833
8044,52070.297014031894
8045,6046.415220430765
8046,4438.830427699264
8047,12586.830958090013
8048,56273.352787941345
8049,57460.48376886879
8050,54658.088662783455
8051,6618.31045871389
8052,45056.83432809483
8053,8588.239918652725
8054,2559.2856814669476
8055,58281.645852500835
8056,5792.522910799926
8057,49616.974223871526
8058,67979.59886604735
8059,69834.70784743174
8060,3012.6447277862767
8061,11034.840739280768
8062,5818.987612821121
8063,3165.15159393634
8064,5459.26988428968
8065,50320.18599761269
8066,2963.6176891033792
8067,6514.165488049166
8068,60842.30638173713
8069,6849.401504599606
8070,55695.17502084541
8071,5754.4002777241985
8072,60857.34652317966
8073,51713.32091587841
8074,32589.37189258339
8075,11003.817671341612
8076,6145.215483325985
8077,5497.080814206167
8078,11665.996288093816
8079,7037.613920497875
8080,6508.654214146964
8081,6620.728524485391
8082,7318.158431791914
8083,9133.061181032193
8084,12192.60765108245
8085,63007.13130362402
8086,8673.22279946194
8087,3925.5774028348756
8088,5757.761014315602
8089,58261.416237247584
8090,52372.81887066342
8091,4843.421194838267
8092,14897.561172502352
8093,2530.761336013692
8094,57981.23262353877
8095,4053.561299169237
8096,6763.2673211071
8097,6663.429764460628
8098,4703.6510305433185
8099,50633.76612768385
8100,5462.412322675344
8101,12960.812655880973
8102,5656.001729049754
8103,6524.549450792392
8104,2493.252730595047
8105,5070.047672096873
8106,43884.53995737096
8107,4893.569091394065
8108,5985.939907566917
8109,5649.318728930626
8110,4889.069187009827
8111,4434.911090535465
8112,6657.073012592359
8113,5155.465315128298
8114,8881.503743806163
8115,43019.9774742889
8116,37559.95161919984
8117,2935.002321505379
8118,6615.425034950574
8119,10294.411176317326
8120,48249.64583036129
8121,11878.430957666158
8122,7716.834145551038
8123,5696.812492226714
8124,31330.267639127655
8125,48191.74706313606
8126,2582.243195984114
8127,5251.461192977876
8128,4310.0889459343925
8129,47715.87485165489
8130,4594.61835086393
8131,2630.252493883334
8132,2132.1140535707464
8133,62429.28467280208
8134,59318.46566366506
8135,52940.04269595022
8136,22347.43048932791
8137,11180.119410522246
8138,10181.800019529546
8139,14029.110848550312
8140,54102.24906936867
8141,7587.05758141512
8142,13651.288058529084
8143,15640.384211820437
8144,45346.557656390476
8145,12285.66126729329
8146,4529.077148098866
8147,4734.769991724152
8148,65871.41128787436
8149,5115.603284057292
8150,10988.973091155325
8151,64391.58742779137
8152,7464.039829148678
8153,57525.848749251956
8154,63604.687363618745
8155,4877.358908648392
8156,9080.346308557557
8157,3847.9751499154154
8158,61886.75018538875
8159,58279.80699207132
8160,2720.1033744362912
8161,59391.26075933222
8162,6510.26388548471
8163,5890.712332895215
8164,8091.038237582617
8165,72664.01342779896
8166,22642.356270769764
8167,21587.597186064515
8168,57381.90876973001
8169,65435.21899770716
8170,6563.8507470339355
8171,2392.400512184253
8172,5054.890782448281
8173,51750.15009112804
8174,4254.852413031287
8175,2863.0840179543798
8176,4560.193182284664
8177,48351.302732582015
8178,6178.558422288993
8179,5236.157526540471
8180,27298.385087699422
8181,3297.185984769915
8182,58741.40616741088
8183,6092.754475442669
8184,7622.541665538892
8185,5556.426733144771
8186,3440.104338345999
8187,6185.949340783517
8188,6197.340681395868
8189,54711.64164519779
8190,61216.2221586417
8191,4384.861862333797
8192,7814.611533699925
8193,5508.6509477577165
8194,3724.3956768386406
8195,58729.78817159796
8196,2821.8514540876713
8197,2477.4724288828756
8198,6921.490502672967
8199,9933.170764229475
8200,5817.731974811303
8201,4472.326519825916
8202,4117.86072146249
8203,6134.487799051745
8204,1543.5817667964807
8205,11953.335223536185
8206,6652.063336380055
8207,6426.155928549045
8208,4079.842633792354
8209,46489.27011764734
8210,7260.641370145433
8211,43459.69802929568
8212,2671.080256080245
8213,6308.467600764475
8214,56729.4943156315
8215,10107.071812258924
8216,3157.1330318344576
8217,51234.370960903565
8218,5349.29254878885
8219,70333.95751086799
8220,1477.387081964431
8221,12278.063394909652
8222,5204.828308404417
8223,3856.10414695475
8224,45601.71215813006
8225,6175.170604304931
8226,7020.137834510613
8227,44405.09982354527
8228,4376.975913470673
8229,4935.361375961056
8230,56718.765721570875
8231,8807.889417705805
8232,63936.37886461812
8233,6500.124054586902
8234,6500.053192336849
8235,4021.2171963985375
8236,55946.10556543151
8237,1469.8772984302532
8238,2632.395995270177
8239,2196.1020366298044
8240,5808.170824515024
8241,6288.969933613384
8242,4364.121875592625
8243,4540.782859841498
8244,4383.914293242343
8245,8452.465652823576
8246,3213.995078693707
8247,14855.136722385232
8248,5513.658480403359
8249,5915.097008200197
8250,5306.550877388991
8251,5995.49966816952
8252,3954.3047328789553
8253,4288.688186610664
8254,62583.70210684139
8255,80423.89442478179
8256,57771.412216625904
8257,6722.545330653795
8258,10929.885260961375
8259,46454.52297668852
8260,52944.358945810505
8261,51816.89843365115
8262,6672.799399831225
8263,6721.267977162148
8264,47426.81688910738
8265,3158.504771396005
8266,67002.46806820421
8267,63578.65319828535
8268,6817.5865451402515
8269,32837.205083942026
8270,57655.03732204647
8271,6960.158414045884
8272,9783.297758163657
8273,57398.474790142995
8274,7726.701079946862
8275,2789.831216624186
8276,5299.2628604771
8277,10460.208224637703
8278,53461.477162686846
8279,4129.373710851562
8280,2980.635391247345
8281,10256.5161344591
8282,6347.6891953845015
8283,4802.254750076029
8284,5182.750574172243
8285,7448.203435327785
8286,58043.46536876645
8287,76728.87210754401
8288,8959.583388714706
8289,57119.954739980545
8290,5360.389084119935
8291,10508.556031111697
8292,5654.072408948749
8293,11961.709715205021
8294,3217.833911050014
8295,6339.844127143995
8296,5093.30705276459
8297,50299.62890258583
8298,6091.419160198162
8299,6950.935165472671
8300,2855.6745714210983
8301,6884.5045358573825
8302,2992.2616254433847
8303,49806.87148136001
8304,5580.69092031991
8305,1747.4242669929931
8306,7065.164674197938
8307,58683.093608520314
8308,54070.989842374234
8309,5119.959789137912
8310,4543.86188140081
8311,42267.3080639754
8312,12725.391428259874
8313,1981.6890315138726
8314,3474.0375271736657
8315,50032.66917177975
8316,46153.75569635822
8317,9929.12498486532
8318,48780.80199688104
8319,4580.950755643717
8320,5810.245626836013
8321,5040.137694884834
8322,3689.0330569293183
8323,5097.612545540659
8324,4574.11910138287
8325,5818.1718667468485
8326,5558.734618465587
8327,52159.33704334418
8328,4320.47168326457
8329,5229.23875597457
8330,6754.979171079518
8331,7481.803710779193
8332,5435.453768992771
8333,52866.79941021231
8334,59930.58778108658
8335,6578.875341295408
8336,6627.4098618833505
8337,61741.90172441551
8338,5775.290612856301
8339,59921.16259838445
8340,7059.167391992343
8341,6057.731143167075
8342,2618.3067907614586
8343,5058.235268214761
8344,44443.043589564615
8345,3762.9418591707954
8346,54749.03372355633
8347,5550.400841655475
8348,4937.59527883342
8349,5688.302956843624
8350,12740.90929685667
8351,6174.751896905664
8352,2678.5777883702103
8353,71469.37942365132
8354,49713.766635615815
8355,2438.9034891872607
8356,62818.75147524828
8357,8424.523092869344
8358,7950.489159278618
8359,50583.85668974697
8360,65425.268462902626
8361,5162.93802353484
8362,60326.10134194877
8363,5866.357201702216
8364,4272.418943519164
8365,50647.50350789382
8366,5431.744892063285
8367,9726.62343759846
8368,35603.33059043184
8369,2698.991898828095
8370,13594.560069408275
8371,5014.51149974782
8372,30156.680529960795
8373,5303.054052944883
8374,4876.447267739812
8375,6821.426687093648
8376,44822.50587059433
8377,6990.9788241983015
8378,3408.770744240593
8379,1641.7776547007118
8380,2939.1766844340564
8381,51896.961584660385
8382,5169.60498729013
8383,54960.535731234544
8384,56815.198614858644
8385,65035.74252972007
8386,58834.20663909999
8387,50514.92803759454
8388,63296.893467446695
8389,20623.864710048583
8390,52760.478244597194
8391,10372.755013498328
8392,5488.561472214869
8393,60475.80249832291
8394,7202.268469001192
8395,7822.519927961018
8396,4435.223385918704
8397,4871.816420626392
8398,45700.899502328204
8399,5061.569644410572
8400,5076.335871970697
8401,5383.831474607412
8402,3347.743096063121
8403,58200.166748831354
8404,5923.509451868375
8405,6222.310866587168
8406,7930.788611120348
8407,14518.399947099082
8408,6537.616634998004
8409,5722.192229887751
8410,63905.711550634755
8411,2228.285040108957
8412,5614.712491307531
8413,5368.460964704816
8414,4856.485716406205
8415,68350.29197780776
8416,4549.542669415521
8417,3000.29670899155
8418,2726.850595431185
8419,2231.1242359380662
8420,10816.8911537633
8421,4138.379312085237
8422,55777.323679075256
8423,5424.831170345951
8424,60489.78183004256
8425,5401.435100856984
8426,57638.485529379795
8427,5934.642194543837
8428,6465.590930599261
8429,8467.599058865007
8430,3088.695919681484
8431,56842.00209220368
8432,5015.860363774285
8433,9368.743075385913
8434,3295.5892470399585
8435,3416.6884927520255
8436,8039.153521493492
8437,51729.437000341
8438,5083.2341419025925
8439,54979.07770263003
8440,50892.69438114798
8441,5482.880237239696
8442,54686.21535400243
8443,18086.43012750519
8444,7796.203604208111
8445,2289.277615492594
8446,11705.045814637404
8447,7016.451444092589
8448,5724.614468474364
8449,5665.341195479328
8450,48065.846066561404
8451,55511.242276630845
8452,59837.98546015545
8453,2638.265492536928
8454,3133.4506064368193
8455,4333.958622433027
8456,56712.411063797874
8457,51671.52972191085
8458,8948.09119068382
8459,51660.9267982255
8460,6184.818686972934
8461,5425.23272950014
8462,57050.76399289976
8463,3962.7390336330895
8464,6034.781828612478
8465,14202.712728278395
8466,9114.840731560573
8467,64619.6480044076
8468,6028.447958540177
8469,5586.289826916275
8470,50238.09470001228
8471,6529.063969117804
8472,50921.55253138016
8473,8778.237346055907
8474,12898.700011537363
8475,2323.4028688068074
8476,11624.31943842061
8477,2407.2657486269836
8478,8000.0432247619165
8479,5069.95908955005
8480,5709.358359729517
8481,52590.04677844667
8482,5875.551787734234
8483,63279.79526486001
8484,7770.62821677709
8485,58006.9406120068
8486,59543.262351146645
8487,5941.650291624453
8488,6615.9697349581775
8489,6822.8412345785555
8490,4686.96762911619
8491,63944.962770017926
8492,9905.579121154773
8493,2839.1604477320952
8494,3580.8776071959
8495,6577.41596868827
8496,5216.6826877585045
8497,4724.148289416919
8498,4968.938354812441
8499,7020.868160896636
8500,6087.891953464799
8501,12333.947218678366
8502,2091.7028665212565
8503,5735.36944236076
8504,11272.92990480907
8505,39157.192593317246
8506,49914.038411115995
8507,2842.922557363303
8508,53041.72814818889
8509,2783.087382355908
8510,12511.403879508853
8511,6034.253598567029
8512,4885.1519224337135
8513,4758.952839596401
8514,6419.441557964921
8515,3739.3402869761376
8516,50329.78730822877
8517,3764.1767712666897
8518,5321.517740885183
8519,5118.984361972602
8520,2557.9410001553056
8521,3282.754533115247
8522,53774.69570317214
8523,4727.425172015735
8524,13294.828176617277
8525,3821.2705443864506
8526,62342.84092288015
8527,5887.738866096999
8528,9332.366355728258
8529,63564.797504062546
8530,53506.912613953005
8531,11299.776520216245
8532,3856.8152239710257
8533,43135.18162096192
8534,4827.272670730476
8535,1813.6959451898333
8536,4669.571239553419
8537,52394.45139961689
8538,75097.35253295938
8539,56730.8059180203
8540,11540.667685681074
8541,32371.556288676198
8542,9318.36694787534
8543,4048.9637317252955
8544,52579.43111014055
8545,2881.4260274837616
8546,11689.16414863166
8547,16390.299686026934
8548,12149.479085099589
8549,51373.570283041336
8550,4984.250900496032
8551,62239.46121421829
8552,53002.8015884553
8553,5222.839834634857
8554,3486.7343771628794
8555,5903.762446184453
8556,6933.853422548849
8557,6171.062488165052
8558,6392.079219061614
8559,2999.60164888068
8560,8289.807553263367
8561,5287.176169378416
8562,42560.68460979962
8563,3879.6469761891735
8564,10534.292223516237
8565,5016.957133307447
8566,5056.464734481117
8567,2100.548503660957
8568,6965.223147571903
8569,6013.405449797096
8570,5451.064704441935
8571,3735.798191052873
8572,54337.59909622728
8573,4562.247302736829
8574,4434.986543704235
8575,57221.35881703857
8576,55789.46924060777
8577,4432.231931906727
8578,38853.97745404877
8579,2714.2756398975744
8580,6122.629422570234
8581,5670.349524881208
8582,14525.348170555635
8583,8197.73099939561
8584,6301.01864313734
8585,54666.130923672565
8586,4720.216962943556
8587,5965.597594859395
8588,6077.522316681934
8589,41815.72115777832
8590,52368.56055226627
8591,8486.690657282796
8592,51084.99953311733
8593,5987.42304692984
8594,5367.850313172098
8595,5910.484125432697
8596,4570.926854153291
8597,6097.441342992356
8598,46342.4831271382
8599,12312.129164604346
8600,6445.299870833241
8601,3148.8278373573753
8602,4820.338765674795
8603,5538.358011045551
8604,4592.744533239815
8605,45990.99012471904
8606,49861.92909202546
8607,4351.6287447536
8608,12260.105881329331
8609,6445.059517728734
8610,54885.98367934983
8611,69585.68631823355
8612,60726.33851649027
8613,49784.76155767642
8614,57611.83264888305
8615,4864.547146960818
8616,4149.674940213639
8617,4726.396714188415
8618,4052.153462767139
8619,62339.349758254495
8620,60503.418675579625
8621,4654.692568637849
8622,5567.070685950046
8623,9429.573749852785
8624,4294.340262397918
8625,36671.62597455422
8626,2101.70579093325
8627,63125.79596126757
8628,45977.177100410976
8629,6470.026992254935
8630,6162.966343868475
8631,9119.74774719554
8632,48853.763352601134
8633,7607.8794748178025
8634,10504.31908430149
8635,53441.78752090907
8636,50786.16783929067
8637,13434.042438101678
8638,50515.26883117239
8639,47421.878331384425
8640,61934.73807100669
8641,69393.44656267422
8642,46458.14352716888
8643,54471.12872456746
8644,6915.412699379143
8645,51189.32262622907
8646,2075.1546087226425
8647,5110.120788276234
8648,45791.15545348958
8649,5524.952974946645
8650,4735.081530768912
8651,5907.612758076104
8652,3316.4175664443983
8653,4961.796798490996
8654,54470.306874795744
8655,8590.831551205532
8656,4953.460288765436
8657,6038.404570588873
8658,6114.000579082799
8659,5439.870926663958
8660,3597.213856458824
8661,5223.024779159278
8662,48473.56229470676
8663,51184.19658368218
8664,5799.339143500212
8665,51780.656176291246
8666,5150.091519462747
8667,6268.614951500678
8668,8758.235225225013
8669,5183.968656361874
8670,3719.5919170384923
8671,11155.632544394062
8672,4474.836685204941
8673,10602.296796180533
8674,6229.950402053684
8675,66441.15002389038
8676,5395.169774684038
8677,7320.174664162994
8678,2603.8857605281946
8679,49002.365615766554
8680,62088.67720845216
8681,63187.74706550423
8682,54806.57320619695
8683,6396.618350327664
8684,2724.2391924744957
8685,43008.86331867993
8686,4449.9542462402005
8687,6904.319565802558
8688,63712.331075399416
8689,13202.226410577186
8690,55560.516961719775
8691,6559.3623454520875
8692,6008.690732225723
8693,3885.8010617811847
8694,55136.683891283436
8695,5202.762263083652
8696,64437.597504201636
8697,54350.61716612361
8698,59482.241217745024
8699,5906.384791435676
8700,3306.8611621815676
8701,5055.015151393458
8702,6141.9482142234665
8703,5220.683803978258
8704,2442.857768292784
8705,54688.57898772183
8706,4933.579426666525
8707,5478.524664808367
8708,5538.976350973564
8709,44339.816583916014
8710,4514.514483661193
8711,3345.263289495055
8712,2450.2638297524863
8713,38335.13055508974
8714,4792.223048126531
8715,4423.666974699574
8716,62353.656649172146
8717,8542.997542162384
8718,4983.792897178981
8719,5836.30074887895
8720,5912.46053888968
8721,7422.0988266794275
8722,6863.780485391169
8723,4815.571697262847
8724,5715.80876940085
8725,5501.836062427893
8726,8489.974142862156
8727,3521.003577125907
8728,17579.862474610247
8729,8546.056382305413
8730,6218.652005592534
8731,7896.255893102058
8732,32172.830086692535
8733,4616.710459162931
8734,4191.117435049764
8735,4954.7148885203205
8736,14753.182315802713
8737,5491.127118800074
8738,14169.29984275413
8739,3791.0120729471637
8740,10744.019735057085
8741,4221.883461243282
8742,2688.829254632965
8743,6844.8551105314
8744,4606.398247968327
8745,12000.338526634343
8746,50620.55023250777
8747,2163.940374242697
8748,13306.733075644104
8749,53382.26780895087
8750,5395.503411684431
8751,6014.659882750921
8752,5425.5891174889475
8753,3755.951618526072
8754,9555.71723819532
8755,9803.398167643896
8756,5387.688017093618
8757,63750.407899180485
8758,3464.30447767111
8759,5714.758157686174
8760,5671.783879084696
8761,3991.198431647041
8762,58625.61468801517
8763,9928.504148059006
8764,19151.922184537172
8765,46584.48129200195
8766,40886.52243819286
8767,4939.471079099474
8768,60554.505464904214
8769,3461.376173684225
8770,71216.5816948575
8771,5566.019225421185
8772,17123.06179307004
8773,2963.577100424171
8774,4424.583172186509
8775,9589.009226112063
8776,5209.553923462652
8777,3030.9967739369504
8778,2237.0657688780843
8779,2541.6841269179313
8780,7398.003886641252
8781,22744.76766276171
8782,6004.674823561288
8783,6812.628234307915
8784,5583.82509452956
8785,4546.467594890764
8786,57901.321049039
8787,4517.783043621801
8788,5966.606579185021
8789,27640.86430033386
8790,5120.517759846231
8791,2119.9962418582654
8792,10068.16075243214
8793,6229.167173786904
8794,5488.217772453818
8795,4727.816872188649
8796,4954.606294056872
8797,8872.70311594414
8798,4971.604239763957
8799,15355.374547529598
8800,8767.73074214382
8801,3407.0056183763636
8802,5297.757891489329
8803,5445.939918103293
8804,6598.691289564946
8805,6490.390874582086
8806,6559.64316161395
8807,5702.808537474863
8808,5019.201860161747
8809,5414.849824245073
8810,57558.869969261184
8811,55676.50432411926
8812,6549.84872351773
8813,3739.88997711711
8814,3164.320019518086
8815,3190.5349623069196
8816,4907.603997911823
8817,57069.949626244925
8818,27980.302533377144
8819,7738.556687501272
8820,11706.431878528543
8821,69576.99586245479
8822,77495.51699034701
8823,7879.321432618132
8824,67769.16379122686
8825,5554.121046515871
8826,47072.529298837
8827,39905.15510007711
8828,8990.53618485075
8829,4776.905413294797
8830,9395.242456028478
8831,3798.9953627582063
8832,5037.595451256466
8833,59220.33163193576
8834,62777.813678000384
8835,45074.200897775314
8836,6031.885695480323
8837,6829.552010518506
8838,3875.1185586714014
8839,55541.856999338925
8840,22319.533536919695
8841,4868.082349853227
8842,7619.58811970688
8843,55754.22638189998
8844,3802.5963516748097
8845,6259.221839403062
8846,7155.062480073062
8847,8890.26212913296
8848,44429.653752892205
8849,6325.985744794127
8850,51513.17384953498
8851,43981.052533807
8852,7944.916518120141
8853,2676.268729607972
8854,53004.71653488622
8855,66825.70780564158
8856,72722.16937027453
8857,2281.587590902739
8858,7100.701144669175
8859,4567.378818016228
8860,70354.0909577122
8861,5887.203218713808
8862,5389.699081449731
8863,55217.954199757776
8864,13325.178910954328
8865,6302.6326862442365
8866,33001.40479537756
8867,5533.09150043445
8868,4682.218840496338
8869,2300.4271903600147
8870,60255.932361618696
8871,5102.06336913074
8872,43985.13435697684
8873,2454.6281599736176
8874,48988.31470490236
8875,6800.754409939182
8876,52049.32288591095
8877,4885.488863654335
8878,4982.49959210627
8879,42625.75712816317
8880,6003.782803005084
8881,4155.42405041816
8882,12257.73282268786
8883,6108.288069576616
8884,6046.227724106541
8885,5673.066481260373
8886,6164.166277331725
8887,5890.287828765568
8888,68514.192389087
8889,2939.7227998783455
8890,54241.024727459924
8891,6047.722734877938
8892,6765.465199477683
8893,3769.3769837428545
8894,56863.53276214709
8895,53210.05454345502
8896,53378.99293594582
8897,6479.534660739358
8898,3263.8541422727417
8899,49615.211919868765
8900,6175.979863542934
8901,4952.56788692478
8902,20825.170496806222
8903,50159.051319878614
8904,5935.733682366682
8905,5645.837163337026
8906,5665.9867727047
8907,2843.5141135624735
8908,4222.285417161254
8909,4164.532259005015
8910,3380.6592793606533
8911,62294.93116766309
8912,53020.381078147584
8913,5686.643754851315
8914,6463.949717033594
8915,59446.461070281686
8916,4824.16813177314
8917,7162.612486432068
8918,45033.73837121595
8919,6426.036208429314
8920,50775.61942443293
8921,55960.90570659937
8922,4969.265344451567
8923,60845.63989117019
8924,10280.521729176462
8925,6030.176782976034
8926,6647.87728028683
8927,1898.4791554587227
8928,5722.83362299657
8929,51146.6377617769
8930,5070.404896286791
8931,4777.691417287626
8932,54439.99913270413
8933,2764.2592544361205
8934,52527.05081652769
8935,6398.532525616084
8936,4847.459899513251
8937,10251.598531622834
8938,54396.462039106205
8939,8476.86818396772
8940,5257.570514184925
8941,60646.79814970239
8942,2680.480500922158
8943,43761.91701580563
8944,7201.786672068303
8945,11539.281830208165
8946,5479.192056540321
8947,4897.801519795894
8948,4981.471171103344
8949,7704.965268278307
8950,59152.60183309625
8951,6994.752828380381
8952,5127.631297174306
8953,4416.5617036756485
8954,56422.138565683854
8955,5816.259125047016
8956,15071.150501251945
8957,56527.674167870566
8958,43941.50758723126
8959,4211.816381557257
8960,31044.370251050932
8961,5599.550062209316
8962,4914.4050661051115
8963,55544.34228395624
8964,59265.61814742699
8965,4422.028771510337
8966,58147.507826549874
8967,33038.484869883534
8968,49986.95322088731
8969,5584.099906759518
8970,3384.6544069922575
8971,10807.963613756623
8972,12138.27283926258
8973,4779.731783273111
8974,55633.850402110096
8975,12165.007454326686
8976,5395.570388240665
8977,11050.458491330792
8978,3478.5259937232368
8979,36459.187177861415
8980,8010.3826177891115
8981,52966.95628817439
8982,10504.620566119456
8983,57026.03342374519
8984,57725.04750592115
8985,47698.504947704685
8986,4597.16470692596
8987,6646.058374182658
8988,8565.886915643376
8989,55598.27212432036
8990,9693.434377625696
8991,53441.02061367479
8992,5795.6914046901
8993,64300.75407571133
8994,6162.805563790573
8995,12059.295101134378
8996,4921.838595179618
8997,46417.15886042693
8998,5688.460722428239
8999,3828.6302273897945
9000,77038.26249587467
9001,5254.050991260765
9002,3026.61012437692
9003,9886.85753693129
9004,4366.406244771357
9005,10319.550813563186
9006,9967.359653516465
9007,10952.519552151596
9008,5317.529038532753
9009,10013.612195960624
9010,3350.9997946314256
9011,8310.818864609435
9012,4351.352247374676
9013,58511.55307520321
9014,6245.117679404135
9015,2221.1811747912034
9016,4991.0404677845145
9017,4232.598956204246
9018,17775.85692153744
9019,4342.010345936978
9020,7241.68907156645
9021,24226.40624930173
9022,62392.036643151674
9023,5439.080457100954
9024,2603.343860177718
9025,6997.768334796734
9026,6602.748185595114
9027,2766.803111171016
9028,2316.440312067588
9029,8789.038307591694
9030,5280.326492938196
9031,6175.070925559337
9032,6068.245728374404
9033,74383.4160535069
9034,6191.627988826509
9035,4735.389746687076
9036,60991.5975386842
9037,2372.569648488791
9038,48673.05964454191
9039,11351.485890887077
9040,63199.21273843237
9041,1948.7521275254892
9042,4285.125796576651
9043,36252.46255717883
9044,55802.02106194476
9045,58960.598344615035
9046,5402.515675766948
9047,3584.288383502446
9048,60551.484390585014
9049,14649.425913907487
9050,3115.309353189662
9051,12722.306149827933
9052,6548.75195966152
9053,56038.89327579477
9054,6956.341639007294
9055,12393.442252620382
9056,3926.5594729295667
9057,4399.1585213985
9058,1864.670468462154
9059,3750.2773299278397
9060,6129.788906750558
9061,12624.760855192788
9062,34689.89044415583
9063,5249.472191227542
9064,55723.20714152108
9065,57931.46738274663
9066,10464.159540861976
9067,4710.91788757786
9068,7617.874714515497
9069,9460.799184864665
9070,2362.0648634711006
9071,54563.681298454016
9072,3103.359073496663
9073,55447.22648482115
9074,7692.69135103268
9075,10296.578623685034
9076,61152.408943429386
9077,7059.6262218842085
9078,3642.493385743614
9079,2757.483827008606
9080,54681.769155229726
9081,5536.581395050136
9082,5685.973434755124
9083,5969.628945346046
9084,7075.725688270961
9085,5107.874850711798
9086,2911.7295063203196
9087,6567.997386620835
9088,60559.77561043932
9089,2985.948510416438
9090,5748.620724286526
9091,4640.160199941622
9092,61583.56857504587
9093,9296.730473771408
9094,5786.723576281338
9095,4316.089023793702
9096,4480.944748335558
9097,13434.611897522904
9098,4038.346466402035
9099,47809.54062983395
9100,2132.6598900701747
9101,57698.89205575119
9102,61738.986427586235
9103,7589.251569012449
9104,63182.28429285021
9105,6261.230789404901
9106,5207.891935882166
9107,6519.261571939169
9108,7997.569885811776
9109,24750.94330465402
9110,3796.892665092999
9111,5367.689865830833
9112,11928.847317718079
9113,50944.385419529164
9114,4654.855074349149
9115,47341.53540247002
9116,2414.0717953524845
9117,55225.427362196264
9118,5893.853525625533
9119,3488.047005830453
9120,5181.836365871261
9121,11722.653587943072
9122,4849.244630663903
9123,38385.019281436806
9124,43868.04062737464
9125,54494.5649027546
9126,5288.4542277701
9127,56730.252393325485
9128,56353.39833389832
9129,4511.878226646104
9130,5347.899343121932
9131,3895.548164340904
9132,2646.68143620737
9133,4259.955004837197
9134,5314.289909296696
9135,55047.140333684096
9136,76531.01930139243
9137,75978.26713240576
9138,38166.110651681855
9139,68879.54226057004
9140,6356.872481067554
9141,51177.971986526376
9142,49794.40645758541
9143,63775.21720369611
9144,41378.91625090674
9145,4637.8002558544995
9146,3968.7134742702274
9147,2467.819935030171
9148,51738.83848895091
9149,56880.59524869939
9150,7200.299247866139
9151,58267.54346847286
9152,2921.70470317416
9153,3479.1801524823513
9154,1810.918911583689
9155,2428.1605416447146
9156,9872.12639834957
9157,13615.394016225575
9158,4089.3273959584753
9159,3830.0853720974005
9160,27448.771985592786
9161,6776.689898130404
9162,2949.9591727350817
9163,3843.5356976370977
9164,49397.45365777072
9165,54713.074255356114
9166,13662.48946707595
9167,4961.0268105399255
9168,54482.24742438719
9169,60386.041433917904
9170,43859.02156973646
9171,5992.743582038578
9172,55848.00815436624
9173,8384.706917375395
9174,50808.85611469629
9175,45444.544342772715
9176,4416.626411488378
9177,56211.539826869535
9178,8499.619719175742
9179,44541.686619010245
9180,7001.186226708531
9181,4539.151796495913
9182,6233.006030192569
9183,8003.783797780518
9184,6788.258626136446
9185,5255.4550800976995
9186,3182.0713101602614
9187,32802.390981732424
9188,63679.01595153554
9189,56035.34406790564
9190,14274.531948255008
9191,6429.310129665411
9192,3831.971391112027
9193,66088.68088814053
9194,35663.229892722324
9195,5788.145708626578
9196,60746.68457324074
9197,6192.382100213654
9198,7546.76793395532
9199,4489.495225592694
9200,6381.33771450402
9201,5490.899258191908
9202,3266.5076124295133
9203,16035.830484265272
9204,59439.44173427441
9205,4820.227083283069
9206,13601.360392875848
9207,48542.517205345925
9208,27102.3198502364
9209,8966.771899548594
9210,8849.996318972522
9211,7602.494468668094
9212,4686.1550923914265
9213,67292.36110434614
9214,6354.562569209615
9215,51030.38934064227
9216,11059.492119327631
9217,4211.872132872453
9218,29063.282316153873
9219,11311.493897451122
9220,63695.10476067233
9221,3785.265270550006
9222,11080.029724177959
9223,6133.124666341105
9224,45824.790467088715
9225,72627.01870399504
9226,4413.22699071532
9227,6259.964917319392
9228,41147.75855325227
9229,59306.345209503896
9230,58170.918619992044
9231,67126.71375155132
9232,2886.2016242597897
9233,10247.2698354691
9234,3684.040303322784
9235,3529.0822867608927
9236,4842.521666517665
9237,43122.79260157018
9238,13252.783864000328
9239,5954.94415379794
9240,9536.917500157337
9241,59331.66664706147
9242,7487.601432310923
9243,5489.011151784727
9244,52653.977404688776
9245,4403.230378586539
9246,48195.562312155096
9247,10829.699898235918
9248,4950.2799760795515
9249,6209.59637933018
9250,11360.385447573726
9251,48461.80452151499
9252,5198.516172010689
9253,5250.543454731065
9254,53486.88326550501
9255,5632.251964958583
9256,1706.5640579488431
9257,6302.7734617473925
9258,11436.25834163816
9259,2402.6195661095376
9260,12371.510786739469
9261,3755.0041080445026
9262,3200.97437444944
9263,79608.18203456461
9264,5206.024918185491
9265,64548.246369264234
9266,46158.01785863759
9267,60482.096683439566
9268,54419.297661565164
9269,4927.319908234524
9270,7083.839296156802
9271,2739.8709957912242
9272,6047.170046545269
9273,6939.887650426117
9274,65872.53317661808
9275,5393.5907000714615
9276,4768.34395113925
9277,58895.76815166051
9278,12792.429664402558
9279,5548.341160598212
9280,12831.863973850051
9281,59475.6146287516
9282,54687.27319347997
9283,50870.821383450704
9284,5019.218047767184
9285,45638.52725769405
9286,5922.748596333246
9287,4094.5128146389143
9288,52065.3229748461
9289,5108.01085891931
9290,2947.0494535031953
9291,4023.0637392040708
9292,45931.368326758624
9293,2660.0970390375915
9294,45338.742037108226
9295,5043.3845241619565
9296,4064.469565297837
9297,1593.0291685786033
9298,58610.58650138663
9299,45556.90363027828
9300,6053.390989754291
9301,5360.291454293635
9302,4670.15797190194
9303,32739.76220399681
9304,57245.7526464955
9305,2347.1699476377316
9306,12181.611697492794
9307,50495.77170369513
9308,3161.5135000140826
9309,5578.504766748272
9310,4592.469064734649
9311,14539.303729739862
9312,58752.11825311072
9313,10566.191313145297
9314,5298.682232555848
9315,4086.265538997416
9316,57643.298068035874
9317,60265.28086980096
9318,63079.72515121767
9319,5696.798599803154
9320,3902.5968313958383
9321,44059.48496624066
9322,6399.636064471556
9323,5897.8849561647285
9324,50987.970182362216
9325,4816.916165718502
9326,9160.18681961659
9327,2457.5755583116415
9328,50808.437985696946
9329,5262.136176566229
9330,5203.332587949955
9331,5823.811660094334
9332,5278.4673044000465
9333,4220.682170629531
9334,10238.961067093516
9335,56306.323527233966
9336,2763.2509362419355
9337,3830.9142892285167
9338,5078.434255713528
9339,3855.0328545926113
9340,5986.857844493929
9341,5224.989499333109
9342,4614.741753521052
9343,6350.149494698366
9344,54842.73781559162
9345,4848.808539450853
9346,50969.0480263324
9347,45410.47584764571
9348,44815.66132447406
9349,6583.697876850271
9350,2048.4626667748266
9351,65623.94651233227
9352,2941.7180898857396
9353,58685.76612418397
9354,58207.1080479666
9355,3734.010354206756
9356,48804.72879551686
9357,33101.78016149563
9358,10716.8231869455
9359,4671.522530869668
9360,53180.052577790324
9361,6381.165269391221
9362,52957.61200146233
9363,57099.37446832363
9364,51500.1888882058
9365,54538.47314472098
9366,8449.950975429492
9367,4311.790906391525
9368,55299.593136532654
9369,3620.931001850215
9370,8327.959883574005
9371,7537.6331043730825
9372,51183.45377555585
9373,43088.62642642553
9374,9681.985798166255
9375,5400.72483345454
9376,3777.0440852119364
9377,60202.51260442146
9378,6306.827057551123
9379,4801.952402467252
9380,7256.5960458336685
9381,3915.908742948076
9382,9540.672552078187
9383,54248.92976523671
9384,5017.626162872848
9385,61875.934095974546
9386,17745.936307572283
9387,6182.530828093662
9388,13164.545413112657
9389,11398.346331038509
9390,12402.045547586353
9391,3241.230364114773
9392,44261.07806564437
9393,17452.15414107227
9394,6804.448940836281
9395,11063.83849929524
9396,4733.979315570088
9397,5945.402269695182
9398,5837.679914447242
9399,29339.43476031957
9400,60173.98190130756
9401,5634.146118243623
9402,5308.389740486486
9403,4643.080445094247
9404,9491.211625015081
9405,3108.8530318301096
9406,15735.51524763633
9407,60873.599535519854
9408,6519.63651980761
9409,13575.840192784533
9410,51109.320064747706
9411,3686.807629557841
9412,13280.91785342685
9413,6233.1054394598195
9414,4536.8717176473365
9415,61967.815085954855
9416,47608.64955423121
9417,5028.367965027099
9418,12509.507560753042
9419,7585.229252366769
9420,46004.134179201836
9421,5272.075082588924
9422,7182.802752612841
9423,10591.664543632853
9424,3731.7481900488797
9425,3096.847258785605
9426,53222.97498203901
9427,3870.616408721107
9428,61841.743292176005
9429,6042.329848129188
9430,5894.385943679528
9431,6697.28434655605
9432,50397.70860573606
9433,65883.49639968139
9434,5059.103438421864
9435,3244.1230137160837
9436,9369.486757108749
9437,4641.4805065494
9438,5304.62787182735
9439,10947.474393130553
9440,52203.68816913734
9441,8844.219006676522
9442,5437.495015400898
9443,44799.73252467916
9444,5174.191197551059
9445,5224.424186610827
9446,49845.11346052419
9447,46203.48750445017
9448,2653.4849387057916
9449,7482.004877538669
9450,53126.931666293895
9451,72028.43678650763
9452,3414.5513509667453
9453,4751.524296044917
9454,8217.829530905059
9455,3008.607463795554
9456,5602.181517010518
9457,12484.925332841958
9458,49313.74340277354
9459,6026.26458214037
9460,6228.99106045001
9461,48563.03926698424
9462,63630.1153739295
9463,6142.823039429533
9464,42481.50561570381
9465,12289.409890720923
9466,5863.01923093772
9467,4492.423762133538
9468,55436.4146674964
9469,51969.91781841355
9470,9208.62969954107
9471,7053.470955022596
9472,54092.7572580719
9473,59913.64603696671
9474,12203.474620897505
9475,2258.602054451846
9476,3921.9398586703564
9477,6141.46580638488
9478,14105.594491212818
9479,4673.544502395753
9480,5054.410370289573
9481,13197.277953002573
9482,10121.643004492247
9483,50207.23921008678
9484,10563.46747127585
9485,4242.985123214943
9486,3217.941872258928
9487,42732.795283088206
9488,5535.913178760615
9489,62389.23137200656
9490,2408.7171495358707
9491,46818.918872264745
9492,7338.967359744494
9493,2901.724368652168
9494,5861.40560764556
9495,7968.764610776345
9496,6450.217562458123
9497,44609.92285698734
9498,4574.236074522281
9499,1544.1771436831727
9500,59043.457038806926
9501,11509.667100365805
9502,56065.6917956249
9503,4076.445738188033
9504,40178.165438094016
9505,6904.514459668198
9506,9555.639940740595
9507,2326.049490024091
9508,6638.440906467154
9509,5558.320095784797
9510,4219.254697557519
9511,9975.47069966539
9512,5360.180825467716
9513,66268.24499867077
9514,8523.831900812584
9515,4207.694186728773
9516,5677.922173531453
9517,7437.45026456178
9518,5674.027504684214
9519,6740.038985543662
9520,3030.833297225986
9521,11146.510005751734
9522,47196.22404792423
9523,4391.713544599461
9524,2921.4842165437285
9525,5292.117848181277
9526,7423.875102241089
9527,68553.59648927058
9528,3967.3778125873746
9529,18900.189620630532
9530,57542.07660736328
9531,12815.694241708316
9532,5971.723037379888
9533,42978.213203693755
9534,64877.13902463416
9535,38585.79668936921
9536,61711.53814344143
9537,4760.383524334046
9538,57648.966540599344
9539,3530.146288302199
9540,55557.12009229505
9541,46945.99569547095
9542,55708.28355939535
9543,6940.6903337406075
9544,4682.8008004218755
9545,46512.52346951283
9546,4562.46631340297
9547,4565.082749802973
9548,2017.9671573461783
9549,60036.76417562799
9550,2756.132174983645
9551,7173.547295977793
9552,55298.462586285605
9553,5208.302243661785
9554,5687.951584417702
9555,10978.31408347206
9556,24579.18575912308
9557,8780.965122791955
9558,48264.26347325431
9559,10524.28934685879
9560,5384.025590757342
9561,10221.388096371607
9562,53621.42765023332
9563,4639.270706049749
9564,4611.262591995819
9565,45754.3900470307
9566,4756.333740334803
9567,7326.556449230664
9568,5348.622695151427
9569,16258.51487984151
9570,6274.166941928734
9571,6557.996775219268
9572,56185.49735598991
9573,12571.318060032248
9574,4865.934138014714
9575,5773.746413761515
9576,2175.9355961993915
9577,65759.34993892393
9578,45660.54687542628
9579,6692.603615782857
9580,61010.83771251647
9581,19046.40659136578
9582,56566.81205570267
9583,4555.591519733875
9584,44191.780599840626
9585,40623.96843550462
9586,8465.224344788072
9587,45569.02333987345
9588,6224.530105506843
9589,5997.513510741943
9590,5577.115071868255
9591,2612.367654633381
9592,6686.557240853233
9593,5874.681274862677
9594,60813.786716032104
9595,58025.60876912812
9596,58206.90847610145
9597,6382.549410020861
9598,4554.5205833274595
9599,3639.2238590796596
9600,4190.437873543671
9601,7517.897845661668
9602,35975.66885419056
9603,3361.5485481691885
9604,6601.248251769732
9605,6142.763497487388
9606,41490.7715216742
9607,4449.172367924222
9608,1961.4525797686638
9609,3645.194747949171
9610,12419.814791112072
9611,4033.045879768624
9612,54190.56131245109
9613,58022.3438124415
9614,4915.664781286387
9615,54137.02536833291
9616,6157.595411221739
9617,5450.028517706715
9618,58695.594140940484
9619,50189.9240994358
9620,55659.41407652215
9621,12511.039819558417
9622,5542.10439515853
9623,41431.43420008921
9624,7779.521734341163
9625,5582.263173105624
9626,5871.566595047523
9627,3774.070547463334
9628,6704.626322296215
9629,6748.308569928687
9630,42477.79825911518
9631,5145.996784619384
9632,5919.206909148694
9633,71420.11716272173
9634,51425.996968482694
9635,6217.929872469507
9636,4732.100775983578
9637,5824.358975465599
9638,5905.856902061523
9639,63789.06119152917
9640,2126.810391753728
9641,12093.461319500102
9642,5006.296435941131
9643,4421.418448150327
9644,5420.036994375956
9645,12826.65811528101
9646,2590.8900430682525
9647,4641.420814936908
9648,15593.344631784566
9649,6390.121727520829
9650,4877.9121390320015
9651,4545.988348701845
9652,4572.737565312399
9653,11902.768930594979
9654,10574.022168246469
9655,3584.0822425902206
9656,2017.3321040389278
9657,63540.488154390114
9658,57402.09156353076
9659,7121.177940636673
9660,6970.829259105116
9661,53399.57665573731
9662,5329.359467216274
9663,4028.1514670964734
9664,6232.20365945127
9665,2398.87542887943
9666,41647.98742425737
9667,5732.592888485557
9668,11092.367757041622
9669,4807.741980739674
9670,53195.3057331967
9671,6979.843972753473
9672,4096.353227777159
9673,28933.200101295384
9674,49948.74598342188
9675,62157.22091353983
9676,60807.12214446918
9677,11401.30685173671
9678,48284.12340962907
9679,41130.774946066034
9680,8018.522806619612
9681,5571.23633993471
9682,7372.115494189763
9683,10125.553314431056
9684,4217.513017437573
9685,8082.378772150852
9686,60812.991964372704
9687,3277.520053182814
9688,11575.803409566022
9689,2749.1676874466784
9690,56004.268303865254
9691,62945.581669565305
9692,7627.9863316098035
9693,4775.215999506214
9694,6273.255257438652
9695,51815.931268183995
9696,5746.400491699837
9697,51107.40317258175
9698,4959.770416156469
9699,63033.698444064874
9700,4952.476197807251
9701,63007.75590278444
9702,2405.3170673811737
9703,8732.460557670922
9704,12909.078294684456
9705,41160.43036387902
9706,6806.354368420604
9707,51535.98250694416
9708,7946.073713436523
9709,28741.765711902986
9710,3937.406793014482
9711,52780.618558587434
9712,3639.4727065838424
9713,16255.11239878403
9714,7649.46270815059
9715,4903.529325702948
9716,73548.1029385427
9717,5579.454473301967
9718,6633.580717380233
9719,5082.0917084043895
9720,9716.892514643052
9721,7850.129046228565
9722,22558.46317587935
9723,6095.4550756879
9724,75695.13783154846
9725,7497.825136984208
9726,45940.88632918915
9727,5338.706445367335
9728,34474.39527246833
9729,5322.64913152056
9730,5096.866629778746
9731,16462.422489538312
9732,5236.067215706988
9733,3753.79356435405
9734,2315.8778188081465
9735,6066.103714574563
9736,10164.909133798203
9737,6055.959714139974
9738,3470.5367229661742
9739,6356.524667873265
9740,6236.576753703543
9741,65014.075256863354
9742,10916.782188136884
9743,7819.605655510413
9744,41120.4524437279
9745,4838.131571341563
9746,6625.641893114452
9747,50252.057281225294
9748,4721.905990363473
9749,66703.09500248804
9750,6144.759331594907
9751,5542.127606491764
9752,53779.580472438945
9753,65246.79032310868
9754,6259.644309277033
9755,4892.325702952667
9756,42595.92459972133
9757,6170.109494729354
9758,3172.1492637024608
9759,11500.988831770293
9760,53689.412482348984
9761,3225.643672190903
9762,4902.540062025041
9763,45816.824224190845
9764,4342.38404579491
9765,2472.246925347412
9766,4887.169763344892
9767,9626.883860310292
9768,5945.43916649413
9769,5130.7181819055895
9770,6287.723849159642
9771,61253.05223065359
9772,6456.281015102194
9773,46394.080681389925
9774,10564.25922231119
9775,8776.143352742747
9776,38735.04705058644
9777,15441.940220763216
9778,5293.454157549747
9779,7594.7484541744825
9780,5293.467192660724
9781,2802.053077234764
9782,42885.323325055404
9783,6436.559906809626
9784,5134.939998826231
9785,50585.55436845953
9786,11055.044974407128
9787,1736.5423630717064
9788,52849.767506937205
9789,2770.8626465411953
9790,2947.048188370779
9791,4304.275433180012
9792,6023.908887245871
9793,50642.5042418161
9794,4176.189921009388
9795,14402.166782505605
9796,35518.63124150222
9797,58226.76086740009
9798,5265.782799845831
9799,52518.153773912505
9800,5128.79933620235
9801,13314.36632418571
9802,35269.06881789036
9803,3069.0712899544956
9804,10207.689290740951
9805,4074.476398509189
9806,14110.77511753598
9807,5679.452797887392
9808,57518.712292179196
9809,5988.397719227547
9810,5304.861556551696
9811,5293.173202804232
9812,6338.608466860635
9813,12196.414823980143
9814,8547.342414929157
9815,5963.624363448978
9816,6203.356510728141
9817,60425.647608696534
9818,47782.19137363137
9819,17365.550687727486
9820,4190.54276469419
9821,6626.684359387687
9822,11986.874386909698
9823,53744.629151280664
9824,5859.225865575298
9825,6378.710010498167
9826,59093.721656250804
9827,8386.920333030244
9828,28493.23706291733
9829,66598.21980875576
9830,14706.264824504224
9831,38014.55085852039
9832,3327.154251700643
9833,4821.747539569575
9834,5163.791102064613
9835,5934.445034660168
9836,42840.83014384116
9837,72529.06431782461
9838,4283.021234775272
9839,62065.744565354755
9840,8248.04628443357
9841,10654.790837345818
9842,4629.416811965833
9843,3624.1491555916646
9844,41768.16712002727
9845,4987.392958129161
9846,4192.126220414538
9847,14386.008517238843
9848,3046.7059298127597
9849,5403.795034700988
9850,4906.618311594415
9851,12775.861489838804
9852,4729.801426130904
9853,57608.1496704524
9854,5379.712590166001
9855,5375.363036587361
9856,53047.46975264524
9857,6995.567818077574
9858,11754.313862783034
9859,51251.174830450385
9860,51558.875913419695
9861,3328.766042142006
9862,34572.114614874474
9863,49077.959676611026
9864,35912.43611262595
9865,55237.52099274344
9866,3546.707528360301
9867,6361.0371476864
9868,63822.54318721761
9869,55343.996647027656
9870,7081.674238372821
9871,4517.4495097873005
9872,5247.565731131413
9873,46236.261147627905
9874,8472.384106832234
9875,60910.58212963359
9876,4181.753408419955
9877,4440.198658766118
9878,6460.03993199455
9879,6202.7062862552075
9880,3272.150661842059
9881,56075.17525050297
9882,63373.682640008665
9883,3938.0101473257073
9884,13900.236054135654
9885,49860.32857346338
9886,63171.64034351744
9887,3835.7493957487604
9888,56264.175238159194
9889,6072.989221578969
9890,39635.667294382336
9891,24025.90582508914
9892,3111.164951072492
9893,56354.43458054471
9894,4435.252997416919
9895,7933.907858198761
9896,4622.756542781204
9897,6864.370086720503
9898,5740.903606142205
9899,6451.2853745049415
9900,58582.9176255466
9901,5765.152712602953
9902,3554.317471109225
9903,5886.422061117166
9904,2415.4096859635474
9905,2219.01069204858
9906,11142.094902811828
9907,5491.33674524244
9908,6206.068646146278
9909,24933.36475681582
9910,3570.8390796855056
9911,60010.945511879654
9912,4843.465588387249
9913,9704.785428178104
9914,10565.24751062483
9915,8586.536707094932
9916,52058.85674041977
9917,49186.19880726418
9918,8369.375763860233
9919,14678.734145425304
9920,4880.510308631927
9921,55667.585572797616
9922,1700.014187046455
9923,4117.884191824527
9924,11702.39900582716
9925,7787.796655592741
9926,2674.09498341224
9927,55688.57396036053
9928,54355.64871609303
9929,3585.171022429292
9930,4046.0188647102273
9931,60772.93238720414
9932,3974.3127377145374
9933,6288.505675114335
9934,6456.774603609594
9935,9611.307961068582
9936,5922.7849334706025
9937,4115.905714877577
9938,4266.443018625741
9939,4318.455206415423
9940,4942.691060259567
9941,3946.7845514172272
9942,4732.081036203755
9943,5849.805701745758
9944,2670.5714214891514
9945,8239.609292082681
9946,4903.454966352819
9947,58095.178546014715
9948,51071.024492727694
9949,4643.37694701874
9950,7172.683142026776
9951,4977.113533399628
9952,4148.7173644877
9953,5290.15221445108
9954,55059.175294090994
9955,5499.912844736487
9956,3838.590952019114
9957,2492.4844970886134
9958,7360.743938182338
9959,5449.631763242573
9960,6269.278316179651
9961,6075.222416907965
9962,10563.457016707693
9963,54305.12425679088
9964,4396.371572844922
9965,7739.323623873857
9966,57666.23590714467
9967,56753.58033323931
9968,68288.30337670105
9969,6308.627596553726
9970,49643.802409916156
9971,16233.962011108197
9972,53650.022846305845
9973,52786.14947995022
9974,5487.088292523006
9975,2974.75101713563
9976,6039.303582103521
9977,5161.141163975362
9978,3191.91722809729
9979,2913.47582220195
9980,70331.36351329026
9981,45378.29784871511
9982,3989.4050606576207
9983,6202.933895256089
9984,2628.713407159199
9985,4768.679427253648
9986,5111.056525157345
9987,55234.34550181015
9988,5990.012362479683
9989,67048.05982366396
9990,7130.064580734454
9991,3015.504495399769
9992,4906.000081542941
9993,4491.6752622359745
9994,4258.738794011849
9995,3942.8492390333295
9996,5172.941241390052
9997,76292.97929604822
9998,54027.94367265263
9999,56349.446516491065
